Company Name,Current Rank,Previous Rank,Senior Executive Name & Title,Year established,Total number of WA Staff (including long term contractors),Number of truck drivers employed in WA,Total number of National Staff (including long term contractors),Number of trucks e.g asset base/fleet/number of pieces of equipment,Tonnes moved (annually),Number of branches/depots in WA,Branch Locations (suburb/town only),Footprint (in sqm),Number of Branches/Depots Interstate,Core Services: Regions Covered,Core Services: Industries Covered,Notable clients,WA Revenue most recent financial year,Is the organisation headquartered in WA?,Ultimate holding company
Hevihaul,,50,,1999,,,,24,,1,Welshpool,,,Australia wide,Mining,"Terex Corporation, Komatsu Australia, RCR…Terex Corporation, Komatsu Australia, RCR Tomlinson Ltd, and Austin Engineering.",,Yes,
K&S Freighters,49,29,Brett Niall(Branch Manager),1945,60,,"2,200","3,280",,3,"Alice Springs, Townsville, Brisbane, Darwin,…Alice Springs, Townsville, Brisbane, Darwin, Sydney, Portland, Melbourne, Geelong, Adelaide, Guildford, Dardanup and Kewdale.","Over 160,000 sqm of warehousing and a large range…Over 160,000 sqm of warehousing and a large range of rail and sea containers.",7,Australia wide and New Zealand.,"Provides road, rail and coastal sea forwarding in…Provides road, rail and coastal sea forwarding in support of full and  break bulk loads, including export packing, wharf lodgement and the delivery of integrated supply chain and systems solutions to key customers.","Bluescope, BHP, THe Laminex Group",,Yes,
Margaret River Transport,,,Steven Stokes(CEO),,,,,,,2,"Margaret River, Canning Vale",,,South West of WA,Wine industry,,,Yes,
Sands Fridge Lines,,,Anthony Sands(Director),1980,,,,,,1,Forrestfield,,,Western Australia,Refrigerated transport,,,Yes,
Serin Transport Group,,,Ray Serin(Director),,,,,,,,,,,,,,,,
SCT Logistics,27,14,Geoff Smith(Managing Director (since 2003)),1999,184,,735,,,1,"Altona VIC, Wodonga VIC, Penfield SA, Parkes NSW,…Altona VIC, Wodonga VIC, Penfield SA, Parkes NSW, Acacia Ridge QLD, Forrestfield WA",,6,Australia wide,"Rail and road linehaul services, refrigerated…Rail and road linehaul services, refrigerated transport services, contract management, warehousing with bonded and refrigerated facilities, distribution centre - design and development, tailored rail solutions including bulk haulage.",,,Yes,
UC Logistics,,,Urszula Kelly(General Manager),2015,,,,,,,,,,,,,,Yes,
Marley's Transport,41,,Stephen Marley(Chief Executive Officer),1969,80,,80,70,"1,500,000",2,"Merredin, Hope Valley",,,SW West Australia,Bulk Agricultural commodities and Livestock,,,Yes,
Allied Express,33,,Colin McDowell(Chief Executive),,125,,,"1,100",,1,Kewdale,,4,Australia wide.,Courier and express freight.,,,Yes,
Bluestar Global Logistics,62,,Jamie Kane(State Manager),,22,,,,,1,"Perth, Adelaide, Melbourne, Sydney, Brisbane",,4,"Australia wide, International","National transport, international freight…National transport, international freight forwarding, 3PL warehousing, and B2C Home Deliveries",,,Yes,
FedEx Express Australia,19,9,"Peter Langley(MD of Australia, New Zealand & Pacific Islands)",,NFP,,4030,,,,All capital cities and many major centres…All capital cities and many major centres throughout all of Australia.,,,Australia wide,Widest range of domestic and international…Widest range of domestic and international express delivery services.,,,Yes,
Border Express,42,28,Rob Walsh(General Manager - WA),,80,,1000,,,1,"Adelaide, Albury, Barnawartha, Brisbane, Canberra…Adelaide, Albury, Barnawartha, Brisbane, Canberra, Dandenong, Darwin, Geelong, Gold Coast, Mackay, Newcastle, Townsville, Tullamarine, Perth, Sydney.",11 depots,13,All of Australia.,"Network of line haul, warehouse, terminal and…Network of line haul, warehouse, terminal and distribution facilities.",,,Yes,
Agility Logistics,,,,,,,,,,,,,,,,,,,
Doolan's Heavy Haulage,56,,Troy Doolan(WA General Manager),1980,30,,80,,,2,"Port Hedland, Maddington",,1,WA,"Mining, manufacturing, major projects",,,Yes,
Z&A Transport,74,,,1987,8,,,20,,1,WATTLEUP,,,Western Australia,Semi Tipper services & Industrial Storage,,,Yes,
BT Group,69,,Phillip Mills(Chief Executive),2000,11,,125,300,,2,"Gillman SA, Wacol Brisbane, Pimba SA, Kalgoolie…Gillman SA, Wacol Brisbane, Pimba SA, Kalgoolie WA, Maddington WA","5 company , 7 agents",4,"WA, SA , NSW, QLD, Vic, Tas, NT","Mining, oil, gas, construction, hot shots,…Mining, oil, gas, construction, hot shots, oversize, over dimensional, mass, rig movements, camp mobilisation.",,,Yes,
Booth Transport,75,,Brian Booth(Managing Director),,8,,436,,,2,"Bibra Lake, Winfield, Tanunda, Sydney, Griffith,…Bibra Lake, Winfield, Tanunda, Sydney, Griffith, Laverton North, Mildura, Brisbane,Tas, Strathmerton",,10,Australia wide,,,,Yes,
Crown Relocations,52,39,Steve Blackwell(State Manager),1965,39,,220,60,15600,3,"Banyo, Smithfield, Braeside, Woodpark, Welshpool,…Banyo, Smithfield, Braeside, Woodpark, Welshpool, Tom Price, Kattatha, Queenbean","3, Perth , Karratha, Tom Price",5,Australia wide and international.,"Provide relocation services and intelligence to…Provide relocation services and intelligence to emigrating individuals and to transferring employees to assist in planning, living and working in a new place.","Rio Tinto, NAB, CBA, Westpac",$5.00m,Yes,Crown Worldwide (Aust) Pty Ltd
International Cargo Express,76,56,Ian McDonald(Director),1988,NFP,,65,,,1,"Sydney, Melbourne, Brisbane",,3,World Wide,International Freight and Logistics,"Betts Group, Allied Pumps, Sealanes",,Yes,International Cargo Express
Kent Removals & Storage,48,34,Gordon Lentz(State Manager),,60,,,,,,,,,,Removals Storage and Relocation,,,Yes,
J J Hawkins & Company,47,,David Hawkins(),1967,NFP,,,,,1,Landsdale,,,Western Australia,"Bulk Haulage and General Freight , Bulk…Bulk Haulage and General Freight , Bulk warehousing",,,Yes,
Lee's Transport,50,29,Robbie Lee(Managing Director),2006,55,,55,45,15000,3,"Kwinana, Naval Base, Karratha,","124,000 sqm",,Australia wide,"Transport, Heavy Duty Towing, Logistics and Heavy…Transport, Heavy Duty Towing, Logistics and Heavy Haulage","CB&I, John Holland, Downer, CKJV Gorgon, AGC,…CB&I, John Holland, Downer, CKJV Gorgon, AGC, Tenix, Schlumberger",NFP,Yes,
Northline,,27,"Brett Williams(Regional Manager, West)",1983,,,,,,2,"Adelaide, Melbourne, Sydney, Brisbane, Mackay,…Adelaide, Melbourne, Sydney, Brisbane, Mackay, Townsville, Cairns, Darwin, Katherine, Tennant Creek, Alice Springs, Perth and Broome.","13 branches nationally with over 110,000 m2 of…13 branches nationally with over 110,000 m2 of warehousing space across 8 national locations.",13,Domestic and international,"National Freight Management, Warehouse &…National Freight Management, Warehouse & Distribution, International Freight Management, Special Projects",,,,
Allwest Transport Service,71,,Michael Harders(Managing Director),1995,10,,,,,1,Forrestfield,,,Western Australia,"Local metropolitan haulage, heavy haulage,…Local metropolitan haulage, heavy haulage, oversize loads, shipping container logistics trailer, prime mover and telehandler hire","Sandvik, UGL, RCR Tomlinson, United Steel, Pindan…Sandvik, UGL, RCR Tomlinson, United Steel, Pindan Group",,Yes,
Toll Group,2,1,Thomas Knudsen(Managing Director),1980,NFP,,,"1,000",,130,All capital cities and major regional centres,More than 130 depots across the state,,"WA Country, interstate, global logistics",Transport and logistics,,$1.00bn,,Japan Post
WA Fuel,,,"Andrew Glover(Founder, Director)",,,,,,,2,"Kwinana, Kalgoorlie",,,,,,,Yes,
Silk Contract Logistics,,,Wayne Plecas(WA & SA State Manager),,,,492,,,1,"Derrimut, Port Melbourne, Erskine Park, Lytton,…Derrimut, Port Melbourne, Erskine Park, Lytton, Greenfields, Canning Vale.",,5,,,,,,
WA Universal Rigging & Cranes,,,Aaron Holding(General Manager),1985,,,,,,,,,,,,,,Yes,
G.H Country Courier,,,Raymon Proudlove(Managing Director),,,,,,,1,Geraldton,,,Western Australia,,,,Yes,
Australia Post,1,,,1975,"2,950",,,,,,,,,,,,,,
Austwide Storage and Logistics,,,,,,,,,,,,,,,,,,,
Coogee Freight Services,64,51,Paul Yakas(Managing Director),2007,20,,,,,2,Bibra Lake,,,Western Australia,"Mining, agriculture, wharf",,,Yes,
GBI Group,34,,Mark Gibson(Managing Director),1959,110,,,,,3,,20000m2,,Western Australia,Distributor of quality whitegoods and products to…Distributor of quality whitegoods and products to retailers and commercial markets. 3pl (Third Party Logistics) services.,,,Yes,
Armaguard,15,10,Mick Cronin(Chief Executive Officer),1962,350,,3000,,,4,,,38,Right across Australia,"CIT, precious cargo, FLM, SLM, security",,,Yes,
EES Shipping,66,50,Brian Hack(Managing Director),1986,20,,,6,,1,Cockburn Central,2500,,Primarily WA,International Freight Forwarding & Customs Broking,,,Yes,
3PL Warehouse Solutions Perth,73,81,Gerri Ranieri(Director),2020,9,,9,,,1,Cockburn Central,,,Perth; Western Australia,Warehouse storage; pallet storage; container…Warehouse storage; pallet storage; container inward clearing and receival; pick and pack; logistics; freight on-forwarding; distribution.,,NFP,Yes,
Chess Moving Perth,53,53,Nick D'Adamo(Chief Executive Officer),1977,NFP,,400,20,,1,Canning Vale,5000m2,11,Household Moving. Business Relocations. Library…Household Moving. Business Relocations. Library Relocations. Factory Relocations. Storage.,Removals storage and logistics,,$6.50m,Yes,
LR Logistics,43,,Andrew Lye(Managing Director),2013,72,55,85,47,8800,2,Wangara/Newman/Brisbane/Mackay,6500sqm,2,Australia Wide,Time Critical Transport,,,Yes,LR Hotshots Pty Ltd
Sadleirs,25,8,David Cole(Chief Executive Officer),1895,204,,350,,,4,,,6,"Australia, Worldwide","Australian Interstate Logistics, Regional Freight…Australian Interstate Logistics, Regional Freight, Warehousing + 3PL , Global Freight Forwarding, Project Cargo, Customs Brokerage, Packaging Products & Services and customised business solutions.","Chevron, Aldi",$200.00m,Yes,RC Sadleir Pty Ltd
Adlam Transport,51,50,Paul Adlam(Managing Director),1990,40,,,,,2,Perth & Karratha,,,Australia,Removals and Storage,,,Yes,
Bis,7,3,Simon Atkinson(Chief Executive),1915,"1,000",,1700,,,5,"Perth WA, Welshpool WA, Brisbane QLD, Mackay QLD,…Perth WA, Welshpool WA, Brisbane QLD, Mackay QLD, Newcastle NSW, Sydney NSW, Port Kembla NSW, Whyalla SA, Launceston TAS, Jakarta Indonesia",,10,"Australia, Indonesia","Off-road Load and Haul, Specialised Logistics,…Off-road Load and Haul, Specialised Logistics, Large Scale Infrastructure, Crushing and Mineral Extraction, Underground Equipment Services, Site Services",,,Yes,Carlyle and Varde Partners
Hampton Transport Services,13,10,Bart Jones(Managing Director),1977,353,,,,,2,"Kalgoorlie, Muchea",,,Most areas of Australia. Expertise in remote…Most areas of Australia. Expertise in remote transport.,"Mining and civil, heavy haulage, ore cartage…Mining and civil, heavy haulage, ore cartage,potable water, Drill & Blast",,,Yes,
Century West Transport Services,57,43,Haydn Reynolds(Managing Director),1978,30,,N/A,96,,2,Forrestfield and O'Connor,20000 SQM,,"Project Work, extendable trailers, North West W.A.",Road transport,,,Yes,
Norwest Crane Hire,,,"Bernie Johnson(Co-Founder, Managing Director)",2008,,,,,,3,"Port Hedland, Exmouth, Belmont",,,North-West,"Construction, Mining, Maintenance",,,Yes,
Coastal Midwest Transport,37,,Michael Wilden(General Manager),1987,100,,,200,"3,000,000",2,"Kalgoorlie, Welshpool","50,000 sqm",,General freight services between Perth and…General freight services between Perth and Kalgoorlie.,"Mining, engineering and construction.","Goldfields Australia, MacMahons, Silver Lake…Goldfields Australia, MacMahons, Silver Lake Resources, Northern Star, Evolution Mining, Red 5, Bureau Veritas",,Yes,
Centurion,6,6,Justin Cardaci(Chief Executive Officer),1971,"1,000",,1415,"2,000",954790,11,"Perth, Kalgoorlie, Newman, Carnarvon, Tom Price,…Perth, Kalgoorlie, Newman, Carnarvon, Tom Price, Karratha, Port Hedland, Broome, Albany, Bunbury, Kununurra, Darwin, Townsville, Mackay, Emerald, Rockhampton, Brisbane, Gladstone, Cloncurry, Mt Isa, Wangaratta",22 depots/branches,10,"Western Australia, Northern Territory, Queensland…Western Australia, Northern Territory, Queensland, Northern NSW, Victoria","Mining, construction, oil and gas, hospitality,…Mining, construction, oil and gas, hospitality, produce, retail","Rio Tinto, Woodside, Woolworths, Coles, CPM,…Rio Tinto, Woodside, Woolworths, Coles, CPM, Anglo American, BHP, Century Mining Limited",,Yes,CFC Group
Linfox,9,7,"Gary Pyne(President, Resources & Industrial West)",,NFP,,,,,12,,,,Australia and New Zealand,"Resources, industrial, dangerous goods, FMCG,…Resources, industrial, dangerous goods, FMCG, retail, healthcare & pharmaceuticals, beverages, dairy & fresh, government and defence",,,Yes,
Trans Global Projects Logistics,65,72,Michael Laloli(Business Development Manager),2015,20,,,,,2,"Brisbane, Melbourne, Perth, Bassendean",,2,Global,Project Logistics,,,Yes,
Aurizon,8,6,,2006,800,,5100,,,,"Pilbara, Leonora, West Kalgoorlie, Esperance,…Pilbara, Leonora, West Kalgoorlie, Esperance, Geraldton, Albany, Perth, Picton, Kwinana, Collie, Wagerup, West Merridan, Calcine",,,"Western Australia, New South Wales, Queensland","Transport, logistics, mining, agriculture,…Transport, logistics, mining, agriculture, industrials","Rio Tinto, Mineral Resources, Lynas, CBH, Alcoa,…Rio Tinto, Mineral Resources, Lynas, CBH, Alcoa, South 32 (Worlsey), Minara Resources, Karara Mining",,Yes,Aurizon Holdings
Refuel Australia,31,27,Ian Burrows(Managing Director),1998,140,,140,,150000000,10,,,2,WA & NT,"Fuel supply, Fuel cartage, Unmanned fuel stations…Fuel supply, Fuel cartage, Unmanned fuel stations, Regional Roadhouses",,,Yes,
Fremantle Steel Group,,,,1971,,,,,,,,,,,,,,Yes,
Alfasi Hire,,,,,,,,,,,,,,,,,,,
Odyssey Group,38,,Wesley van der Spuy(Chief Executive),2009,88,,12,2,,2,"Port Hedland, Geelong",,1,Port Hedland,Marine,"Pilbara Ports Authority, Fortescue Metals Group,…Pilbara Ports Authority, Fortescue Metals Group, BHP Billiton, Wilhelmsen Port Services, Seacorp, Svitzer Australia.",$22.00m,Yes,
East West Express,77,,"Richard Shingles(Manager, WA)",2018,7,,19,,,1,"Welshpool, WA; Dandenong South, VIC; Gillman, SA",3 depots,2,"WA, SA, VIC",Transport and Logistics,,,Yes,
Aramex,,,,,,,,,,1,Welshpool,,29,,,,,,
Worldwide Freight,70,55,Mark Rogers(Managing Director),2002,10,,,,,,,,,Australia and worldwide,"Air freight, container services, courier…Air freight, container services, courier messengers, express freight, freight forwarders.",,,Yes,Worldwide Freight Pty Ltd
Burk,23,,"Umar Farooq(Founder, Managing Director)",2019,210,,41,41,,4,,,1,WA,Fuel Transport and Distribution,,NFP,Yes,Umar Farooq Holdings
Quickmail,61,,Sophie Stott(Managing Director),1992,23,,23,,,1,Kenwick,4000sqm,,Australia,Warehousing and logistics solutions,Safestyle,NFP,Yes,Quickpack Holdings Pty Ltd
Freo Group,18,16,Sven Gade(President / CEO),1974,300,,1030,497,,10,"Kwinana, Pinjarra, Bunbury, Geraldton, Kalgoorlie…Kwinana, Pinjarra, Bunbury, Geraldton, Kalgoorlie, Leonora, Karratha, Port Hedland, Newman, Tom Price, Darwin, Brisbane, Nebo, Moranbah, Mt Isa, Dysart, Mt Thorley, Muswellbrook, Orange, Smeaton Grange and Melbourne",21 Depots,11,Australia wide,"Crane Hire, Heavy Lifting, Logistics and Heavy…Crane Hire, Heavy Lifting, Logistics and Heavy Haulage","BHPIO, Rio Tinto, Woodside, FMG, BP, Water…BHPIO, Rio Tinto, Woodside, FMG, BP, Water Corporation, BHPNiW, CSBP,TiWest",$295.00m,Yes,Berkshire Hathaway Inc
Rentco,35,,Bob Shier(Managing Director),1994,108,,,"1,200",,1,"Kewdale (WA), Wacol and Bohle (QLD), Winnellie …Kewdale (WA), Wacol and Bohle (QLD), Winnellie (NT), Laverton North (VIC), Ingleburn (NSW), Pooraka (SA)",,6,Australia wide,Transport equipment rental,,,Yes,
ASCO Australia,55,47,Warren McHardie(Managing Director),2009,NFP,3,60,50,,2,"Perth, Dongara and Darwin",,2,"Western Australia, Northern Territory and South…Western Australia, Northern Territory and South Australia/Queensland through partnership","Oil and gas (onshore and offshore), supply base…Oil and gas (onshore and offshore), supply base and materials management, transport and logistics and remote camp services","Mitsiu, INPEX, Darwin Port, Schlumberger, Baker…Mitsiu, INPEX, Darwin Port, Schlumberger, Baker Hughes, Beach Energy, ERL, Strike Energy",,Yes,ASCO Group
Northfleet,21,15,Toby Hagen(Managing Director),2006,250,,,250,,6,"Port Hedland, Karratha, Newman, Bunbury,…Port Hedland, Karratha, Newman, Bunbury, Hazelmere, Osborne Park",6,,All of Western Australia,"Mining, Construction, Residential and Commercial…Mining, Construction, Residential and Commercial Construction; Oil and Gas; Hire Industry",Rio Tinto; Woodside; BHP Iron Ore; Civmec;…Rio Tinto; Woodside; BHP Iron Ore; Civmec; Primero; Melchor; Department of Communities; Mallard Contractors; Monadelphous; Coates; Onsite; Access Hire; Fleetwood; Ausco; Atco; Macs,,Yes,
BGC Australia,39,,Daniel Cooper(Chief Executive),1974,NFP,NFP,,,,2,,,,Whole of Western Australia,Building and construction industries;…Building and construction industries; Agricultural industries,,NFP,Yes,N/A
Saltbush Contracting,30,,Lachlan Jones(General Manager),2004,165,75,,35,,4,,,,Western Australia,"Off-Road Mining Bulk Haulage, On-Road Mining Bulk…Off-Road Mining Bulk Haulage, On-Road Mining Bulk Haulage, Heavy Haulage, Freight & Logistics",,,Yes,
Sykes Transport WA,44,43,David Sykes(Managing Director),1959,NFP,40,,150,200000+,2,"Kewdale, Kalgoorlie","Perth depot - 21,000sqm,  Kalgoorlie depot - 12…Perth depot - 21,000sqm,  Kalgoorlie depot - 12,000sqm",,"Perth Metro, Kalgoorlie, Goldfields, Pilbara","General Transport; Perth to Kalgoorlie Transport;…General Transport; Perth to Kalgoorlie Transport; Controlled Waste; Dangerous Goods; Tanker Freight; Container Handling; Storage and Distribution; mining, civil, sensitive & general freight for all market sectors statewide. Licensed public weighbridges.","Lynas, IXOM, Iluka Resources, Tellus Holdings,…Lynas, IXOM, Iluka Resources, Tellus Holdings, United Industrial, Office National, Godfrey Hirst, Dunlop Flooring",NFP,Yes,
Bishop's Transport,26,28,Geoff Bishop(Managing Director),1972,200,100,250,600,,12,"Perth , Broome, Carnarvon, Derby, Karratha,…Perth , Broome, Carnarvon, Derby, Karratha, Kununurra, Port Hedland, Darwin, Newman, Onslow, Fitzroy Crossing and Halls Creek",,1,Road train services to North West WA areas. All…Road train services to North West WA areas. All other transport needs Australia wide.,"All forms of road transport and licensed to…All forms of road transport and licensed to transport all dangerous goods including explosives, radioactive, ammonium nitrate and controlled waste.",,,Yes,
B & J Catalano,14,10,"Bill Catalano(Co-Founder, Managing Director)",1962,NFP,,,250,,3,,,,Western Australia,"Civil & Mining, Bulk Haulage, Materials Supply,…Civil & Mining, Bulk Haulage, Materials Supply, Bulk Storage, Port Services, Equipment Hire, Contract Crushing Hard Rock Quarry","South West Gateway Alliance, MRDWA , Talison…South West Gateway Alliance, MRDWA , Talison Lithium, South 32, KSS, MACA, Tronox, Fulton Hogan, Veolia, WAPRES, Bunbury Fibre, Shire of Harvey, Shire of Manjimup, Shire of Victoria Plains, City of Kalamunda, City of Swan, EMRC, Shire of Kulin",NFP,Yes,
MGM Group,12,,,2004,400,,,200,,,,,,,,,,Yes,
Simon National Carriers,59,46,Clarry Wrensted(WA Manager),1973,NFP,NFP,333,380,,1,"Adelaide, Brisbane, Darwin, Melbourne, Perth,…Adelaide, Brisbane, Darwin, Melbourne, Perth, Sydney, Toowoomba, Townsville","133,000m2",7,Australia Wide,"Manufacturing, construction, mining, oil and gas.",,,Yes,Simon Transport Pty Ltd
LN Price and Partners,32,28,Allan Price(General Manager),1984,140,90,,100,220000,3,"Busselton, Maddington, CanningVale",3 depots,,WA,"Transport and distribution, retail, licensed Post…Transport and distribution, retail, licensed Post Office, scrap metal, transport driver training school, Commercial Property and Hair Salons",,$30.00m,Yes,LN Price and Partners PTY LTD
GKR Transport,40,33,"David Searle(State Manager, WA)",1985,80,,190,218,,1,"Welshpool, Truganina, Regency Park, Villawood,…Welshpool, Truganina, Regency Park, Villawood, Redbank",,4,"WA, NSW, VIC, SA and QLD","Interstate linehaul, warehousing, storage and…Interstate linehaul, warehousing, storage and distribution",,,Yes,Logistics Holdings Australia
QUBE Holdings,3,2,"Darren Byrne(General Manager, SA & WA)",1999,"1,600",,8500,"1,650",,13,"Fremantle, Esperance, Bunbury, Keysbrook,…Fremantle, Esperance, Bunbury, Keysbrook, Rockingham, Geraldton, Karratha, Dampier, Port Hedland, Utah Point, Kalgoorlie","500,000",130,Australia-wide - Metropolitan and Regional,"Retail, industrial, mining, automotive,…Retail, industrial, mining, automotive, agricultural",,,,
Tidy Up,68,57,Anthony Berry(Business Development Manager),1975,12,5,,5,11000,2,Bull Creek and Cockburn Central,Home office and yard 2500m2,,Perth metro and surrounds.,Waste management (hands-on rubbish removal),"US Consulate, Westplex, City of Armadale, Royal…US Consulate, Westplex, City of Armadale, Royal Perth Hospital, Seed Heritage stores",$1.51m,Yes,Berry Family Trust
Sullivan Logistics,45,,Tim Sullivan(Director),1995,NFP,,,130,,35,,,,"Perth metro, Goldfields, South West, Great…Perth metro, Goldfields, South West, Great Southern , Midwest , South Eastern.",,,,Yes,
Matic Group,10,8,Danny Matic(Managing Director),2002,NFP,NFP,535,"1,100",,14,"Bibra Lake 1 - 7, Hope Valley, Geraldton,…Bibra Lake 1 - 7, Hope Valley, Geraldton, Karratha, Tom Price, Newman, Darwin, Alice Springs, Adelaide",17 Depots,3,"Western Australia, Northern Territory, South…Western Australia, Northern Territory, South Australia","Pneumatic Tankers, Heavy Haulage, PUD, Express…Pneumatic Tankers, Heavy Haulage, PUD, Express Freight, Hot Shots, HME Tyres Transportation & Storage, Specialised & DG, Project Logistics, Storage, General Freight, Lead Logistics Provider (LLP)","Rio Tinto Iron Ore, Adbri, Cockburn Cement,…Rio Tinto Iron Ore, Adbri, Cockburn Cement, Northern Cement, Boral Australia, Summit Fertilizers, Natrio",,Yes,Matic Transport Pty Ltd
Allied Moving Services,29,22,Tony Donellan(Director Moving Services AU/NZ),1980,155,40,600,105,,8,"Perth, Kalgoorlie, Albany, Bunbury, Karratha,…Perth, Kalgoorlie, Albany, Bunbury, Karratha, Newman, Broome, Port Hedland",42 branches,42,Global,Relocation services,,,,SIRVA Inc
CTI Logistics,5,3,David Watson(Executive Chair),1973,"1,020",243,1290,760,,20,"West Perth, Bibra Lake, Welshpool, Bassendean,…West Perth, Bibra Lake, Welshpool, Bassendean, Kewdale, Hazelmere, Forrestfield, Bunbury, Albany, Karratha, Broome, Altona, Laverton, Truganina, Ormeau, Cardiff, Gregory Hills, Ingleburn, Edinburgh, Wingfield, Berrinba, Geraldton, Kalgoorlie, Port Hedland","533,500 sqm",10,"Western Australia, NSW, Victoria, Queensland and…Western Australia, NSW, Victoria, Queensland and South Australia","Transport, warehousing, distribution and supply…Transport, warehousing, distribution and supply chain logistics",,$321.16m,Yes,CTI Logistics Limited
Watco Australia,36,,Gavin Bignell(Managing Director),2011,100,,400,,,4,"Kalgoorlie, Rockingham, Fremantle Forrestfield",,6,Regions services by Arc Infrastructure and…Regions services by Arc Infrastructure and Queensland Rail networks,"Intermodal Freight, Mining, Grain, Rail…Intermodal Freight, Mining, Grain, Rail Infrastructure and Livestock",,,Yes,
Countrywide Fridge Lines,60,,Thomas Tsouris(Managing Director),2005,25,13,25,41,,1,Maddington,,,"Gascoyne, Goldfields-Esperance, Great Southern,…Gascoyne, Goldfields-Esperance, Great Southern, Mid West, Pilbara, South West","Refrigerated freight, general freight, dangerous…Refrigerated freight, general freight, dangerous goods",,,Yes,
KTrans,16,17,Wade Jolly(Managing Director),1998,320,240,,700,,4,"Kenwick (WA) , Welshpool (WA) and Karratha (WA)",140000sqm,,Australia wide,"Specialists in 3PL contract linehaul, bulk waste…Specialists in 3PL contract linehaul, bulk waste transport, contract mine services, container unpacks and wharf cartage, Bulk Gas and General Transport and Distribution",,,Yes,
LINX Cargo Care Group,24,18,,2016,208,,"3,200",,,8,"Dampier, Geraldton, Fremantle, Bunbury, Albany,…Dampier, Geraldton, Fremantle, Bunbury, Albany, Esperance",8 depots,27,,"Mining, agriculture, oil & gas, bulk products,…Mining, agriculture, oil & gas, bulk products, motor vehicles, wood/fibre",,,,
REGROUP,17,,Michael Still(Managing Director),2006,300,220,350,500,24000000,4,"Port Hedland, Derby, Perth, Kumarina, Mt Isa",100000,1,"WA, QLD","Mining, Civils, Bulk Haulage, Logistics,…Mining, Civils, Bulk Haulage, Logistics, Renewables","Newmont, Greatland, MRL, SO4, Element 25,…Newmont, Greatland, MRL, SO4, Element 25, Glencore, Austral Resources, Han Roy, FMG, Kimberley Mineral Sands, Strandline Resources, Goldfields, BHP, CTI Logistics, South 32",$140.00m,Yes,
Geodis Australia,63,53,"Stuart Littlefair(General Manager, WA)",,NFP,,,,,,,,,Worldwide,"Freight Forwarding, Customs Brokerage, Warehousing",,,,
Mattben Pty Ltd TAs Freight Lines Group,20,17,Michael Harding(Managing Director),1989,260,123,260,180,,8,"Esperance, Welshpool, Kewdale, Ravensthorpe,…Esperance, Welshpool, Kewdale, Ravensthorpe, Geraldton, Kalgoorlie, Albany, Denmark","Perth, Geraldton, Albany, Esperance, Ravensthorpe…Perth, Geraldton, Albany, Esperance, Ravensthorpe, Kalgoorlie",,"Perth, Midwest, Goldfields-Esperance, South West,…Perth, Midwest, Goldfields-Esperance, South West, Great Southern, Pilbara","General freight, FMCG, mining transport, bulk…General freight, FMCG, mining transport, bulk agricultural transport, Fuel transport.","CBH, CSBP, Woolworths, Kmart, FQM, IGA's, Nufarm,…CBH, CSBP, Woolworths, Kmart, FQM, IGA's, Nufarm, Nutrien, 29 Metals, Galaxy Metals, Lynas Rare Earth, Evolution Mining",$140.00m,Yes,Mattben Pty Ltd
Antrak Logistics,58,,"Ted Del Borello(General Manager, Operations )",1995,28,,,,,1,,,,Western Australia,Global transport & logistics services specific to…Global transport & logistics services specific to the mining & resource sectors,"Newmont, Endeavour Mining, Perseus Mining,…Newmont, Endeavour Mining, Perseus Mining, Fortescue, Lycopodium, Ausenco",NFP,Yes,Ceva Logistics
Prime Global Logistics,67,59,"Mundi Puvanendran(Founder, Managing Director)",2016,17,,25,,,1,"Welshpool (WA), Hemmant (QLD)",10500sqm,1,Global,Global Logistics,"Pilbara Minerals, Minerals Resources, Strandline…Pilbara Minerals, Minerals Resources, Strandline Resources, Primero Group",,Yes,Prime Global Logistics
Fuel Distributors of Western Australia,28,23,Craig Burrows(Managing Director),1999,165,,,92,600000,8,"Kwinana, Moora, York, Pingelly, Narrogin, Wagin,…Kwinana, Moora, York, Pingelly, Narrogin, Wagin, Albany, Bunbury",,,"Southern half of WA, servicing Albany to…Southern half of WA, servicing Albany to Geraldton and across to Kalgoorlie","Primary producer, transport, earthmoving, marine,…Primary producer, transport, earthmoving, marine, retail",Chevron,,Yes,
Ashburton Crane Hire,54,,Guy Black(Managing Director),2005,NFP,6,,35,1000,2,High Wycombe and Port Hedland,2,,"Perth Metro, Wheatbelt, Pilbara","Construction, maintenance, crane hire, riggers,…Construction, maintenance, crane hire, riggers, transport",,NFP,Yes,Blaize Holdings PTY LTD
Goldstar Transport,11,16,Sean Carren(Managing Director),2004,470,,,650,,10,Kewdale,"Transport yard, office and warehouse, 9 offsite…Transport yard, office and warehouse, 9 offsite locations",,"Perth metropolitan, regional Western Australia…Perth metropolitan, regional Western Australia and selected interstate routes.","Diversified transport services in Perth metro and…Diversified transport services in Perth metro and regional Western Australia with an extensive fleet servicing clients in the FMCG, retail, mining, steel, container, warehousing, construction and agricultural industries.","Coca Cola Europacific Partners, Woolworths,…Coca Cola Europacific Partners, Woolworths, Mineral Resources, Air Liquide, Bluescope Steel, Ceva Logistics, GR Engineering Services, Kimberley Clark, SSAB, Coates Hire, CBH, Iplex, Capral, Vault Minerals, Monde Nissin",,Yes,
MLG Oz,4,,"Murray Leahy(Founder, Chief Executive, Managing Director)",2002,"1,375",,1400,"1,250",,32,,,1,"Pilbara, Murchison, Goldfields, Esperance,…Pilbara, Murchison, Goldfields, Esperance, Wheatbelt, Perth, South west and the Northern Territory",Mining,"Northern Star Resources, Gold Fields, Ramelius…Northern Star Resources, Gold Fields, Ramelius Resources, Westgold, Newmont Corporation, Evolution Mining, Vault Limited, Genesis Minerals, Fortescue, Ora Banda Mining, Roy Hill",,Yes,
Instatruck,72,,Anthony Tascone(Chief Executive),2015,10,20,,,,,"Perth, WA",,,,,,,Yes,
PEP Transport,,,Tabita Trewin(General Manager of Sales and Service),1968,,,,,,6,"Kewdale, Kalgoorlie and Mackay",,1,"Parcels, Couriers, Rapid Express Couriers, Taxi…Parcels, Couriers, Rapid Express Couriers, Taxi Trucks, 3pl Warehousing and 24/7 Hotshots.","All industry areas – including transport, mining,…All industry areas – including transport, mining, resources, energies, medical, hospital, construction, hardware, government, hospitality, consumer industries, wholesale/ retail, supermarkets.",,,Yes,
Campbell Transport,22,,"David Campbell(Founder, Managing Director )",1997,250,,,120,,4,"Perth, Jerramungup, Port Hedland, Esperance.",,,"Great Southern, Southern, Pilbara.","Agricultural, mining, food, industrial,…Agricultural, mining, food, industrial, automotive and machinery.",,,Yes,
Fyfe Transport,,,,,,,,,,,,,37,,,,,,
Lindsay Australia,,,Clay McDonald(Chief executive),,100,,,210,,,,10000,,,,,,,
Frontier Helicopters,,,,,,,,,,,,,,,,,,,
