Company Name,Current Rank,Previous Rank,Senior Executive Name & Title,Year established,Total staff in WA,No. of mining contracting staff: in WA,No. of mining contracting staff: Interstate,Notable clients,Offices in WA,Offices interstate,Services offered,% of work Mining,Mining Areas covered,Mining services revenue most recent year,Mining services revenue previous year,WA Revenue most recent financial year,WA Revenue previous financial year,Is the organisation headquartered in WA?,Ultimate holding company
Westernex Supply,120,,John Wilder(Managing Director),1988,22,,,NFP,2,,Mining and exploration supply,,All of Australia and worldwide,,,NFP,NFP,,N/A
Titan Plant Hire,101,,,2001,45,,,Listed Mining Companies,2,1,Hire of heavy earthmoving plant & equipment,,Statewide,,,NFP,NFP,,
Rapid Alliance,103,,Emidio Giardini(Chairman),2011,40,,,"Hamersley Iron, Alcoa World Alumina, Hatch, MPDJV…Hamersley Iron, Alcoa World Alumina, Hatch, MPDJV, Proteus EPCM Engineers, GR Engineering,  Laing O\'Rourke, Roche Mining",1,,"Shop drawings, NC files, DXF files, 2D & 3D…Shop drawings, NC files, DXF files, 2D & 3D erection drawings, clash checking, navisworks models.",,All,,,NFP,NFP,Yes,
Shelf Subsea,,,,2015,,,,,,,,,,,,,,,
Nagrom,,,Rick Murphy(CEO),1978,,,,,,,,,,,,,,Yes,
Stella Industrial,,,,2010,,,,,,,,,,,,,,Yes,
Klen International,,,James Morrison(Managing Director),1971,,,,,,,Leading supplier of high quality fire assay fluxes,,,,,,,Yes,VWR
Ultramax Systems,,,,1987,,,,,1,1,,,,,,,,Yes,
Orbit Drilling,,,Martin Smith(Managing Director),1995,,,,,,,"Exploration drilling, field support trucks,…Exploration drilling, field support trucks, portable on-site accommodation and communication facilities",,,,,,,Yes,
Bunzl Safety,,,Mimmo Audino(Regional General Manager WA),,,,,,,,,,,,,,,,
Kwik-Zip,,,,,,,,,,,,,,,,,,Yes,
Molycop,,,"Rod Price(State Account Manager, WA)",1965,,,,,2,3,,,,,,,,,
Access Group Australia,,,John Jones(Executive Chair),2002,,,,,,,,,,,,,,Yes,
Tracerco,,,,,,,,,,,,,,,,,,Yes,
Stealth Group Holdings,,,Mike Arnold(Group Managing Director & Chief Executive),2014,,,,,1,1,,,,,,,,Yes,
Saferight,,,Mack McCormack(Managing Director),1990,,,,,,,,,,,,,,Yes,
Emeco Holdings,,,"Ian Testrow(Chief Executive, Managing Director)",,,,,,,,,,,,,,,Yes,
Qteq,,,Simon Ashton(Executive Chair),2017,,,,,,,,,,,,,,Yes,
H-E Parts International Crushing Solutions,80,,Gordon Fogwill(Chief Executive Officer),1988,85,,,"BHP, FMG, Rio Tinto, Nemont, Boral, Northern Star",1,3,"Offer solutions in support of surface mining…Offer solutions in support of surface mining equipment fleets, crushing and materials processing and mobile construction equipment fleets.",,"Pilbara, Mid-West, Goldfields, South West",,,NFP,,Yes,
Kennards Hire,57,,Aaron Meadows(Regional Manager),2000,150,,,,22,155,"Kennards Hire is Australia’s #1 family-owned…Kennards Hire is Australia’s #1 family-owned supplier of high quality, hire equipment. From DIY through small-medium projects to large construction sites, their equipment range is available to hire and make your job easy.",,,,,,,,
Sullair Australia,122,41,,,20,,,"Rio Tinto, BHP, Anglo Gold, Anglo Coal,",1,7,"OEM Equipment supply
Installation
Commissioning…OEM Equipment supply
Installation
Commissioning
Maintenance",70,"Pilbara, Goldfields, Kimberley",,,,,Yes,
Onsite Rental Group,,,,2005,,,,,10,20,,,,,,,,,
Excel Robotics,104,,Dan Leech(Managing Director),2006,40,,,"Schenck, Metso, FLSmidth, Joest,",5,,,75,Global,$8.00k,$7.00k,$9.50k,$6.28k,Yes,
Premium Mechanical,,,,2006,,,,,1,4,,,,,,,,Yes,
Webforge,,,Peter Marijanich(State Manager WA),,,,,,,,,,,,,,,Yes,
DIAB Engineering,,,Glen Payne(Chief Executive),1970,,,,,,,,,,,,,,Yes,
Thrifty Car & Truck Rental,51,,Keith Bedell(Owner & Managing Director),1978,180,,,"Rio Tinto, Woodside, Monadelphous, Citic Pacific…Rio Tinto, Woodside, Monadelphous, Citic Pacific Mining, YEM Technology, Mineral Resources, Downer, Minprovise, Rock on Ground, Breight Group (previously known as Pilbara Access)",17,,"Vehicle rental (cars, trucks, 4WD's, buses, Van's…Vehicle rental (cars, trucks, 4WD's, buses, Van's, utes) for short term & long term, mining specialists, leasing, mechanical servicing & repairs, vehicle sales, smash repairs, complete fleet management solutions.",75,"Western Australia Wide - Pilbara, Goldfields, Mid…Western Australia Wide - Pilbara, Goldfields, Mid-West, Gascoyne, South West, Wheatbelt, Kimberley, Peel, Great Southern",,,,,Yes,
Robit,,,Mark McGrath(Regional Sales Manager Australasia),,,,,,,,,,,,,,,Yes,
Mining & Process Solutions,,,Ivor Bryan(Managing Director),2014,,,,,,,,,,,,,,Yes,
METS Engineering Group,134,,Damian Connelly(Principal Consulting Engineer),1988,15,,,Please call for disclosure,1,,Engineering services - processing/ metallurgy/…Engineering services - processing/ metallurgy/ mechanical/ structural/ civil/ electrical,80,Global,NFP,NFP,$1.30m,$1.30m,Yes,
Orontide Group,28,8,,1979,330,,,"BHP, Rio Tinto, FMG, Roy Hill, Nickel West,…BHP, Rio Tinto, FMG, Roy Hill, Nickel West, Worsley, South32",5,,"Engineering, maintenance, preservation,…Engineering, maintenance, preservation, manufacturing, fabrication",70,"Pilbara, Mid-West, Goldfields, South West, South",,,NFP,NFP,Yes,Orontide Group Limited
e Fire & Safety,88,28,Richard Elkington(Chief Executive Officer),1999,61,,,"Australian Contract Mining, WESTGOLD, GBF…Australian Contract Mining, WESTGOLD, GBF Undergroung, Schramm Australia",3,1,"Vehicle suppression system, extinguishers, foam…Vehicle suppression system, extinguishers, foam systems , gas suppression system, fire panel and detection systems.",15,"Pilbara, Kalgoorlie ,Newman",,,,,Yes,E Group
Precision Exploration Drilling,123,58,,2018,20,,,"Red 5, Atlas Iron",1,,RC drilling,100,All WA,,,,,Yes,
Hampton Mining and Civil,24,7,Rebekka Bargiev(Executive Assistant),1977,400,,,"Northern Star, Westgold, Saracen, Kimberley…Northern Star, Westgold, Saracen, Kimberley Metals Group, Sandfire Resources, Minjar Gold, Mincor",2,,"Open pit mining, ore haulage, heavy equipment…Open pit mining, ore haulage, heavy equipment hire, heavy haulage, potable water, drill and blast, crushing and screening services, haul road construction/maintenance, tailings dams etc",,All of WA,,,,,Yes,
Rock on Ground,65,,Alan Vickery(Managing Director),2005,NFP,NFP,,,2,,"Drilling, Blasting, Explosives Supply, RC Grade…Drilling, Blasting, Explosives Supply, RC Grade Control Drilling",,,,,,,Yes,
Mine Tech Australia,,,Brendan Tritton(Managing Director),,,,,,,,,,,,,,,Yes,
SMS Group Services,58,,"Mark Welsh(Founder, Managing Director)",2001,150,120,,Karara Mining,2,,,80,"Pilbara, Kimberley, Northwest, Southwest,…Pilbara, Kimberley, Northwest, Southwest, Goldfields",$18.00m,,$25.00m,,Yes,
EnerMech,72,,,2009,100,,,,2,5,,,,,,,,Yes,
Fox Transportables,,,Nicholas Berry(Managing Director),2009,,,,,,,,,,,,,,Yes,
ABC Refinery,,,,2016,,,,,1,4,,,,,,,,,
Callidus Welding Solutions,93,,Ed Pepper(Chief Executive Officer),2003,NFP,NFP,,"HPAL, Pressure Oxidisation and Oil and Gas…HPAL, Pressure Oxidisation and Oil and Gas process operators",1,,"Maintenance, repair and fabrication of exotic…Maintenance, repair and fabrication of exotic material process equipment. Cladding and overlay of wear and corrosion resisting materials",90,,NFP,NFP,NFP,NFP,Yes,Callidus Process Solutions
Rocks Gone,,,Joanne Pannell(General Manager),2010,,,,,,,,,,,,,,Yes,
Oropesa Port Management,,,Michael Edwards(Chief Executive),,,,,,,,,,,,,,,Yes,
AIE,135,90,"Kale Billett(Managing Director, Principal Engineer)",2014,15,,,,2,2,"Engineering consulting, structural integrity…Engineering consulting, structural integrity inspections, civil engineering, structural engineering, drafting, Cathodic protection.",80,,,,,,Yes,
United Fluid Power,,,,,,,,,2,,"Consultancy on system design, system improvement,…Consultancy on system design, system improvement, project management, manufacturing and installation.

Pprovide an excellent aftermarket service of hydraulic systems and components, which includes a 24hr call out service with qualified hydraulic technicians to handle all types of mining and offshore equipment.",,,,,,,Yes,
HiSeis,111,,"Ron Schop(Chief Executive, Managing Director)",2009,26,,,,,,Seismic surveying,,,,,,,Yes,
Pressure Dynamics,94,,Snezan Makic(Managing Director),1979,50,,,"Rio Tinto, FMG, Metso, FLSmidth, Ventia,…Rio Tinto, FMG, Metso, FLSmidth, Ventia, Monadelphous",2,1,"Pressure Dynamics are Specialist Hydraulics &…Pressure Dynamics are Specialist Hydraulics & Lifting Solutions engineers and contractors for the:
- design, manufacture, installation and commissioning;
- provision of subject matter experts on and off site in specialist maintenance services
- provision of specialist rental equipment to facilitate work scopes on site
- inspection, maintenance and repair;
- hose integrity management;
- flexible hose assemblies and hydraulic componentry sales;
- storage, maintenance, and preservation of customer equipment;
- asset management and condition monitoring;
- reliability engineering and engineering consulting; and
- modelling, simulation, and training.",40,Pilbara region,,,,,Yes,Pressure Dynamics International Pty Ltd
Tricon Drilling Solutions,112,,Scott Gillam(Chief Executive Officer),2001,26,,,"Anglo American, BHP, RTIO, Glencore",1,2,Manufacturer and supplier of blast hole drilling…Manufacturer and supplier of blast hole drilling consumables to the surface mining industry.,90,"WA, QLD & NSW & Africa / PNG",,,,,Yes,
Tasman Rope Access,27,19,Brendan Halstead(General Manager),2015,350,,,"Rio Tinto Iron Ore, Fortescue Metals Group,…Rio Tinto Iron Ore, Fortescue Metals Group, AngloGold Ashanti, Newmont, Western Areas, Dampier Salt. Gold Fields",1,2,"Comprehensive rope access maintenance services…Comprehensive rope access maintenance services for short or long term shutdowns and projects; Efficient means of access to difficult to reach areas of critical fixed plant equipment; Inspection services for hard to reach areas, including NDT testing; Full wear plate/liner installation services; Crushing, screening, sampling, overland conveyor maintenance; Processing and manufacturing plant installations and upgrades; Planning for shutdown works; Site supervision for shutdowns/projects; Providing full inspection and testing services; Site support service 24 hours 7 days a week; Full commissioning support/service.",85,"Coastal, Pilbara, Kimberley, Goldfields",,,,,Yes,
CDMS Consulting Engineers,136,87,Damien Connelly(Principal Consulting Engineer),1986,NFP,,,,1,,Engineering services,NFP,Global,,,NFP,NFP,Yes,Design Engineering Pty Ltd
Total Plant Hire,137,,Brad Norris(Managing Director),2008,NFP,,,,,,,NFP,"Pilbara, Kimberley, South West, Metro, Peel,…Pilbara, Kimberley, South West, Metro, Peel, South Australia, NSW, Victoria, Tasmania",,,,,Yes,
Trenchless,124,,Craig Carty(General Manager),1996,20,,,,,,"•	Optic Fibre Zero Tension Ploughing/Plowing
•…•	Optic Fibre Zero Tension Ploughing/Plowing
•	Horizontal Directional Drilling (HDD)
•	Trenching Rock Sawing Rock Wheel, Excavation Chain Trenching
•	Pipe And Cable Plowing
•	Pipeline, Conduit, Cable, Pit And Pipe Works",25,,,,,,Yes,
FLSmidth,43,,"Tamer Eid(President, APAC Mining)",,200,,,,1,5,Engineering and mining services in materials…Engineering and mining services in materials handling and mineral processing.,100,Australia and South East Asia,,,,,,
Taranis Power Group,125,,Joe Vetrone(Managing Director),2014,NFP,,,"Roy Hill, Rio Tinto, Energy Developments",2,,"Equipment Sales and Hire of VarioGen Generators…Equipment Sales and Hire of VarioGen Generators. Construction and installation of Power stations, switch rooms and power distributions. Site support; servicing and repairs of generators .",NFP,"Pilbara, Kimberley",,,,,Yes,
MMD Australia,113,,Lee Hillyer(Managing Director),2013,25,3,,"FMG, Rio Tinto, BHP, Glencore, Iluka Resources",1,3,"Sizers, Apron Feeders, In Pit Sizing Solutions,…Sizers, Apron Feeders, In Pit Sizing Solutions, Servicing",95,"Pilbara, Goldfields, Perth Metro, South West",$30.00m,,,,Yes,MMD Group Ltd
Plantman Equipment,105,69,Michael Elliot(Managing Director),1992,40,,,,1,,"Plantman Equipment is a privately owned and…Plantman Equipment is a privately owned and operated company delivering a broad range of heavy equipment products and services to the Australian & International mining, civil and construction industries.

The company provides mobile equipment for sale or rent, together with maintenance, parts, engineering, and fabrication services. Its workshop and field departments have continuing and ongoing commitments to a variety of top tier clients who contract Plantman Equipment to complete mechanical and electrical repairs, fabrication and engineering rebuilds and modifications.

Commencing operation in 1992, Plantman Equipment has been a pioneering developer of mining service vehicles, and now designs and manufactures a range of over 25 different service vehicle modules from its main production facility in Perth, Western Australia.

Today Plantman Equipment is known across the earthmoving industry for consistently delivering mine specification equipment, backed by comprehensive service and support programs. 

With clients in 12 countries around the world Plantman Equipment has the proven experience and industry knowledge to handle the largest earthmoving projects.",80,Australia-Wide & Internationally,,,,,Yes,
Major Drilling,,,,2021,,,,,,,,,,,,,,Yes,
Talisker Equipment,118,,"Ricky Berryman(Director, Operations Manager)",2018,24,24,,,1,,,100,,NFP,,NFP,,Yes,
Intertek,20,,,,500,,,,6,19,,,,,,,,,
Enerflow Mining Services,,,"Craig Johnston(Co-Founder, Managing Director)",2012,,,,,1,,Heavy mobile equipment rental and maintenance.,,,,,,,Yes,
Norcliffe Mining Services,,,"Charles Massarella(Founder, Managing Director)",2020,,,,,1,,,,,,,,,Yes,
MICROMINE,71,,Andrew Birch(Chief Executive),1986,103,,,"BHP, MMG, Rio Tinto, Kirkland Gold, Newcrest,…BHP, MMG, Rio Tinto, Kirkland Gold, Newcrest, Newmont, Norilsk Nickel",1,2,"Mining software solutions spanning the entire…Mining software solutions spanning the entire mining process from geological exploration and 3D mine design to mine production management, mine production control and data management solutions.",85,,,,,,Yes,
DRA Global,,,"James Smith(Chief Executive, Managing Director since 2023)",2018,,,,,1,2,"DRA Global’s customised mining solutions include…DRA Global’s customised mining solutions include mining method selection, design, planning and full management of mining contractors to assist client teams.The organisation’s global team boasts impressive 600 years of combined experience in mining engineering. Project teams advise clients on the related areas of surface mining, underground mining, winders, backfill, mineral exploration and shaft design—providing clients with invaluable insights that help to deliver optimum project results.

Mining Services:
competent persons reports,
resource estimation and valuation (all compliance codes),
reserve statements to international standards (all compliance codes),
management of drilling programmes,
mine design and scheduling,
management of contract mining,
business plan optimisation,
operations plans,
shafts winders and shaft steelwork,
materials handling,
water management,
compressed air management,
winders, winding systems and headgear design,
surveys,
rock engineering,
ventilation and refrigeration",NFP,Global,,,,,Yes,
Orway IQ,,,,2019,,,,,,,,,,,,,,Yes,
Auto Control Systems,95,,John Watts(General Manager),2006,50,,,,,,,50,,,,,,Yes,
GMA Garnet Group,59,37,Grant Cox(Chief Executive),1971,NFP,,,,2,,Natural garnet abrasive for blast cleaning and…Natural garnet abrasive for blast cleaning and waterjet cutting.,NFP,Port Gregory,,,,,Yes,
Lift Equipt,100,76,Brett Johnston(Managing Director),2006,47,,,"Rio Tinto, BHP, Toll, Qube, Compass Group",3,1,"Forklift hire, sales and service, telehandler…Forklift hire, sales and service, telehandler hire, sales and service, plant and machinery service and maintenance, equipment hire including lighting, electrical and generators.",75,Pilbara,,,NFP,NFP,Yes,
Bisalloy Steel Group,164,135,"Rowan Melrose(Chief Executive, Managing Director)",1982,2,,,,1,3,"Bisalloy Steels is a unique standalone operation…Bisalloy Steels is a unique standalone operation and is Australia’s only manufacturer of high strength quenched and tempered steels - performance steel used for armour, structural and wear-resistant steel applications.",80,WA and QLD states,,,,,,Bisalloy Steels
Mechwest,96,73,Scott Mills(Managing Director),2001,50,,,"Mineral Resources, Calibre Group, Kermans,…Mineral Resources, Calibre Group, Kermans, Monadelphous, Mondium",1,1,"Shop Detailing, Steel Detailing - Structural,…Shop Detailing, Steel Detailing - Structural, Platework and Piping, Design-Assist and Integrated Project Delivery (IPD), 3D modelling, animation services, technology development, BIM (Building Information Modelling)",90,"Pilbara, Port Hedland, Karratha, Goldfields,…Pilbara, Port Hedland, Karratha, Goldfields, Gascoyne, Murchison, Mid West, Wheatbelt, South West, South Coast,Australia",,,,,Yes,Mechwest
MineARC Systems,83,47,Dion Smith(Director Sales and Marketing),1999,80,,,,2,,Safety chambers for underground mine operations…Safety chambers for underground mine operations. Emergency response products for underground mining. Hygiene products for underground mining. IoT products for underground mining.,70,Global,,,,,Yes,
Grundfos Pumps,156,102,Lincoln Rowe(Key Account Manager),1990,NFP,,,,,,,,,,,,,Yes,
Polyline Pipe Systems,151,125,Ian Dorrington(Managing Director),2018,10,,,Vimy Resources,1,,Manufacture and installation of HDPE pipe from a…Manufacture and installation of HDPE pipe from a mobile unit at the exact location of the pipeline,100,Australia,,,NFP,,Yes,
Stanlee Hospitality Supplies,152,,Shammas Ebrahim(Director),2007,NFP,,,"Serco, ISS, Goldfields, Dept. of Health, Dept. of…Serco, ISS, Goldfields, Dept. of Health, Dept. of Justice, Crown Perth, Venues West, Venues Live,",1,,"Catering Facilitiy Supplies; Articles of Daily…Catering Facilitiy Supplies; Articles of Daily Use, Commercial Kitchen Setup & Design",40,WA,,,,,Yes,
Axis Hire,97,83,Mark Cates(Managing Director),2007,50,5,,"MACA, FMG, Downer EDI Mining, BHP, NRW,…MACA, FMG, Downer EDI Mining, BHP, NRW, Middlemount Coal, Georgiou, Monadelpheous",4,,"Long-term, dry hire for operations and projects. …Long-term, dry hire for operations and projects.  With national operations, we have a diverse range of late model equipment to meet your requirements.  With the ability to source equipment as required.",90,Australia wide,,,,,Yes,Brogen Investments Pty Ltd
newGen Group ArmourGRAPH,106,,Ben Walker(Managing Director),2011,40,,,First Graphene (FGR),1,,"Wear protection, lining solutions, piping systems…Wear protection, lining solutions, piping systems, fabrication & refurbishment of equipment.",85,"Australia, South Africa, PNG, South America",,,,,Yes,
EJ Electrical,,,Fadi Dorkhom(Managing Director),1968,,,,,,,,,,,,,,Yes,
Vulcan Engineering,,,Jason Vukusich(Managing Director),1983,,,,,1,,"Cranes & Heavy Haulage, Workshop Fabrication,…Cranes & Heavy Haulage, Workshop Fabrication, Site Construction.",,,,,,,Yes,
JSW Drilling,32,,"Keren Paterson(Chief Executive, Managing Director)",2010,280,,,"Rio Tinto, South 32,  FMG, Alcoa, Hasting Metals,…Rio Tinto, South 32,  FMG, Alcoa, Hasting Metals, Ramelius",1,,"Drilling & Blasting, Mineral Sample Drilling",100,"Pilbara, Goldfields, Murchison, South West",NFP,NFP,NFP,NFP,Yes,
RUC Mining Contractors,26,20,Greg Miller(Managing Director),1991,NFP,NFP,79,,2,,"Mechanised mining, shaft sinking, large…Mechanised mining, shaft sinking, large excavations, underground construction, specialist ground support & grouting, boxhole boring, raise drilling & Shotcrete.",100,,,,,,Yes,
Hagstrom Drilling,66,66,Paul Musca(Owner and Managing Director),1992,NFP,NFP,NFP,"FMG, Talison Lithium, Rio Tinto, Mineral…FMG, Talison Lithium, Rio Tinto, Mineral Resources, Oz Minerals, Dreadnought Resources",1,,"Mineral exploration, Geotechnical and…Mineral exploration, Geotechnical and Hydrogelogical drilling services",NFP,Australia,NFP,NFP,NFP,NFP,Yes,
Transmin,75,52,Bhavesh Kotecha(Chief Executive),1987,90,,,"BHP Billiton, Fortescue Metals, Rio Tinto, First…BHP Billiton, Fortescue Metals, Rio Tinto, First Quantum Minerals, Pilbara Ports, Newcrest Mining, Lynas, Albermarle",1,1,,85,"Pilbara, Kalgoorlie, South West WA, QLD, VIC, NSW…Pilbara, Kalgoorlie, South West WA, QLD, VIC, NSW, Overseas including North America and South America",,,$75,$50,Yes,
Geographe Enterprises,56,,Sam Hyder(Chief Executive),1968,155,,,"BHP, Rio Tinto, FMG, Roy Hill, Citic Pacific,…BHP, Rio Tinto, FMG, Roy Hill, Citic Pacific, Macmahon, Perenti, Byrnecut, Sojitz, South 32.",2,1,"Seeking improvements has always been at the heart…Seeking improvements has always been at the heart of Geographe. 

Operating since 1968, Geographe evolved from a Spare Parts business to include Enhanced Performance (EP™) parts in 1994. Creating Specialised Tooling in 2010 – developing bespoke tools for the mining industry to make maintenance jobs safer.

 2022 saw Geographe add a fourth business, Asset Optimisation, combining its expertise in parts, EP™ products and Specialised Tooling with a “big picture” perspective.",95,"Goldfields, Pilbara, South West WA, Hunter Valley…Goldfields, Pilbara, South West WA, Hunter Valley, Mackay.  All mines in all states.",,,NFP,,Yes,
Roborigger,142,91,Derick Markwell(Managing Director),2018,14,,,"Newmont, Rio Tinto, BHP.",2,,"Roborigger load controlling system, Roborigger…Roborigger load controlling system, Roborigger specialised spreader, Roborigger wireless release hook, Roborigger crane planning and logistics IoT application",20,"Tanami, Pilbara",NFP,NFP,NFP,NFP,Yes,
Schlam,23,,Matt Thomas(Chief Executive),1996,430,240,50,,5,,,100,,,,,,Yes,
Jinning,,,,,,,,,,,,,,,,,,Yes,
BA Equipment Group Australia,,,,1987,,,,,,,,,,,,,,Yes,
Cube Consulting,121,,,2000,22,,,,1,,"Resource estimation,
independent review,
mining…Resource estimation,
independent review,
mining studies,
operational support.",100,Global,,,,,Yes,
Macmahon Holdings,7,6,"Michael Finnegan(Chief Executive, Managing Director )",1964,"2,212","1,999",942,,2,2,"Open cut, underground, drilling and blasting,…Open cut, underground, drilling and blasting, loading and haulage, crushing and screening, mine management, portal establishment, cablebolting, shotcreting.",100,,$1.70bn,$1.35bn,,,Yes,
Epiroc,12,12,,2018,"1,200",,,"BHP, Rio Tinto, FMG, South 32, Roy Hill, Citic…BHP, Rio Tinto, FMG, South 32, Roy Hill, Citic Pacific, Gold Fields",3,16,OEM,95,Oceania,,,,,,Epiroc AB
Swick Mining Services,38,20,"Kent Swick(Founder, Managing Director, Chief Executive since Oct 2017)",2004,226,226,164,,1,,"Underground diamond drilling, surface RC drilling…Underground diamond drilling, surface RC drilling, deep hole drilling, Mineral Technology",100,,,,,,Yes,
Colquhoun's,143,24,"Cane Thomas(State Manager, WA)",1993,13,,,"Dyno Nobel, Lynas Corporation, Alcoa, CSBP. WA…Dyno Nobel, Lynas Corporation, Alcoa, CSBP. WA Salt.",1,6,Supply of bulk bags and various other packaging…Supply of bulk bags and various other packaging conforming to UN&DG requirements. Specialists in bags and sacks. We carry  the largest ranges of various bulk bags on site in Australia.,25,National coverage,,,,,Yes,
Hybrid Systems Australia,52,,Michael Hall(Executive Director),2015,180,,,"Fortescue Metals Group, Westgold, Strandline…Fortescue Metals Group, Westgold, Strandline Resources, Pilbara Minerals, Tellus, Galena Mining, Western Power, Horizon Power",2,1,"Build Own Operate power systems
Power Purchase…Build Own Operate power systems
Power Purchase Agreements
Design and construct renewable and hybrid power systems
Manufacturing
Standalone power systems
Hydrogen systems
Battery energy storage systems
Solar farms",70,"Pilbara, Kimberley, Gascoyne, Mid West, Goldfields",,,$100.00m,,Yes,Pacific Energy Group Holdings Ltd
Vibra Industrial Air Filter Cleaning,147,45,David Solomons(Managing Director),1986,12,,,"FMG, MACA, Westrac, BIS Industries, Ausdrill,…FMG, MACA, Westrac, BIS Industries, Ausdrill, Komatsu, Emeco,Alcoa",1,,"Air Filter Cleaning Service to the mining ,…Air Filter Cleaning Service to the mining , construction , engineering , drilling , heavy haulage and industrial industries.",60,"Perth, Pilbara, Goldfields, Kalgoorlie, Geraldton…Perth, Pilbara, Goldfields, Kalgoorlie, Geraldton, Mid -West, Albany",,,,,Yes,
Pure Air Filters,158,114,David Solomons(Managing Director),1977,8,,,"Alcoa , Hamptons Transport",,,"Air Filter Cleaning service to the mining , heavy…Air Filter Cleaning service to the mining , heavy haulage , drilling , logistics and industrial industries.",40,"Perth, Kalgoorlie, Newman, Perth South West, Mid…Perth, Kalgoorlie, Newman, Perth South West, Mid West Region, Pilbara, Albany, Goldfields.",,,,,Yes,
Nitro Sibir Australia,90,,,2013,58,53,5,,2,1,Nitro Sibir Australia (NSA) is an Australian…Nitro Sibir Australia (NSA) is an Australian manufacturer and a full line supplier of explosives products and services to the mining industry.,100,"Western Australia, Queensland, South Australia",,,,,Yes,Nitro Sibir ZAO
Pilbara Rail Maintenance,44,,Chris Prior(Director and General Manager),2018,200,,,,,,,,,,,,,Yes,
MEC Mining,,,,2005,,,,,,,,,,,,,,Yes,
Mining Technicians Group Australia,,,Michael Hansen(Managing Director),,,,,,,,,,,,,,,Yes,
PLI,73,,Jack Heales(Managing Director),2009,100,100,,"Rio Tinto, Citic Pacific Mining",2,,"Mining support services, workforce and labor…Mining support services, workforce and labor solutions, logistics and materials handling, building services, shutdown services, construction services, mining maintenance, hydro excavation, corrosion control, blast and paint.",50,Pilbara,$10,$10,$18,$16,Yes,
Winnellie Group,,,,,,,,,,,,,,,,,,,
Fortin Pipelines,,,"JP Fortin(Founder, Managing Director)",,,,,,1,,,,,,,,,Yes,
Sister Heart,163,,,2022,NFP,,,,1,,"Semi-skilled and skilled operators to support…Semi-skilled and skilled operators to support customers’ projects and operations, plant and equipment hire, sources & manages the supply of goods and services on behalf of customers.",,,,,,,Yes,
Odyssey Group,77,,Wesley van der Spuy(Chief Executive),2009,88,88,12,"Pilbara Ports Authority, Fortescue Metals Group,…Pilbara Ports Authority, Fortescue Metals Group, BHP Billiton, Wilhelmsen Port Services, Seacorp, Svitzer Australia.",2,1,"Odyssey Group is a maritime logistics provider…Odyssey Group is a maritime logistics provider that provides and operates pilot boats, hydrographic survey vessels, line boats, crew and cargo transfer vessels. Odyssey Group also provides towage management services, marine infrastructure maintenance, and other on and off water logistics services to ensure the continuity of port operations.",85,Pilbara,$22.00m,$19.00m,$22.00m,$19.00m,Yes,
idoba,,,"Sarah Coleman(President, Chief Executive since 2020)",2020,,,,,1,,,,,,,,,Yes,
R&R Robotics,,,,,,,,,,,,,,,,,,Yes,
Multiplan,107,,Kane Nitschke(Managing Director),1993,40,,,"Fortescue Metals Group, Rio Tinto, BHP",1,,Construction modelling,70,,,,,,Yes,
Rapid Crushing & Screening Contractors,60,,"Neil Irvine(Founder, Managing Director)",1978,150,,,"Fortescue, Talison Lithium, Allkem",1,1,"Crushing, Screening & conveying services on…Crushing, Screening & conveying services on contract or hire to the civil, mining & resource industries.",80,Australia-wide,,,,,Yes,Rapid Crushing Group
Labwest Minerals Analysis,98,71,Brad Whisson(Managing Director),2008,50,,,"CSIRO, Dreadnought Resources, Capricorn Metals,…CSIRO, Dreadnought Resources, Capricorn Metals, Marquee Resources, Chalice, Caspin Resources",1,,"Geochemical analysis, trace element analysis,…Geochemical analysis, trace element analysis, ultrafine fraction analysis.",90,Australia,,,,,Yes,
Capel Crane Hire,102,78,Ray Payne(Managing Director),1979,45,32,,"Iluka Resources, TRONOX, Albemarle, Simcoa,…Iluka Resources, TRONOX, Albemarle, Simcoa, Talison, Monadelphous",2,,"Heavy lift, transport logistics, shutdowns,…Heavy lift, transport logistics, shutdowns, maintenance, wet and dry hire of mobile cranes.",70,"South West, Mid West , Pilbarra",,,NFP,NFP,Yes,
Rudd Industrial Supplies,114,88,Justin Marendoli-Murray(CFO and Company Secretary),1984,25,,,,2,,"Industrial supplies, fasteners, abrasives, safety…Industrial supplies, fasteners, abrasives, safety, clothing, tools power and hand, workshop equipment and consumables, welding, generators, compressors.",60,,,,NFP,NFP,Yes,
Hexagon,,,,,,,,,,,,,,,,,,,
AUS Fleet Solutions,,,,,,,,,,,,,,,,,,Yes,
Thiess,4,2,"David Greig(Group Executive, Australia West)",1933,"3,000","1,500",,,,,"Full suite of mine services including development…Full suite of mine services including development, extraction, processing, remediation, asset management and maintenance, enabling services.",,,,,,,,
Powerwest,149,,,1989,12,,,"Northern Star, Silver Lake, Black Cat Syndicate",1,,Power generation,100,All,NFP,NFP,NFP,NFP,Yes,
MCT Equipment,115,86,Anthony Grosser(Managing Director),2021,25,,,,1,,"MCT Equipment supplies and maintains new and used…MCT Equipment supplies and maintains new and used mobile cranes, telehandlers, and associated lifting products throughout Western Australia and the Northern Territory. Across construction, mining, infrastructure and marine lifting settings, MCT Equipment’s key focus is on innovation, safety and efficiency.",100,,,,,,Yes,
ECG Engineering,79,65,"Geoff Bailey(Principal Consultant, Director)",2014,86,61,21,,1,1,"Project management, power generation, power…Project management, power generation, power systems, control systems, plant integrity, operations support, automation systems.",90,All of Australia and significant international…All of Australia and significant international capacity,NFP,NFP,NFP,NFP,Yes,
Immersive Technologies,40,31,David Anderson(Chief Executive),1993,216,,,,2,1,"Supplier of workforce development solutions,…Supplier of workforce development solutions, including surface and underground mining equipment simulators and digital learning products for training to the global mining industry.",100,,,,$65.52m,$50.77m,Yes,Immersive Corporation Pty Ltd
Chrysos Corporation,110,93,,2016,NFP,,,,1,1,,NFP,,,,,,Yes,
DUG Technology,74,50,Matthew Lamont(Managing Director),2003,100,,,,1,,"Exploration and production services to the global…Exploration and production services to the global oil and gas industry: Illumination Studies, Seismic Data Processing, Multi-parameter Full Waveform Inversion (FWI), Depth Imaging, Petrophysical Processing and Interpretation, Quantitative Interpretation Services, Geostatistical Depth Conversion",NFP,,,,,,Yes,
Cerclos,138,,"Alexander Bruce(Co-Founder, Chair)",2011,15,,,,,,,20,,,,,,Yes,
Brindabella Resources,129,127,Elsa Derschow(Director),2016,NFP,,,,1,,,NFP,,,,,,Yes,
Palyku Resources,108,115,Angelo Radeski(Director),2020,NFP,,,,1,,"Labour, plant, camp services, non-process…Labour, plant, camp services, non-process infrastructure, bus and transport services.",NFP,,,,,,Yes,
Riguez Contracting,141,117,Angelo Radeski(Director),2021,NFP,,,,1,,"Labour, plant, camp services, non-process…Labour, plant, camp services, non-process infrastructure, bus and transport services.",NFP,,,,,,Yes,
Breight Group,18,13,Stephen Easterbrook(Managing Director),2007,650,600,2,"Rio Tinto, Roy Hill, Fortescue, Newmont, Chevron,…Rio Tinto, Roy Hill, Fortescue, Newmont, Chevron, Mineral Resources, BHP",3,1,Breight Group is a leading West Australian…Breight Group is a leading West Australian company providing specialist access and mechanical services to the resources sector.  Their unique training facility supports their approach to Safety At All Levels.,100,Western Australia,$77.29m,$77.29m,$77.29m,$77.29m,Yes,Breight Pty Ltd
PMW Industries,91,,Paula White(Managing Director),2019,54,,,"BHP, Rio Tinto, MRL",2,,"Rail & civil maintenance, Crushing & Screening,…Rail & civil maintenance, Crushing & Screening, Land Rehabilitation, Load and Haulage",95,Pilbara,,,,,Yes,100
Emyjor Services,,,,,,,,,,,,,,,,,,Yes,
GenusPlus Group,13,14,David Riches(Managing Director),2017,700,,,"Rio Tinto, Fortescue Metals Group, BHP,…Rio Tinto, Fortescue Metals Group, BHP, Goldfields, Telstra, Horizon Power",3,5,"GenusPlus Group (ASX:GNP) is an end to end…GenusPlus Group (ASX:GNP) is an end to end service provider for essential power and telecommunications infrastructure.

We provide an integrated service delivered through four key complementary businesses to our clients in the resources, power, utilities, and telecommunications sectors across Australia.

Built on a bedrock of three generations of accumulated family expertise, today the GenusPlus Group is a leading ASX-listed provider of critical infrastructure services to a blue-chip client base.",NFP,"Pilbara, Kimberley, Goldfields",,,NFP,,Yes,
LGM Industries,82,,,2009,84,,,"Newmont, South 32, Iluka Resources",1,,"LGM specialises in SMP services across a range of…LGM specialises in SMP services across a range of sectors including resources, energy, industrial and utilities.",50,South West,,,NFP,NFP,Yes,
CAPE Dunstans,62,42,Greg Hutchinson(Chief Executive),1995,150,150,,"Anglo Gold Ashanti, Fortescue Metals Group,…Anglo Gold Ashanti, Fortescue Metals Group, Pilbara Minerals, Regis Resources, Tawana Resources, Talison Lithium, Salt Lake Potash, Newmont, Rio Tinto",1,,"A unison of Cape Crushing and Earthmoving and…A unison of Cape Crushing and Earthmoving and Underground Services Australia, Cape is a trusted and respected West Australian company that provides innovative and cost effective solutions to businesses operating in the resources, utilities and infrastructure sectors. Areas of expertise include civil, mining services and underground utility installation and maintenance, cashing & screening.",80,,,,,,Yes,
LIFTR,,,,2023,,,,,,,,,,,,,,Yes,
Ironstone Australia,128,,Richard Tester(Managing Director),2022,20,,,Fortescue,,,"Construction, project management, electrical…Construction, project management, electrical contractor, battery/BESS/PV/electrical systems contractor",,"Chichester Traditional Owner, and more broadly…Chichester Traditional Owner, and more broadly Pilbara.",,,,,Yes,
North West Mining & Civil,68,,,2014,110,110,,,3,,"North West Mining & Civil (NWMC) delivers premium…North West Mining & Civil (NWMC) delivers premium civil construction and mining services throughout Western Australia’s Pilbara region. We’re conveniently and locally placed with premises in key locations in the Pilbara including Karratha, Tom Price, and Paraburdoo, with a head office in Perth. This enables us to deliver rapid localised support as we strive to exceed needs and expectations through a holistic approach to service delivery. From safety to efficiency we prioritise every aspect of our operations to ensure the best possible outcomes.",85,,,,,,Yes,
Byrnecut,3,2,Steve Coughlan(Executive Chair),1987,"3,300","2,760","1,732",,,,Underground mine development and production and…Underground mine development and production and associated ancillary services.,100,,$1.97bn,$1.91bn,$2.02bn,$1.94bn,Yes,
Bez Engineering,,,,2000,,,,,,,,,,,,,,Yes,
Integrate Sustainability,150,125,"Belinda Bastow(Owner, Director)",2014,11,,,,1,,"Environmental and sustainability integration and…Environmental and sustainability integration and awareness, environmental impact assessments. Baseline survey and study facilitation. LGA, State and Commonwealth approvals – advice, submission and stakeholder liaison. Environmental compliance mapping and audits. Environmental monitoring including planning and implementation. Closure planning, rehabilitation and restoration. Project scoping and feasibility assessments.
Environmental expert and peer reviews. Risk assessment and incident investigation.
Environmental training and awareness packages for natural resource activities.
Developing and implementing environmental monitoring activities.
Assessing waste and water usage to implement cost saving strategies.
Dust, pollution and noise assessments and providing suitable management strategies.
Safety training and awareness packages.
Safety culture surveys, safety and sustainability integration and cultural change.
Workplace safety integration, hazard and risk assessment facilitation, compliance and safety auditing including incident investigation, coaching and mentoring safety personnel.
Management system development and implementation, solution identification. Safety training and awareness packages for people working in remote areas.
Third party incident investigations, management system development, implementation and assurance. Development and integration of customised mobile applications. HSE software selection and implementation, third party auditing and assurance, HSET practical solution identification. Business process review and improvements. Process mapping, project management, closure planning, native title and heritage legislation awareness.
Assist and implement community engagement strategies, promoting positive relationships.
Processes and procedures to negotiate, implement and ensure compliance with Aboriginal heritage and native title land access agreements. Facilitate meetings with Aboriginal corporations and communities. Cultural Awareness Training – material development and workshop facilitation. Aboriginal Heritage desktop assessments, archival research and data management. Management and coordination of Ethnographic and Archaeological heritage surveys. Heritage and land access approvals (including section 16 and section 18 submissions) Aboriginal heritage management plans, auditing and compliance reviews,
stakeholder mapping and identification. Implementation of engagement strategies, promoting positive relationships and outcomes. Independent meeting facilitation and negotiations.
Develop and implement Stakeholder Management plans. Identify community needs and implement community development programmes. Develop and implement communication strategies and plans. Risk identification and mitigation. Facilitate community information workshops and distributions. Implement community feedback and enquiry processes.",80,"Pilbara, South West, Mid West, Great Southern,…Pilbara, South West, Mid West, Great Southern, Goldfields",,,,,Yes,
Redpath Australia,,46,Gavin Ramage(Managing Director),2008,,"1,000",NFP,,1,1,"Redpath Australia are a leading underground…Redpath Australia are a leading underground mining services contractor with offices in Brisbane and Perth. We provide safe, economical and innovative solutions. Our professional and innovative employees, supported by effective business systems and processes, underpin our business success.

We strive to be the safest company to work for in our industry – our commitment is that all our employees return home unharmed every day.

We establish long-term, stable relationships with our Clients’, providing a level of service exceeding industry standards, and are viewed as a continuing partner in their underground operations.

We provide a supportive and rewarding work environment that attracts and retains employees who are valued and developed within our organisation.

We aim to be the preferred contractor to mine owners and operators that seek to engage a contractor with similar values and is supportive of a strong safety culture.

Throughout the continent and the Asia-Pacific Region, we provide:
- Traditional Underground Metalliferous Services
- Vertical Development
- Civil Services
- Coal Services",100,,,,,,Yes,Redpath Mining Inc
FMS Group,,,,,,,,,,,,,,,,,,Yes,
Silverstone,85,,,2018,75,400,,,,,,90,,,,,,Yes,
Allied Pumps,64,,Greg Slack(Director),1933,NFP,,,Rio Tinto,3,3,"Design, manufacture and supply of pumping,…Design, manufacture and supply of pumping, treatment and storage systems for the full cross-section of mining activities, locally and internationally.",NFP,,,,,,Yes,
RCT,42,27,"Brett White(Chief Executive Officer, Executive Director)",1972,210,,,"BHP, AngloGoldAshanti, Goldfields, Barrick,…BHP, AngloGoldAshanti, Goldfields, Barrick, Barminco, South 32, Roy Hill, Xstrata, Perilya, Rio Tinto, Newcrest, Newmont, Glencore.",2,2,"OEM and independent global leading provider of…OEM and independent global leading provider of interoperable off-the-shelf and customised autonomous and semi-autonomous remote control solutions for mobile equipment;  machine protection; machine data and analytics; machine health reporting; spare parts, general electrical parts; service and repair.",90,Global,$105.00m,$96.00m,,,Yes,Epiroc AB
Sitech WA Pty Ltd,78,92,Allan Hubble(Managing Director),2009,87,,,"Rio Tinto, BHP, FMG, Sarencen Gold, Iluka, Onslow…Rio Tinto, BHP, FMG, Sarencen Gold, Iluka, Onslow Salt, Dampier Salt,  Georgiou, LendLease.",2,8,"Supply of Trimble positioning technology for semi…Supply of Trimble positioning technology for semi-automation of heavy plant, including collision detection. Design, construct and supply wireless MESH Rajant networks for the Mining Industry. Supply and install Groundworks drill systems. Supply and calibration of Loadrite Electronic Weighing Systems for Loaders, Excavators, Hydraulic Shovels and Conveyors. LFT certified by NMI.",70,All of Australia,,,NFP,NFP,Yes,"51% WesTrac Pty Ltd, 49% Venture Corp Pty Ltd"
REGROUP,39,,Michael Still(Managing Director),2006,220,220,50,"MRL, Newmont, Element 25, Han Roy, Roy Hill, BHP,…MRL, Newmont, Element 25, Han Roy, Roy Hill, BHP, Austral Resources",3,1,,80,"Pilbara, Kimberley, Mid West, Goldfields, QLD",$120.00m,NFP,$140.00m,$81.00m,Yes,
BMR Piping & Civil,109,92,Steven Bowron(Chief Executive Officer),2022,31,26,,"Goldfields Australia, MLG, Iron Mine Contracting,…Goldfields Australia, MLG, Iron Mine Contracting, Liontown",2,,"Repair, replacement and installation of high…Repair, replacement and installation of high density polyethylene (HDPE) pipe and HDPE lining to tailings dams/process ponds/hydrocarbon facilities.",100,"Goldfields, Pilbara",NFP,NFP,NFP,NFP,Yes,
Maptek,132,107,Eduardo Coloma(Chief Executive),1981,NFP,,,"Anglo American, BHP, Rio Tinto, FMG, Glencore,…Anglo American, BHP, Rio Tinto, FMG, Glencore, Yancoal, Newmont",1,3,"Maptek provides software solutions for the mining…Maptek provides software solutions for the mining industry, including 3D geological modelling, mine planning, resource tracking, drill and blast management, and stability monitoring. Additional solutions cover data management, proximity awareness, and LiDAR-based monitoring. Maptek also offers consulting, IT solutions, and training programs globally",100,All,,,,,Yes,
FMR Investments,53,,Charles Watson(Finance Director),1989,NFP,,,,1,,"Gold miner
Toll treatment
NOT MINING SERVICES…Gold miner
Toll treatment
NOT MINING SERVICES CONTRACTING",NFP,,NFP,NFP,,,Yes,
Raw Hire,139,106,"Lisa Clarke(Co-Founder, Director)",1998,15,,,"Chevron, BHP, Rio Tinto, Woodside, CBI,…Chevron, BHP, Rio Tinto, Woodside, CBI, Government, Clough, Yara,",2,,"Short and long term vehicle rental and services,…Short and long term vehicle rental and services, fleet supply, remote project hire. Long term vehicle and fleet hire including light commercial vehicles, trucks, crane trucks, tip trucks, water trucks, buses, custom vehicles, service trucks. Vehicle sales - light commercial, trucks and buses.",70,"Pilbara, Mid West, Gold Fields,  Kimberley, Perth…Pilbara, Mid West, Gold Fields,  Kimberley, Perth, Peel, Boddington, Wheatbelt, Northern Territory, Queensland, Western Australia, Australia, Australia wide",,,,,Yes,
First Nation Engineering,14,,"Daniel Tucker(Co-Founder, Chair)",2022,NFP,,,,1,,"Design, construction and maintenance services.",NFP,,,,,,Yes,
Cleveland Compressed Air Services,126,106,Aaron O'Connor(Manager ),1994,20,6,,"Northern Star, Ausdrill, Boral, BGC, Chevron, GR…Northern Star, Ausdrill, Boral, BGC, Chevron, GR Engineering Services,  Lycopodium, Sedgman, Mining and Civil Australia. Northern star recourses",3,,"Sales and service of air compressors, compressed…Sales and service of air compressors, compressed air dryers, compressed air filtration, compressed air piping and associated equipment.",30,"Kalgoorlie, Goldfields, Port Hedland",,,NFP,NFP,Yes,O'Connor Holdings
Kais Hire Pty Ltd,153,127,Sharon Kais(Director/Secretary),2004,10,,,"Carey Group, Ertech, Piacentini, CPB Contractors,…Carey Group, Ertech, Piacentini, CPB Contractors,  MACA, FMG,",1,,"Kais Hire prides itself as being a leader in the…Kais Hire prides itself as being a leader in the plant hire industry. We will offer solutions for our clients and their projects by providing wet and dry hire options, skilled labour hire and purchasing new fleet for long term hire arrangements. All machinery meets mine specifications and OEM standards.

Quality, Reliability, Performance and Service is the key!

Kais Hire chooses quality and reliable equipment from Caterpillar, Hino, Volvo and Isuzu, who provide warranty, service, maintenance and parts to our business.

The Kais Team prides itself on delivering great customer service in line with our vision and values. 

Kais offers cost effective solutions for the clients project requirements in our hire agreements.  We ensure we are responsive to all enquiries, servicing, maintainence, parts and downtime.",75,"Pilbara, North West, South West, Metro",,,,,Yes,
Helicopter Logistics,119,,Matt Corbett(Managing Director),2005,NFP,NFP,,,2,,"Airborne geophysical
Crew transport
Mining…Airborne geophysical
Crew transport
Mining support
Lifting / construction (external load)",NFP,All of WA,,,,,Yes,
Mineral Mining Services,30,,Robert Ryan(Chief Executive),2022,300,,,"Silverlakes resources, Black Cat Syndicate,…Silverlakes resources, Black Cat Syndicate, Covelant",2,,"contract mining services
mining technical…contract mining services
mining technical services 
Mine site support
Engineering support
dry and wet hire
workshop support
heavy haulage transport
drill and blast services",100,Goldfields,,,,,Yes,
HeliSpirit,86,67,Michael McConachy(Managing Director),1984,65,,,"IGO Limited, Valperlon Group, Rio Tinto, Telstra,…IGO Limited, Valperlon Group, Rio Tinto, Telstra, BCI Minerals, Novo Resources, BBI Group, Northern Minerals",3,,"Crew transfers, power line inspections, mining…Crew transfers, power line inspections, mining support, low level survey, geo-survey and mapping, aerial sling load, telecommunications support, passenger charter, film and photography, search and rescue, medical evacuations, flood relief, fire fighting, aerial fire suppression, emergency evacuation.",30,"Pilbara, Kimberley",,,,,Yes,HM Consolidated Pty Ltd
BlackBox Control,140,,Mark Langford(General Manager),2002,15,,1,"Rio Tinto, BHP, MRL",1,1,"BlackBox provides services that let you Take…BlackBox provides services that let you Take Control of your fleet and assets using real-time location monitoring, analysis of driver behaviour, compliance, monitoring of utilisation and fatigue management. Lone worker solutions available for both safety and communication applications. BlackBox is a specialist in satellite communication options. Take Control over all machinery and assets.",25,"Pilbara, Goldfields",,,,,Yes,
Catalpa,19,,"Tara Cox(General Manager, Australia & New Zealand)",2009,NFP,,,,,,,NFP,,,,,,Yes,
JMH Group WA,87,,"Jaydon Hirst(Co-Founder, Director)",2011,NFP,NFP,,,2,,"Mobile Plant Mechanical Repairs and Services …Mobile Plant Mechanical Repairs and Services (heavy duty diesel mechanics, auto electricians, boilermakers) and specialised contractor support.",NFP,"Mid-West, Goldfields, Pilbara",NFP,NFP,NFP,NFP,Yes,
Wood Australia,45,,"Greg Hayes(Senior Vice President, Mining & Minerals Australia)",1978,200,,25,"Albemarle, Rio",,1,"Feasibility studies, BFS, FEED, detail design,…Feasibility studies, BFS, FEED, detail design, EPCM, EPC",25,,,,,,Yes,
UON,31,25,"Mark Keogh(Founder,  Executive Chair)",1998,285,NFP,,,,,"Energy solutions for remote mining and industrial…Energy solutions for remote mining and industrial operations, including renewable generation inputs. Water solutions spanning dewatering, tailings management, deep well extraction and potable water management. Equipment Hire - Power and dewatering solutions. Infrastructure construction and equipment installation. Design and manufacturing in Western Australia.",90,"All areas of WA, especially Pilbara and Goldfields",,,,,Yes,
Red Arrow Group,50,,Richard Tester(Managing Director),2013,185,185,,Fortescue,1,,"Labour Hire, Recruitment, Permanent Placement",100,,,,,,Yes,
Westfill Group,,,,,,,,,,,,,,,,,,,
Facilita Consulting,165,128,"Susanna Durston(Director, Principal Facilitator)",2021,2,,,,1,,"Strategic planning, change management, business…Strategic planning, change management, business improvement, project management, organisational development and group facilitation.",25,,,,,,Yes,Facilita Consulting Pty Ltd
Echo Marine Group Pty Ltd,,,,2010,,,,,,,,,,,,,,Yes,
Camco Engineering,22,,Bruce Cameron(Executive Director),1995,480,370,,"RTIO, FMG, Iron Bridge, BHP Billiton, Dampier…RTIO, FMG, Iron Bridge, BHP Billiton, Dampier Salt, Roy Hill, ExxonMobil",6,,"Camco Engineering is a key supplier of…Camco Engineering is a key supplier of operational support and 
manufacturing services to the mining, energy and power generation 
sectors.",80,"Pilbara, Goldfields",$121.00m,$108.00m,$147.60m,$129.90m,Yes,
PARC Engineering,15,,Daniel Debattista(Managing Director),2018,687,,,"Fortescue, Roy Hill, Iluka, BHP",3,,"Construction, shutdown and maintenance services…Construction, shutdown and maintenance services in civil, mechanical and electrical disciplines.",NFP,"Pilbara, Goldfields",,,,,Yes,
Aquip Systems,144,104,Jodie Draper(Managing Director - HIFraser Group),1991,13,,,"BHP, Rio Tinto, FMG, Newcrest, KCGM, Alcoa, South…BHP, Rio Tinto, FMG, Newcrest, KCGM, Alcoa, South 32",1,3,"Laser shaft alignment, vibration monitoring, flow…Laser shaft alignment, vibration monitoring, flow metering,",30,"Pilbarra, Kimberley, Goldfields, South West",$850.00k,$2.16m,NFP,NFP,Yes,HIFraser Group
TotalEnergies Australia,154,120,Troy Baxter(State Manager WA & NT),,NFP,NFP,10,,,,,NFP,,,,NFP,NFP,Yes,
SIMPEC,,,,2017,NFP,NFP,NFP,"Fortescue, BHP, RioTinto, Pilbara Minerals, Alcoa…Fortescue, BHP, RioTinto, Pilbara Minerals, Alcoa, Hitachi, Acciona, Tianqi Lithium, Talison, Iluka, CPB, Alinta, NEWest Alliance","6,153","2,015","Structural, Mechanical, Piping, Instrumentation,…Structural, Mechanical, Piping, Instrumentation, Electrical, Civil services across the Resources, Renewables and Infrastructure industries.",NFP,"Pilbara, South West Australia, Midwest",NFP,NFP,NFP,NFP,Yes,
Delonix Solutions,76,,"Philippe Vatin(Founder, Managing Director)",2011,90,90,,"Northern Star, Lynas Rare Earth, Iluka Resources,…Northern Star, Lynas Rare Earth, Iluka Resources, Primera Group",2,,"Brownfield and greenfield mineral processing…Brownfield and greenfield mineral processing plant design, structural engineering, piping design, mechanical engineering, civil engineering, surveying, laser scanning, design and fabrication drawing.",,,,,,,Yes,
QSD Hire,,,Neal Guilmartin(Managing Director),2012,,,,,,,,,,,,,,,
Webdrill Australia,,,,2014,,,,,,,,,,,,,,,
Fuelfix,,,"Mark Westbrook(Founder, Chair)",2006,,,,,,,,,,,,,,,
Perenti,2,3,Mark Norwell(Managing Director & Chief Executive Officer),1987,"4,155",,,,,,"Underground mining, surface mining, drilling…Underground mining, surface mining, drilling services, support mining services, supply & logistics, technology solutions.",100,,$3.34bn,,,,Yes,Perenti Limited
Mader Group,6,7,"Justin Nuich(Chief Executive, Executive Director)",2005,"2,400","2,400",NFP,"Rio Tinto, BHP, FMG, Roy Hill",3,1,"Preventative Maintenance, Rapid Response Teams,…Preventative Maintenance, Rapid Response Teams, Shutdown Services, Field Maintenance Services, Rostered support, Drill Support Teams, Mader Clean Team (mobile plant), Fabrication and Line Boring Specialists, Automotive and High Voltage Electrical Specialists, Air Conditioner Maintenance, TAs, Maintenance Project Solutions, Rail & Road Transport Support, Specialised Tool Hire, Workshop Services, Training & Mentoring, Energy Equipment Maintenance.",90,"All major mining regions in Australia (and…All major mining regions in Australia (and international mining regions in Asia, Africa and the America)",NFP,NFP,,,Yes,Mader Group Limited
High Grade Mechanical,46,33,Jennie Ironside(Owner ),2011,200,,,"BHP, NRW, MRL, Westgold, Thiess, Downer, MacMahons",4,,HME Maintenance.,85,Western Australia,,,,,Yes,
Streamline Connect,67,55,"Nick Jenkins(Director, Company Secretary)",2017,120,,,"BHP, Rio Tinto, FMG, Telstra, Optus",,,"Leading Western Australian telecommunications…Leading Western Australian telecommunications infrastructure provider and innovator of off-grid 'Zero Emission Rooms', Streamline Connect enables companies to execute projects sustainably, reducing environmental impact and operational costs.",50,Western Australia,,,,,Yes,
Komatsu Australia,11,7,"Glenn Swift(Regional General Manager, Western)",1921,"1,200",,,,1,3,"Mining, construction and utility equipment,…Mining, construction and utility equipment, aftermarket service and parts support, technical support services, contract maintenance, RTO training, finance, condition monitoring services, pre-owned equipment. Re-manufacturing and service exchange components.",70,,,,,$2,Yes,
Lakes Electrical Distributors,133,,Jim Fleming(Managing Director),1992,16,,,"KOCGM,",3,,electrical wholesalers,60,ALL OF AUSTRALIA,,,,,Yes,GLOSTER PTY LTD
Beaver Process Equipment,70,61,Joshua Beaver(Managing Director),1988,NFP,,,,1,1,High-performance slurry transfer systems in…High-performance slurry transfer systems in mineral process plants and pipelines.,100,Global,,,,,Yes,Beaver Group
Global Civil and Mining,99,,Kane Blackburn(Managing Director),2004,NFP,NFP,NFP,"BHP, CPB, Fulton Hogan, FMG, NRW, Rio Tinto, …BHP, CPB, Fulton Hogan, FMG, NRW, Rio Tinto,  Ertech, Thiess, Austral,",2,1,"Surface mining. Civil & mining, bulk earthworks,…Surface mining. Civil & mining, bulk earthworks, elective material extraction. 
Our fleet of surface miners can cut, crush and load material in a single pass, eliminating the need for drill and blast, and primary crushing.
In civil applications surface miners are used for accurate cut to fill operations to prepare sites for civil projects.",NFP,"Australia wide - Pilbara, Kimberley, Mid West,…Australia wide - Pilbara, Kimberley, Mid West, South West, Goldfields, Wheatbelt, Hunter Valley, Bowen,",NFP,NFP,NFP,NFP,Yes,
Brooks Hire Service,33,,"Doug Brooks(Founder, Chief Executive)",1979,278,,,"NRW, Wormall Civil, Fortescue Metals Group (FMG),…NRW, Wormall Civil, Fortescue Metals Group (FMG), THE Mining, SRG Global Mining, UON Pty Ltd, MACA Mining, Downer EDI, Hancock Prospecting Pty Ltd",15,11,"Dry hire of mining and construction equipment,…Dry hire of mining and construction equipment, Site services - design, install, and maintenance, Transport of heavy equipment, hire and sales of access equipment, earthmoving and construction equipment sales.",59,"Pilbara, Kimberley, Goldfields, Great Southern,…Pilbara, Kimberley, Goldfields, Great Southern, Wheatbelt, Mid-West, Southwest, Perth",,,,,Yes,
KAW Group,92,,Jared Fitzclarence(Managing Director),1983,54,52,,"RioTinto, BHP, Citic, FMG, Yara, Woodside",3,,"Mechanical & structural engineering; engineering…Mechanical & structural engineering; engineering fabrication & maintenance; advanced welding services - welding QA, exotic metals, HEM, structural; hydraulic power systems; hydraulic hoses and cylinders; 3D laser scanning; engineering design & drafting; site project services",38,Pilbara,$16.40m,$12.10m,$22.60m,$17.20m,Yes,KAW Engineering Pty Ltd
Black Diamond Drilling Services Australia,116,,Andy Yang(Managing Director),1999,25,NFP,30,FMG/RIO TINTO/CITIC PACIFIC MINING/NEWMONT,2,3,"Drilling equipment and tools for mineral…Drilling equipment and tools for mineral exploration, mining, water well and geotechnical sectors.",95,Pilbara/Goldfields/Bowen Basin/Sudbury,NFP,NFP,NFP,NFP,Yes,Black Diamond Drilling Services Australia
Jevons Robotics,145,,Todd Peate(Chief Executive),2022,13,1,1,,1,,,90,,,,,,Yes,
Murray Engineering,25,22,Mark Coughlan(Chief Executive Officer),2006,388,,,,2,2,"Underground electrical starter panels,…Underground electrical starter panels, distribution boards, MCC's and skid-based substations, trailing cable repair and supply, surface and underground electrical installations, vertical cable installations, mechanical and electrical engineering, HV cable terminations, underground machine retrieval services, underground machine rebuilds and repairs, mine-spec light vehicles, hydromining and solids dredging, pump audits and testing, pump overhaul and repair, motorisation and skid packaging, pump rental and aftermarket services, stainless steel fabrication for water and wastewater applications, automation & control systems including TeleOp and RRC, underground machine hire/sales, underground safety products, service exchange components and spare parts, component refurbishment and testing, site maintenance and repair contracts, blast and spray painting, custom fabrication and repair, sheet metal services, structural steel, modular structures, and skid-based equipment.",80,"Goldfields, Peel, Pilbara, Kimberley, Hunter,…Goldfields, Peel, Pilbara, Kimberley, Hunter, South Australia, Bowen Basin, Latrobe Valley, Tasmania",NFP,NFP,NFP,NFP,Yes,
Myelec Electrical Wholesalers,89,,Bradley Rzemek(General Manager),2006,NFP,,NFP,"Rio Tinto, Woodside, Acciona, BHP, Fortescue…Rio Tinto, Woodside, Acciona, BHP, Fortescue Metals, Linkforce, Ventia",10,,ElectricalIndustrialMining Services,NFP,All of WA,NFP,NFP,NFP,,Yes,
Northfleet,34,26,"James Staples(General Manager, Sales)",2006,250,,,Rio Tinto; Woodside; BHP Iron Ore; Civmec;…Rio Tinto; Woodside; BHP Iron Ore; Civmec; Primero; Oz Minerals; Fortescue; Sodexo; Duratec; Monadelphous; McConnell Dowell; Maca; PLS; Downer; Warrikal; Greatland; Newcrest; Linkforce; Mineral Resources; NRW; Ventia; Pilbara Ports,6,,"Fully mine-spec small and large buses, 4WD's,…Fully mine-spec small and large buses, 4WD's, trucks and light vehicle hire; Remote Minesite Transfers (shutdowns, camps, airports); Ad-hoc bus charters; Mobile Crane dry and wet hire; OSOM, logistics support, general freight, oversize transport, heavy haulage, line hauling, hot shot trucking, specialised projects, and time-critical services.",NFP,"Pilbara, Perth Metropolitan, Goldfields, South…Pilbara, Perth Metropolitan, Goldfields, South West",,,,,Yes,
MLG Oz,10,13,"Murray Leahy(Founder, Chief Executive, Managing Director)",2002,"1,400",150,25,"Northern Star Resources, Gold Fields, Ramelius…Northern Star Resources, Gold Fields, Ramelius Resources, Westgold, Newmont Corporation, Evolution Mining, Vault Limited, Genesis Minerals, Fortescue, Ora Banda Mining, Roy Hill",2,,"Bulk ore haulage and integrated services,…Bulk ore haulage and integrated services, crushing and screening, open pit mining, civil and construction, and aggregate and sand supplies.",95,"Kalgoorlie, Goldfields Region, Esperance, Fitzroy…Kalgoorlie, Goldfields Region, Esperance, Fitzroy Crossing, Northern Territory",$4.75m,$3.84m,,,Yes,
Bull Motor Bodies,63,63,Andy Park(Executive Chair),1996,141,,,"Mader Contracting, BHP, FMG, Rio Tinto, Water…Mader Contracting, BHP, FMG, Rio Tinto, Water corp, Western Power, WA Police, St Johns Ambulance, DFES.",2,2,"Designer and manufacturer of specialised light…Designer and manufacturer of specialised light vehicle fleet solutions, primarily serving the mining industry and its downstream sectors, along with government agencies and emergency services.",65,Australia wide,NFP,NFP,NFP,NFP,Yes,Bull Motor Bodies Pty Ltd
Weir,55,,Bernard Brussow(Director - West),,160,,,"Fortescue Metals Group, Roy Hill Holdings,…Fortescue Metals Group, Roy Hill Holdings, Newcrest Mining, Newmont Corporation.",3,18,"Our Service centres, provide in-house engineering…Our Service centres, provide in-house engineering support, maintenance and service for the mining industry. 
The team specialise in the repair and overhaul of a range of Weir Minerals process equipment including Warman®
pumps, Cavex® hydrocyclones, Isogate® valves , Trio® crushers and HPGR as well as external pump brands. 
The Service Centre has a dedicated Linatex® rubber shop 
with specialists providing the design and servicing for Linatex® rubber lining for tanks, pipes and process equipment. The team also provides full on-site rubber lining services.
Our Service Centers are certified to Quality Assurance System ISO9001:2000, ISO14001:2004 Environmental Management and OHSEAS18001/AS4801 Safety Management System standards. The team operates using a Lean manufacturing approach.",90,"Pilbara, Kimberely, Murchison, Goldfields, Port…Pilbara, Kimberely, Murchison, Goldfields, Port Hedland , South West",,,,,,
Bunbara,160,,Nikky Barney-Irvine(Director),2019,8,NFP,NFP,"Shell, Woodside, Inpex, Wood, Worley, BAE Systems,",1,,"Supply of:
•Process Piping: Pipes, fittings,…Supply of:
•Process Piping: Pipes, fittings, flanges, bolts, and stud bolts in all material grades and sizes, including:
   -Carbon Steel & Low Temp
   -High-Yield Carbon Steels
   -Austenitic Stainless Steels
   -Duplex & Super Duplex
   -Nickel Alloys
   -Other rare and hard-to-find materials

•Valving: A wide selection of valves designed for various applications, ensuring optimal control and safety.

•Instrumentation: Advanced products delivering precise and reliable performance.",95,Australia wide,NFP,NFP,$12.00m,$8.00m,Yes,Privately owned Nikky 51% Pamela 49%
Saltbush Contracting,54,,Lachlan Jones(General Manager),2004,165,,,,4,,"Bulk haulage, surface mining, road construction,…Bulk haulage, surface mining, road construction, tailings dam construction, mine site services, crushing and screening, civil construction, mining equipment hire, heavy haulage",95,Western Australia,,,,,Yes,
Multiplant Holdings,47,31,Nader El Sayed(Managing Director),2009,NFP,NFP,NFP,"Rio Tinto, Roy Hill, Mineral Resources",2,,"Bulk and detailed earthworks
Foundation…Bulk and detailed earthworks
Foundation preparation
Roads and carparks (sealed and unsealed)
Road construction, maintenance and dust suppression
Sealing and line marking
Road furniture and signage
Land development & subdivisions
In-ground services
Rehabilitation and remediation
Load and haul
Mobile crushing and screening
Dewatering; poly welding, pipe and valve installation
Airstrip construction and refurbishment
Tailings dams and evaporative ponds
Pipelines (overland & underground)
Culverts and drainage
Run-off mine pads
Temporary fencing & barricading
Waste and potable water treatment
Borrow pit and quarry management
Non process infrastructure earthworks
Accommodation camps & site facilities
Wet and dry hire services
Rail formations
Rail infrastructure maintenance
Concrete remediation work
Engineering and Design
Structural, mechanical, piping
Shutdowns / Surface / Underground / turnarounds
Sustaining capital works
Access solutions
Facilities maintenance
Insulation and services
Flange management
Pump maintenance
Mine maintenance
Paste and tailing backfill
Shutdown support teams – management and labour
Underground Grouting and install
Underground Rising Main Supports
Underground Ladder Ways Installation
Underground ventilation systems
Underground equipment and tooling
Underground Dewatering
Pump Stations",NFP,"Pilbara, Kimberley, South West, Goldfields -…Pilbara, Kimberley, South West, Goldfields - throughout WA",NFP,NFP,NFP,NFP,Yes,
NRW Holdings,1,1,"Jules Pemberton(Chief Executive, Managing Director)",1994,"4,898",NFP,NFP,"BHP, Rio Tinto, Fortescue, Evolution Mining",9,4,"civil construction, bulk earthworks, road and…civil construction, bulk earthworks, road and rail construction concrete installation, contract mining, drill and blast services,  OEM, refurbishment and rebuild services for earthmoving equipment and machinery, tailored mine to market solution, specialist maintenance (shutdown services and onsite maintenance), Non- Process Infrastructure, innovative materials handling capability and complete turnkey design, construct & operation of minerals processing and energy projects.",NFP,"Pilbara, Kimberley, Mid West, South West,…Pilbara, Kimberley, Mid West, South West, Goldfields",$2.90bn,,NFP,NFP,Yes,NRW Holdings Limited
SSH Group,35,,Daniel Cowley-Cooper(Managing Director),2021,250,250,,,2,,"SSH Group Ltd has a portfolio of businesses…SSH Group Ltd has a portfolio of businesses servicing Australia's Mining, Civil, and Construction Industries.",NFP,"Pilbara, Gold Fields, Mid West",,,,,Yes,
Pindari WA,,,David Pidek(Managing Director),1997,,,,,,,,,,,,,,,
Applied Pollution Control,117,95,Hank Wadia(Managing Director),1995,NFP,NFP,,"Rio Tinto, FMG, Granny Smith Mining, BHP, Westgold",1,,"Dust and Fume Extraction - design engineering,…Dust and Fume Extraction - design engineering, fabrication, installation, maintenance",60,"Pilbara, Kalgoorlie Gold Fields, Meekatharra,…Pilbara, Kalgoorlie Gold Fields, Meekatharra, Iron Bridge",NFP,NFP,,,Yes,
Wallis Drilling,29,24,Graeme Wallis(Executive Director),1965,320,,,,,,"Mineral Drilling, Mining Contract Drilling.",NFP,,,,,,Yes,
Hinco Instruments,161,,,1956,7,,,"Newmont, FMG, Rio Tinto, Alcoa, Northern Star…Newmont, FMG, Rio Tinto, Alcoa, Northern Star Resources, Evolution, Goldfields,",1,,"NATA & Traceable Calibrations and Repair &…NATA & Traceable Calibrations and Repair & Service of Process Control and Test & Measurement Instruments.
Installation and Commissioning of data loggers, Telemetry Systems, Water Analysers and other instruments.",50,All,,,NFP,NFP,Yes,
Sedgman,37,53,"Steve van Barneveld(Executive General Manager, APAC)",2001,NFP,,NFP,"BHP, FMG, Roy Hill, Rio Tinto",1,23,"Engineering and Design, EPC, EPCM, Execution,…Engineering and Design, EPC, EPCM, Execution, Commissioning, Operational Readiness, Operations.",NFP,"Pilbara, Goldfields",NFP,NFP,NFP,NFP,,CIMIC Group
All Metal Industries,146,130,Matthew Wimmer(Managing Director),2019,13,,,,1,,Aluminium wholesaler and distributor.,20,,,,$17.50m,$15.20m,Yes,
Ausenco,41,,Reuben Joseph(President - APAC/Africa),1995,NFP,,,,,2,"Mine planning, Mine optimisation, Mine studies,…Mine planning, Mine optimisation, Mine studies, Pipelines, Transportation and Logistics, Asset Management and Optimisation, Project Delivery",NFP,,,,,,Yes,
Pacific Energy,17,,"James Cullen(Chief Executive, Managing Director)",1981,680,450,30,"Anglogold Ashanti, Westgold, PLS, Northern Star,…Anglogold Ashanti, Westgold, PLS, Northern Star, Genesis Minerals, Gold Fields, Roy Hill, Tronox, Regis Resources",4,4,"Remote energy, integrated renewables, Build Own…Remote energy, integrated renewables, Build Own Operate,
In-house design and manufacturing, hydrogen refueling stations.",80,"Pilbara, Kimberley, Gascoyne, Mid West,…Pilbara, Kimberley, Gascoyne, Mid West, Goldfields.",NFP,NFP,NFP,NFP,Yes,Pacific Energy Group Holdings Ltd
The GO2 People,,,,2011,,,,,,,,,,,,,,,
Alloy Steel International,84,,Steven Kostecki(Managing Director),1990,NFP,,,,1,1,Wear plate solutions.,85,All mining areas in Australia plus sales to 25…All mining areas in Australia plus sales to 25 countries,,,$72.94m,$67.96m,Yes,Alloy Steel International Inc.
Warrikal,9,10,Amanda Healy(Chief Executive),2017,"1,500","1,500",,"BHP, Fortescue Metals Group, Rio Tinto, Pilbara…BHP, Fortescue Metals Group, Rio Tinto, Pilbara Minerals, Roy Hill",3,,"A multidisciplined service provider focusing on…A multidisciplined service provider focusing on shutdowns, maintenance and sustaining capital projects. Skills include mechanical,  electrical, scaffolding, rope access, civil, water, SMP and non-process infrastructure.",100,"Pilbara, Goldfields",NFP,NFP,NFP,NFP,Yes,
Monford Group,48,,Ciaran Shannon(Chief Executive),2010,200,,,,1,2,"Integrated, multidisciplinary company, able to…Integrated, multidisciplinary company, able to mobilise experienced teams to site with minimal lead times. Their fleet of modern, well-maintained vehicles and equipment ensures high efficiency with minimal down-time.",NFP,"Mine sites across Australia including projects in…Mine sites across Australia including projects in ACT, regional QLD and the Pilbara WA.",,,,,Yes,
Blue Moon Resources,,,,,,,,,,,,,,,,,,,
Nyimili Hire and Contracting,162,,Angelo Radeski(Director),2022,NFP,,,,1,,"Labour, plant, camp services, non-process…Labour, plant, camp services, non-process infrastructure, bus and transport services.",NFP,,,,,,Yes,
Kariyarra Resources,155,,Angelo Radeski(Director),2022,NFP,,,,2,,"Labour, plant, camp services, non-process…Labour, plant, camp services, non-process infrastructure, bus and transport services.",NFP,,,,,,Yes,
SMS Mining Services,36,,"Daniel Sweeney(Founder, Managing Director, Chief Executive Officer)",2000,NFP,NFP,NFP,"Rio Tinto, BHP, FMG, Pilbara Minerals",3,,,NFP,"Pilbara, Goldfields",NFP,NFP,NFP,NFP,Yes,Varde Partners
BWE Drilling,49,,Darren Guild(Chief Executive),2011,200,200,NFP,"BHP, Rio Tinto, Fortescue Metals Group, Vault…BHP, Rio Tinto, Fortescue Metals Group, Vault Minerals, Northern Star Resources, Genesis Minerals",2,,"Diversified drilling services:
- Drill & Blast
…Diversified drilling services:
- Drill & Blast
- Waterwell drilling
- Exploration drilling
- Grade control drilling",100,"Pilbara, Goldfields, Murchison, Kimberley",,NFP,,,Yes,ASX:DDB
Radlink Communications,,,,2007,400,,,,,,,,,,,NFP,,,
Kuuwa Rentals,157,106,Wes Chapman(Managing Director),2019,12,,,"BHP, Min Res, Griffon Coal, South32",2,,Mining rental company.,75,"Pilbara, Kalgoorlie, South West, Metro",,,,,Yes,
Piacentini & Son,,,Brad Piacentini(Executive Director),1944,814,,,,,,,,,,,,,,
WesTrac,5,5,Jarvas Croome(Chief Executive),1989,"2,964",,,"BHP, Rio Tinto, Fortescue Metals Group, Mineral…BHP, Rio Tinto, Fortescue Metals Group, Mineral Resources, MACA Mining",11,19,"Authorised Caterpillar dealer, machinery and…Authorised Caterpillar dealer, machinery and construction equipment, finance, maintenance and resale services.",75,"Kimberley, Pilbara, Midwest, Wheatbelt,…Kimberley, Pilbara, Midwest, Wheatbelt, Goldfields, South West, Great Southern, Peel, Perth",,,,,Yes,
KCA Site Services,,,Adam Wilson(Co Founder & Managing Director),2016,285,285,4,"Northern Star Resources, Barminco, Evolution…Northern Star Resources, Barminco, Evolution Mining, Byrnecut, Macmahon, Gold Fields, Westgold, Vault, Catalyst, Redpath, Ramelius, Anglogold,",2,,"Recruitment Services
Equipment Hire
Civil Works…Recruitment Services
Equipment Hire
Civil Works
Underground Projects & Services
Shutdown Maintenance",100,"Goldfields, Southwest, Kimberley & Pilbara",NFP,NFP,NFP,NFP,Yes,
