Company Name,Current Rank,Previous Rank,Senior Executive Name & Title,Year established,Total staff in WA,Number of engineers in WA,Offices in WA,Offices interstate,Current projects (top 5 only),Services offered,WA Revenue previous financial year,WA Revenue most recent financial year,Location of Head Office,Is the organisation headquartered in WA?,Ultimate holding company
Thales Australia,48,32,,,139,58,4,22,,"Leading international electronics and systems…Leading international electronics and systems group serving the defence, aerospace and space, security, and ground transport markets in Australasia and throughout the world.",,,"Sydney, NSW",,Thales Australia
OneSubsea,,,,,,,,,,,,,,,
McCoy Engineering,,117,Brad McCoy(Managing Director),1976,,,1,,,"Corrosion and cathodic protection, suppliers of…Corrosion and cathodic protection, suppliers of specialist materials, quality installation and maintenance contractors.",,,Osborne Park,Yes,
CSE Transtel,104,,Noel Northcott(General Manager),2003,40,NFP,2,1,,"Wide & Local Area Networks, Fibre Optics,…Wide & Local Area Networks, Fibre Optics, Satellite, Structured Cabling, SDH/ PDH, OTN, WAN (TCP-IP & UDP), LAN (Ethernet), WLAN, Industrial Ethernet, Safety and Security Systems, Access Control, People On Board (POB), E-Mustering, Man Over Board (MOB), Telemedicine, CCTV (Video & Thermal), Video Analytics, Intrusion Detection (MW & FIDS), Radar EWS, In-Plant Communications, Public Address / General Alarm, Page / Party, Intercom, PABX Telephony, Hot Line, Sound Powered Telephone, Entertainment, Nav Aids & GMDSS, Radar & RACON, ECDIS, AIS, Gyrocompass, DGPS Positioning, Navtex, Weatherfax, Navigation Lights, Berthing Aids, MF-Non-Directional Beacon, GMDSS, Radio Systems, Private Mobile Radio V/UHF, Trunked Radio-Analog MPT1327, Trunked Radio-Digital TETRA, VHF Marine & Aeronautical, MF / HF-SSB, UHF PMP & SCADA, Microwave PTP, SATCOMS (VSAT), Inmarsat C & BB, Remote Data Collection, Meteorological, Oceanographic, Environmental Monitoring, Oil Spill Detection, TNMS",,,West Perth,Yes,CSE Global (Australia) Pty Ltd
Aker Solutions,,123,,2011,,,2,,,"Aker Engineering & Technology (AET) is a leading…Aker Engineering & Technology (AET) is a leading international provider of front end studies, engineering, procurement and project management services needed for initiating and undertaking contracts for the oil and gas industry both onshore and offshore. A major contributor of new technology and products, new knowledge and new methods for efficient cost-saving and environmentally friendly exploitation of the world's oil and gas reserves.",,,"Oslo, Norway",,Aker Solutions
ALS,66,50,"Frank McGinty(General Manager, Mining)",1955,,NFP,4,13,,"Reliability and integrity engineering, condition…Reliability and integrity engineering, condition monitoring, inspection, non destructive testing, advanced NDT, metallurgy and mechanical testing.",,,Queensland,,ALS Limited (ASX: ALQ)
Wilshaw,,,Graham Wilshaw(Principal),1988,,,2,,,"Underground infrastructure, open pit…Underground infrastructure, open pit infrastructure, mineral processing services, engineering services",,,"Belmont, WA",Yes,
Baker Hughes a GE company,,,,,,,1,3,,,$424.41m,$257.21m,Jandakot,Yes,
Doina Engineering & Construction,,,Gerry Doyle(Director),2000,,,,,,Service and repairs of heavy duty earthmoving…Service and repairs of heavy duty earthmoving equipment and fixed plant parts,,,Kwinana,Yes,
ABB,,,,,,,,,,,,,,Yes,
CSE Comsource,143,107,Melanie Hazebroek(WA Regional Manager),2011,10,NFP,1,3,,"Design and engineering, procurement, testing and…Design and engineering, procurement, testing and commissioning, planning and scheduling, implementation, repairs and maintenance.  Fibre optic cable networks, copper cable networks, CCTV systems, electronic access control (EACS), monitored fire detection systems, PAGA systems, electronic navigational aids (Kelvin Hughes), meteorological systems, ship security alert systems (SSAS), maritime systems, wide area network (WAN), local area network (LAN), UHF digital trunked radio (TETRA, P25, DMR), VHF radio, radio consoles, paging systems, microwave, VSAT, satellite, telemetry.",,,Osborne Park,Yes,CSE Global (Australia) Pty Ltd
2H Offshore,,,"Elizabeth Tellier(Director, Perth)",,,,,,,,,,,Yes,
Electro 80,45,30,Sergej Divkovic(Managing Director),1987,77,63,1,2,"EEI Network Upgrades,Fiona Stanley Hospital,…EEI Network Upgrades,Fiona Stanley Hospital, Perth Airport Upgrade,Cape Lambert/Dampier Upgrades, Parker Point EEI","Industrial electrical, automation and controls…Industrial electrical, automation and controls services to the oil and gas, mining, power, chemical and manufacturing industries.",NFP,NFP,"Belmont, Western Australia",Yes,Automation Partners Pty Ltd
BRE Engineering,56,,,2015,48,45,1,,,"Scope Australia offers multi-disciplinary…Scope Australia offers multi-disciplinary services to the mining, oil & gas, infrastructure and government sectors in Australia and overseas. We are typically engaged in a lead capacity, enabling us to fully leverage our integrated management system, which helps to ensure the provision of multi-disciplined services is managed efficiently and provides our clients with certainty in project outcomes.

Our core services are provided across a range of project types and elements within our operational sectors and are generally classified as strategic project planning and approvals, studies (scoping, PFS, DFS, FEED); multi-disciplinary engineering and design services (either discipline specific or integrated), engineering design support for sustaining capital works, project services (including cost/project controls, scheduling, quantity surveying, estimating, contracts and procurement); project delivery (PMC, owner’s engineer), EPC project delivery (focussed on minerals processing), independent third party due diligence reviews; constructability reviews and value engineering.",,,"West Perth, Western Australia",Yes,
FTE Engineering,159,123,Charlie Po(Office),1986,15,1,1,,,"Engineering design, steel fabrication (carbon,…Engineering design, steel fabrication (carbon, aluminium and stainless), hydraulics, on-site construction, crane services and abrasive blasting and painting.",,,"Busselton, WA",Yes,
NVR Solutions,157,116,Simon Hubble(Director),2004,NFP,NFP,1,,"Port of Esperance security surveillance upgrade…Port of Esperance security surveillance upgrade 2017-2018 Fremantle Ports design and consultancy, Surveillance and Access Control upgrade Sodexo Weipa SPQ mess ticketing and surveillance system, Esplanade Apartments access control and intercom upgrade","CCTV engineering; design, project management and…CCTV engineering; design, project management and installation and service
Thermal imaging detection systems; design, installation and service
Access control ; design, project management, installation and service
Custom software integration services for security and process
Gate entry data mining and verification systems",NFP,NFP,Osborne Park,Yes,
Honeywell,,,,1962,,,1,,,,,,,Yes,
Auto Control Systems,98,,John Watts(General Manager),2006,50,16,,,,,,,,Yes,
Icon Engineering,79,60,David Field(Managing Director),1997,40,25,1,,,"Facilities design and engineering services from…Facilities design and engineering services from concept through to construction, offshore facilities installation, drilling rig upgrades and specialty equipment supply.",,,Perth,Yes,
Como Engineers,,,Grant Blakeman(Managing Director),1986,75,,1,1,,Engineering services for the minerals industry,,,"Level 2, 38 Richardson Street, West Perth, WA,…Level 2, 38 Richardson Street, West Perth, WA, 6005",Yes,
Karridale Group,140,105,Bill Wang(Chairman),2010,200,5,1,,Sino Iron Project,"Supply and installation/construction/maintenance…Supply and installation/construction/maintenance of detailed earth works, concrete, structural, mechanical and piping installation, electrical and instrumentation.",,NFP,Perth,Yes,
OSD,,,"Keith Horstmann(Executive Director, WA)",2005,,,1,2,,,,,Brisbane,,
Galvin Engineering,141,107,Chris Galvin(Executive Director),1930,70,5,1,3,"Institute of Mental Health - Singapore, Karratha…Institute of Mental Health - Singapore, Karratha Hospital, Greybase Hospital NZ, Redcliffe Hospital QLD, Grafton Prison NSW","Manufacturer and supplier of commercial tapware…Manufacturer and supplier of commercial tapware and accessories, fire/civil products and brassware.",,,"Perth, WA",Yes,N/A
Inflatable Packers International,,,"Clem Rowe(Managing Director, Chief Executive)",1999,,,,,,,,,,Yes,
Bossong Engineering,146,115,,1988,50,NFP,1,,,"Hard banding for oil and gas, drill pipes, robot…Hard banding for oil and gas, drill pipes, robot welding hard facing and manual fabrication, CNC Machining, Repair and maintenance services,",,,"Welshpool, WA",Yes,
Simmons Global,,,Dave Simmons(CEO),,,,1,,,,,,"O'Connor, Perth",Yes,
DIAB Engineering,,,Glen Payne(Chief Executive),1970,,,,,,,,,,Yes,
John Holland,35,22,"Lindsay Albonico(Executive General Manager, Special Projects)",1962,NFP,NFP,1,4,NorthLink WA - Southern Section,"We are about finding solutions to complex…We are about finding solutions to complex challenges and opportunities. We work across sectors, from infrastructure and property development to rail and building, to benefit communities.

This depth and breadth means we go further to serve the needs of our customers.

We can help at any point of the project lifecycle – from origination, financing and development to design and construction, operations and maintenance.",,,Melbourne,Yes,CCCC International Holding Ltd.
Adra Group,123,99,Robert Osborn(Chief Executive),2006,NFP,NFP,1,3,,"Asset inspection, asset performance optimisation,…Asset inspection, asset performance optimisation, design audits and certifications, engineering solutions, project delivery, secondment",,,Perth,Yes,
McDowall Affleck,112,75,Michael Ferritto(Managing Director),1978,22,12,1,,"Karratha Mercury Plant, Structural Engineering…Karratha Mercury Plant, Structural Engineering for Rio Dampier Salt, MKSEA Industrial Area, Swan River Pedestrian Bridge, Forrestfield Link","A comprehensive range of consulting engineering …A comprehensive range of consulting engineering (civil, structural, mechanical), design, project management and construction solutions.",NFP,NFP,69 Great Northern Highway Midland WA 6056,Yes,
Norman Disney & Young,74,53,Darrel Williams(Office Director),1959,35,NFP,1,6,,"Specialises in planning, design and project…Specialises in planning, design and project management of national and international projects across a range of industries including commercial, industrial and infrastructure.",,,"Sydney (H/O Accounts), Melbourne (H/O Marketing…Sydney (H/O Accounts), Melbourne (H/O Marketing/Corp)",Yes,NDY Management Pty Limited
McDermott International,65,,Bill Calligeros(Country Manager - Australia),1984,NFP,NFP,1,,,,,,"Houston, USA",Yes,
Verbrec,34,13,,1993,115,85,3,6,"Water Corporation SCADA Replacement, RTIO West…Water Corporation SCADA Replacement, RTIO West Angelas Gas Pipeline Realignment, BHP Port Electrical Upgrades, Cape Preston Stockyard Management Systems, Coogee Chemicals Product Tank Valve Automation","Digital Industry - Control, automation and…Digital Industry - Control, automation and industrial data solutions development & implementation. Pipelines - gas, fuel, slurry & water system design & implementation. E&I - design and installation. Multidisciplanary engineering - process plants. Asset management - audits & MMS. Competancy Training - RTO courses tailored for site specific requirements.",NFP,NFP,Brisbane,Yes,LogiCamms Ltd
METS Engineering Group,130,,Damian Connelly(Principal Consulting Engineer),1988,15,8,1,,,Engineering services - processing/ metallurgy/…Engineering services - processing/ metallurgy/ mechanical/ structural/ civil,NFP,NFP,West Perth,Yes,
SGS Australia,86,80,Riaan Jonker(Operations Manager WA Geochem),1993,80,21,3,40,,"Metallurgical testing: Mineral processing  (batch…Metallurgical testing: Mineral processing  (batch and pilot), Metallurgical testing: Hydrometallurgy (batch and pilot), Geometallugical Consulting, High Definition Mineralogy, Geochemistry.

SGS Radiation Services is the leading radiation service provider in Australia, with over 25 years of professional experience in mining, oil and gas, and other industries. As a registered licence holder under the Radiation Safety Act, they provide high level client consultation to maintain regulatory compliance, and avoid potential legal and financial repercussions from unnecessary exposure to radiation sources.
An overview of the services offered through SGS Radiation Services is shown below;
•	Radiation Surveys – Including baseline surveys; NORM accumulation in processing plants for oil and gas operations, mineral sands and mining operations. 
•	Site Audits – On site auditing including static level and density gauges.
•	RMPs – Development of site specific Radiation Management Plans.
•	Training & Additional Services – Such as emergency response, transport and analysis of radioisotopes, supply and calibration of monitoring equipment, and licenced training courses for Radiation Safety Officers (RSO’s).
•	Static Gauges – Including supply and disposal of radiation sources, Refurbishment of gauge housings and recertification of sources.

SGS Environment, Health & Safety (EHS) incorporating SGS Radiation Services incorporates a network of laboratories and office locations within Western Australia and other states and territories. Their business covers all facets of chemical, biological, industrial and radiological testing within our laboratory network for a wide variety of industries from local, state and federal governments, Engineering firms, resource companies, agricultural and chemical processing facilities to the general public. 
The core tasks associated with this part of the EHS business are testing air, vapour, soil, water, products and processes against local, state and federal regulations.
SGS offers NATA accredited services for; Field sampling (air, gas, vapour, water); Chemical, radiation and biological testing; Vapour, gas and air testing; Occupational hygiene testing

SGS Mineral Services Australia
SGS provides support to their customers both as a strategic partner and technical advisor. Through their global network of over 100 laboratories they have a unique ability to draw on their worldwide expertise and experience.bSGS has an unparalleled network of commercial and onsite mine geochemical laboratories in Australia. These laboratories are dedicated to providing a complete approach to your geochemical needs.
Uniform Analytical Methods - All SGS geochemical laboratories worldwide utilise the same global methods, analytical codes and sample preparation techniques. The CCLAS Laboratory Information Management System (LIMS) is used in all SGS laboratories to collate and report data as well as providing statistical quality assurance. This ensures a uniform quality of service is provided at all of our laboratories. Superior analytical turnaround is provided to customers through our ability to utilise xcess capacity in all facilities in the global network. Utilising the SGS global network operating protocols, SGS is able to offer excellent quality, data processing, reporting and turnaround from all of our laboratories.

More information relating to SGS' operations and services can be found on their website - 
www.sgs.com.au",,,Perth Airport,Yes,SGS Australia Pty Ltd
Orontide Group,139,115,,1979,330,5,5,,"Long term maintenance support service contracts…Long term maintenance support service contracts with blue chip clients. Provide maintenance and support serivces for businesses in the mining, defence and oil and gas industries.","Maintenance engineering, specialist fabrication…Maintenance engineering, specialist fabrication and preservation services",NFP,NFP,"Henderson, WA",Yes,Orontide Group Limited
Wenco,103,84,"Paul Peca(Group Chief Executive, Managing Director)",1980,50,15,2,2,BHP Kwinana & Water Corporation Beenyup Advanced…BHP Kwinana & Water Corporation Beenyup Advanced Water Recylcling Plant,"Following is a list our divisions capabilities,…Following is a list our divisions capabilities, products and processes.
Mining (Wear/Corrosion Protection)
Servicing the bulk material handling and crushing industry in:
•	Supply of belts – Steel cord, Fabric, Sidewall, Chevron and Vacuum Filter
•	Splicing & repair materials, tools and machinery (like Winders and Vulcaniser)
•	Supply of conveyor accessories like rollers, skirts, scrapers, impact beds and more (Distributor of EZ skirts)
•	Supply of rubber lining materials (Wear & Chemical Protection)
•	Supply of pulley lagging materials for conveyors
•	Supply of Adhesives (NILOS Germany) for the rubber Industry
•	Supply of wear liners  (rubber, rubber-ceramic composite and ceramic direct bond tiles)
•	Expert technical advice
•	Field services (Rubber Lining, Conveyor & Ceramics) using Wenco preferred applicators.
•	Supply of fender products for marine applications (as attached)
Onshore Offshore Services
•	Structural Mechanical Piping (SMP)
•	GRE/GRP/GRVE, Metallic, PVC & HDPE pipe supply & installation
o	Marine grade fiberglass pipe already supplied to your contractors for Navy Frigates.
•	Piping design and engineering services
•	Shutdown & maintenance works
•	Offshore platform piping services
•	Hydro testing services
•	Blasting & painting services
•	Corrosive protective system
Heavy Engineering
•	Heavy engineering and fabrication
•	Rolling, pressing and dished end forming
•	Heat treatment
•	SMP and LSTK services
•	Supply and installation of piping
•	Supply and installation of mechanical equipment
•	Shutdown, repair and maintenance works
•	Hydro testing services",$17.00m,$22.00m,O'Connor,Yes,
Acor Consultants WA,,,"Sean Page(National Strategy Leader, Clients)",,,,1,10,,,,,,Yes,
Laing O'Rourke,33,19,,2006,NFP,NFP,3,8,Main Roads: NorthLink WA Central Section. Public…Main Roads: NorthLink WA Central Section. Public Transport Authority: Perth Stadium Station and East Perth Station Upgrade. BHP: Low Level Bridges.,,NFP,NFP,"Sydney, NSW",Yes,Laing O'Rourke Australia Pty Ltd
AIE,108,,"Kale Billett(Managing Director, Principal Engineer)",2014,15,13,2,2,,"Engineering consulting, structural integrity…Engineering consulting, structural integrity inspections, structural engineering, civil engineering, asset managment, drafting, Cathodic protection",,,"18 Edgar Street, Port Hedland, WA 6721",Yes,
ARRB Group,127,84,,1996,16,8,1,4,WND,WND,,,Melbourne,Yes,
Balance Services Group,84,71,"Rod Hayes(Group Chair, Managing Director, Chief Executive)",2011,42,22,1,,,,,,,Yes,
TL Engineering,155,127,Dan Oldham(Managing Director),1970,80,2,1,,,Vehicle body building and repairs.,$19.00m,NFP,Hazelmere,Yes,Vulcan Group Pty Ltd
Snowden,120,69,Tarrant Elkington(General Manager),1987,NFP,NFP,1,1,,,,,Perth,Yes,Datamine Software
AtkinsRealis,37,24,"Joseph McCormick(Vice President, Resources Asia Pacific)",1989,300,80,1,4,"Woodside - Scarborough; AFE - Gladstone Ammonia…Woodside - Scarborough; AFE - Gladstone Ammonia project; Shell - Prelude, ENI - GES; Chevron - Jansz IO","SNC-Lavalin provides comprehensive end-to-end…SNC-Lavalin provides comprehensive end-to-end project solutions to our clients across multiple sectors: oil and gas, mining and metallurgy, renewables and Infrastructure (rail, roads, ports and aviation). Through our acquisition of Kentz (2014) and Atkins (2015) we can now provide a holistic approach from concept, FEED, engineering and design right through to self-perform construction and management, completions & commission, operations and maintenance and late life management. All underpinned by our digital and technology know-how",,,Perth,Yes,SNC-Lavalin Inc.
Pressure Dynamics,90,76,Snezan Makic(Managing Director),1979,50,20,2,1,Woodside Energy; Chevron Australia; Inpex…Woodside Energy; Chevron Australia; Inpex Australia; BHP Petroleum; Santos,"Our hydraulic, lifting and electro-mechanical…Our hydraulic, lifting and electro-mechanical products and services include:
-  site Shutdown and maintenance services;
-  design, manufacture, installation and commissioning;
-  inspection, maintenance and repair;
-  hose integrity management;
-  flexible hose assemblies and hydraulic componentry sales;
-  storage, maintenance, and preservation of customer equipment;
-  asset management and condition monitoring;
-  brownfield, reliability engineering and engineering consulting; and
-  modelling, simulation, and training.",NFP,NFP,"Bibra Lake, Perth",Yes,Pressure Dynamics International Pty Ltd
ANEED Consult,153,126,Johan Lombard(Director),2012,NFP,NFP,1,,"Renewable Energy Innovation, Validation of…Renewable Energy Innovation, Validation of Natural Gas projects, HV Submissions Industrial Site","Industrial consulting engineers, detail design…Industrial consulting engineers, detail design and project management for electrical, instrumentation and control systems in oil, gas, petrochemical, mining, utilities and building sectors.",NFP,NFP,"Perth, WA",Yes,NA
Donald Cant Watts Corke,,,"Neil Dickson(Managing Director, WA & NT; Director)",2007,NFP,,1,7,,Property and construction,,,,Yes,Donald Cant Watts Corke
CDMS Consulting Engineers,122,98,Damien Connelly(Principal Consulting Engineer),1986,NFP,NFP,1,,,"Engineering design services covering - mechanical…Engineering design services covering - mechanical, civil, structural, process, metallurgical, electrical, design verification and registration.",NFP,NFP,West Perth,Yes,Design Engineering Pty Ltd
Engineering Technology Consultants,106,82,,1976,NFP,NFP,1,,"Kalgoorlie Econimic Transformation, Cottesloe…Kalgoorlie Econimic Transformation, Cottesloe Foreshore Redevelopment, Broome Chinatown Redevelopment, Geraldton Heath Campus, Curtin University Exchange,","Electrical services including infrastructure,…Electrical services including infrastructure, security, lifts, medical, lighting, mining and resources consulting.",,,Western Australia,Yes,
Mining Plus,59,51,Ben Auld(Managing Director),2006,NFP,NFP,1,4,,"Mining engineering, geology, geotechnical services",,,"Bravo Building, 1 George Wiencke Drive, Perth…Bravo Building, 1 George Wiencke Drive, Perth Airport",Yes,Byrnecut Mining
Momentum Engineering,57,,Chris Clayton(Managing Director),2005,85,44,1,,"Gas Pipelines Facilities, Oil and Gas Facilities,…Gas Pipelines Facilities, Oil and Gas Facilities, Alternate Energy Facilities, Chem and PetroChem Facilties","Engineering, projects, consulting across all…Engineering, projects, consulting across all disciplines including process, electrical, instrument, controls, mechanical, piping, structural, civils.",,,"Perth, WA",Yes,
Fulton Hogan,,,,2010,,,1,4,,Civil engineering.,,,"Level 2, 15 Sir William Pickering Drive, Harewood…Level 2, 15 Sir William Pickering Drive, Harewood 8545, New Zealand.",Yes,
Lindsay Dynan,124,,Scott Watson(Executive Director),,,10,1,3,,"Engineering consultancy in the areas of…Engineering consultancy in the areas of structural, civil, construction engineering, environmental and asset management.",,,Sydney,Yes,
AME Offshore Solutions,,,Gus Costas(Director),2002,,,2,,,,,,"Perth, WA",Yes,
BCA Consultants WA,80,91,Anthony Richards(Managing Director),1992,NFP,NFP,1,,Karrinyup Shopping Centre,"Provides building compliance, fire, electrical,…Provides building compliance, fire, electrical, hydraulic, mechanical and environmental consulting engineering services, construction and contracting services to the commercial, industrial, resources and infrastructure sectors.",NFP,NFP,West Perth,Yes,
Austin Engineering,137,87,"David Singleton(Chief Executive, Managing Director)",1982,115,6,1,3,Austin is a global leader in providing loading…Austin is a global leader in providing loading and hauling solutions to the mining industry.,Austin provides the mining industry with…Austin provides the mining industry with innovative loading and hauling solutions that deliver market leading products and services for each customers’ specific needs in their application.,$258.30m,$313.24m,Perth,Yes,Austin Engineering Ltd
DRA Global,15,8,"James Smith(Chief Executive, Managing Director since 2023)",2018,,NFP,1,2,Yangibana REE Project; Tom Price Structural…Yangibana REE Project; Tom Price Structural Integrity Remediation Works; Koodaideri Stackers and Reclaimer; Mt Keith Debottlenecking; Newmont Limes Tank,"Across Australia the APAC region offers a…Across Australia the APAC region offers a comprehensive total solution to customers from geology and resource estimation, studies and engineering, EPCM, EPC as well as operations, maintenance, construction and shutdown services.",,,"Perth, WA",Yes,
Beacons Consulting International,144,127,Clifford Jones(Chairman & CEO),1988,NFP,NFP,3,1,Integrated Renewable Project in the South West…Integrated Renewable Project in the South West approx $ 170M,"Consulting engineers specialising in power…Consulting engineers specialising in power generation, transportation, distribution, railway transportation systems and business management systems. Researchers and developers of a range of Agri Business Process Technologies. And Developer and Manager of Projects",,,,Yes,
Halliburton Australia,72,63,Alasdair Wood(Senior Area Manager – Australasia),1959,,31,4,8,,"Offer a diversified range of energy products and…Offer a diversified range of energy products and services including sperry drilling, baroid, drill bits and services, cementing, production enhancement, pipeline and process services, completion tools, testing  and subsea, landmark software and asset solutions.",,,"Houston, USA.",Yes,
NGI,94,82,Noel Boylan(Managing Director),2014,20,20,1,,,Consultancy and R&D services related to…Consultancy and R&D services related to geotechnical engineering and geoscience. Services are focused primarily on Offshore Energy (Oil&Gas and Renewables) and Mining sectors.,NFP,NFP,Norway,Yes,
R Moore & Sons,78,69,Stuart Davis(General Manager),1920,65,25,1,,"OEM's, Defence, Mining, Marine, Power Generation.","Commercial / industrial diesel & gas engineering…Commercial / industrial diesel & gas engineering. Engine component inspection, testing and remanufacturing. Diesel fuel injection testing and remanufacturing. Turbocharger Overhauling Diesel Engine Dyno Testing up to 2,100HP.",,,"Kewdale, Western Australia",Yes,
Meridian Engineers Pty Ltd,138,119,Anthony Pruiti(Managing Director),1987,14,6,1,1,Rio Koodaideri Outgo train weighbridge; BHP South…Rio Koodaideri Outgo train weighbridge; BHP South Flank TLO2 Outgo and Bin Weighing; BMA Outgo Weighbridges 2 sites: Boodarie Static Loco Weighbridge; Aurizon High Speed Weighbridges,"Train weighing systems, train load out systems,…Train weighing systems, train load out systems, bin weighing systems, engineering consultancy services.",NFP,NFP,Osborne Park,Yes,
GHS Engineering,156,107,Andrew Pitcher(Director),1990,65,2,2,,,"Structural engineering, drafting & design…Structural engineering, drafting & design. mechanical engineering, drafting and design, scaffold engineering, drafting & design",NFP,NFP,Geraldton,Yes,
Mondium,89,78,,2016,60,20,1,,"Rio Tinto: Western Turner Syncline Phase 2,…Rio Tinto: Western Turner Syncline Phase 2, Talison Lithium Australia Pty. Ltd: Tailings Retreatment Project, Galaxy Lithium Australia Limited: Mt Cattlin Yield Optimisation Project, Talison Lithium Australia Pty. Ltd: Chemical Grade Feed System Project",Multidisciplinary engineering and construction…Multidisciplinary engineering and construction capabilities for the delivery of EPC mineral processing projects and related infrastructure.,,,"Perth, WA",Yes,
Macmahon Holdings,51,123,"Michael Finnegan(Chief Executive, Managing Director )",1964,"2,212",51,2,2,"Batu Hijau, Tropicana, Byerwen, Telfer, Mount…Batu Hijau, Tropicana, Byerwen, Telfer, Mount Monger",Contract mining across Australia and South east…Contract mining across Australia and South east Asia. Offers the full range of surface and underground mining services.,$710.30m,$1.10bn,"West Perth, WA",Yes,Macmahon Holdings Limited
TABEC,129,96,Chris Bitmead(Director),2000,NFP,NFP,1,,"Shorehaven, Lakelands, Rivergums, Atlantis Beach,…Shorehaven, Lakelands, Rivergums, Atlantis Beach, Port Geographe, Rivermark",Civil consulting engineers - land development and…Civil consulting engineers - land development and civil infrastructure.,NFP,NFP,West Perth,Yes,TABEC Pty Ltd
Atamo Innovations,131,112,Peter Barrow(Chief Executive),2003,13,8,1,,Client confidential,"Electronic engineering, production engineering,…Electronic engineering, production engineering, embedded hardware and software development, system integration, network design, systems engineering.",$1.20m,$1.50m,"Perth, WA",Yes,
Urbii,152,131,Paul Ghantous(Director),2018,7,3,1,,,"Traffic engineering, transport planning, road…Traffic engineering, transport planning, road safety, parking consulting, sustainable transport, transport modelling, integrated transport plans, Local Government consulting.",,,WA,Yes,
VEEM,119,96,Mark Miocevich(Managing Director),1968,190,10,1,,,"VEEM Ltd is a designer and manufacturer of…VEEM Ltd is a designer and manufacturer of disruptive, high-technology marine propulsion and stabilization systems for the global luxury motor yacht, fast ferry, commercial workboat and defence industries.",NFP,NFP,Canning Vale,Yes,ASX Listed
KAPP Engineering,107,92,Peter Parlongo(Managing Director),2005,14,14,1,,,"KAPP Engineering provides world-class electrical…KAPP Engineering provides world-class electrical engineering services and products in the field of industrial automation and process control. Our focus is on quality, innovation and providing our customers with committed customer support.",NFP,NFP,Balcatta,Yes,
Highway Construction,113,,Dean Capelli(Managing Director),1986,32,11,1,1,,"Civil engineering - delivering and managing road,…Civil engineering - delivering and managing road, bridge and pavement construction contracts.",,,"300 Collier Road, Bassendean WA 6054",Yes,
JDSI Consulting Engineers,91,75,Steven Foley(Founding Director),2007,NFP,NFP,1,,"Port Coogee Marina, Sienna Wood, Kingsford Estate…Port Coogee Marina, Sienna Wood, Kingsford Estate, Eliwana Camp, Iluma Private Estate","At JDSi, we specialise in comprehensive planning,…At JDSi, we specialise in comprehensive planning, design and construction solutions for land development, resources and infrastructure projects of any size and complexity. We work with private and government organisations on large scale urban developments, as well as projects throughout regional Western Australia.",,,Perth,Yes,
MSP Engineering,162,11,Peter McSweeney(Executive Chair),1969,3,1,1,,,"MSP is a multi-disciplinary engineering…MSP is a multi-disciplinary engineering consulting and contracting business, specialising in EPC work for metals and industrial minerals. Services include studies and evaluation, process engineering design, EPC contracting, project management and operational support.",,,"West Perth, WA",Yes,
SRK Consulting,54,45,"Carl Murray(Principal Consultant, Mining)",1994,75,50,1,5,,"Due diligence, independent technical reports,…Due diligence, independent technical reports, project evaluation, basin studies, exploration targeting, geological mapping, geophysics, resources: modelling and estimation, feasibility studies, geotechnical engineering, mine water management, open pit mining, tailings and waste management.",,,Perth,Yes,SRK Consulting (Australasia) Pty Ltd
Hofmann Engineering,,,Erich Hofmann(Managing Director),1969,,,,,,,,,,Yes,
Bechtel,73,64,,1995,70,30,3,9,Pluto Train 2,"Engineering, procurement, construction,…Engineering, procurement, construction, construction management, project/program management.",,,"Houston, Texas , USA.",Yes,"Bechtel Group, Inc."
Flo Solutions,161,144,Carl Pettersson(Managing Director),1990,NFP,NFP,1,,WND,WND,,,"Rockingham, WA",Yes,
Power & Energy Services,158,119,Simon Ashby(Managing Director),1995,2,2,1,,Aboriginal Community Power Supplies. Asset…Aboriginal Community Power Supplies. Asset management reviews. Substation  design.,"Consultancy services in energy, power generation…Consultancy services in energy, power generation and distribution.",NFP,NFP,,Yes,Siera Pty Ltd
UGL,40,37,Brendan Chaplyn(General Manager Resources (West)),1970,NFP,75,1,9,,"UGL is a diversified services company delivering…UGL is a diversified services company delivering critical assets and essential services that sustain and enhance the environment in which we live.

UGL delivers comprehensive engineering, operations and maintenance services to the rail, transportation, technology, energy, resources, water, renewables and defence sectors.

UGL’s capabilities extend across a broad range of services and whole-of-life solutions, utilising
world-leading, sustainable and innovative technologies to deliver great outcomes for our clients across diverse industry sectors.

UGL’s skilled workforce, project delivery expertise in Asset Management, Operations and  Maintenance, Design and Construction, project management capability, and end-to-end engineering is backed by a continuous focus on safety, innovation and improvement.",,,North Sydney NSW,,CIMIC Group Limited.
OPES International,150,119,Bert Filippi(General Manager),1990,7,4,1,,"Currently undertaking reservoir simulation of…Currently undertaking reservoir simulation of various oil and gas fields around the world, including  India, Indonesia, PNG & Australia. Other current OPES projects range from compositional simulation to gas lift optimisation.",Petroleum engineering consultants.,,,Perth,Yes,
Rapallo,105,73,Victor Simbile(General Manager Technical Services (MIEAust; CPEng)),1987,30,15,2,,"For projects would say various for various…For projects would say various for various clients – BHP, FMG, Northern Star, Karora, Western Areas, Water Corporation, EDL,","Mining, mechanical, electrical, civil, structural…Mining, mechanical, electrical, civil, structural, integrity engineering and environmental consulting/contracting.  3rd Party inspection and Non Destructive Testing (NDT) services - NATA Accredited. Classified Plant Management Training services.  Professional recruitment and contract labour hire.",NFP,NFP,Midvale,Yes,
MRX Technologies ~ A Siemens Company,32,28,Martin Baier(Head of MRX ),1996,150,100,1,,"Track inspection and monitoring systems, vehicle…Track inspection and monitoring systems, vehicle inspection and monitoring systems, train passenger information systems, train location systems, mine bench level monitoring systems.","Engineering services for the rail, mining and…Engineering services for the rail, mining and mineral exploration industries.",,,Belmont,Yes,Siemens Ltd
Orbital Corporation,69,55,"Todd Alder(Managing Director, Chief Executive)",1973,68,NFP,1,,"Purpose Built Propulsion Systems for Insitu Inc,…Purpose Built Propulsion Systems for Insitu Inc, a subsidiary of The Boeing Company; Two engine development programs for Textron Systems; Engine development program for a major Singapore defence company.","Design engineering services, advanced fuels and…Design engineering services, advanced fuels and engineering, embedded control and EMS, testing and emissions solutions, FlexDi - flexible direct injection, technical training and publications, standards and procedures.",$31.20m,$15.70m,"Balcatta, Western Australia",Yes,Orbital Corporation Limited
Hatch,14,21,,1987,225,200,1,5,"Key clients: Chevron Australia, Rio Tinto, BHP…Key clients: Chevron Australia, Rio Tinto, BHP Billiton, South32, Cameco and Tronox.","With over six decades of business and technical…With over six decades of business and technical experience in the mining, energy, and infrastructure sectors, Hatch responds quickly with engineering solutions that are smarter, more efficient and innovative. Hatch draws upon its 9000 staff with experience in over 150 countries to challenge the status quo and create positive change for its clients, employees and the communities.",,,"Toronto, Canada",,Hatch Ltd
Arup,17,17,"Kate West(Principal, WA Advisory, Planning & Design Lead, Regional Board Member, Co-Chair of Australasia Region since April 2021)",1969,220,190,1,11,"Morley to Ellenbrook Rail Line, Scarbourgh…Morley to Ellenbrook Rail Line, Scarbourgh Foreshore Redevelopment, Optus Stadium, Perth Airport T1 Domestic and T1 Forecourt, Great Northern Highway, Capital Square, Elizabeth Quay","Arup is a global consulting firm, with more than…Arup is a global consulting firm, with more than 16,000 staff working across more than 140 countries, providing expertise across the full lifecycle of the infrastructure sector and built environment. Independently structured, and owned in trust by all Arup employees, our vision is to Shape a Better World, by aligning our multidisciplinary skills to tackle current and future challenges.

Arup’s operations in Australia commenced in 1963, and there are now 2,500 staff across the country working on some of the most complex infrastructure challenges and planning frameworks across both the government and private sector.

Arup is deeply connected into Western Australia, having operated in Perth since 1969. With over 220 permanent staff, we have shaped infrastructure across the state, working across all major sectors including transport, water, energy, health, environment, property, digital, logistics, cities and regional development.",,,London,Yes,Arup Group Ltd
HFM Asset Management,76,69,,2003,34,26,1,4,"Primewest SC Solar Projects, Capital Works…Primewest SC Solar Projects, Capital Works planning WA Government Stadiums","Sustainability & Engineering consulting services…Sustainability & Engineering consulting services including mechanical HVAC design, electrical design, Solar PV feasibility studies, Project management, NABERS, WELL, GBCA ratings, Technical Due Diligence, Asset Management, Net Zero, WELL, GreenStar, Facility Management Advisory.",NFP,NFP,15-17 William St Perth WA 6000,Yes,BGIS Pty Ltd
FLSmidth,70,57,"Tamer Eid(President, APAC Mining)",,NFP,NFP,,,,"End-to-end design, fabrication, procurement,…End-to-end design, fabrication, procurement, construction, commissioning, service and after sales of mining machinery.",,,Perth,,
Atteris,75,62,,1999,30,28,1,1,Multiple small and medium size projects,Subsea and Pipeline Engineering Consultancy,,,Perth,Yes,Atteris Pty Ltd
ACCIONA,31,66,"Grant Smillie(Regional General Manager, WA)",2011,418,100,5,4,"OMTID/MRWA- Bunbury Outer Ring Road, OMTID/PTA –…OMTID/MRWA- Bunbury Outer Ring Road, OMTID/PTA – Bayswater Station and Turnback, Kwinana Waste to Energy, East Rockingham Waste to Energy, OMTID/MRWA - Stephenson Avenue Stage #2, OMTID/PTA – Victoria Park-Canning Level Crossing Removal Project",,,,"Belmont, WA",,
Schlam,116,,Matt Thomas(Chief Executive),1996,430,10,5,,Tier 1 contracts with leading WAIO miners,"Engineering and mining services, plant…Engineering and mining services, plant maintenance, shut down services, specialised design and fabrication, plant refurbishment, asset management, mobile equipment manufacture.",NFP,NFP,"404 Orronng Road, Welshpool, WA 6101",Yes,
Structerre Consulting Engineers,53,43,John Gelavis(Chief Executive),1980,150,50,5,5,,"Structural Design (single, two-storey, luxury and…Structural Design (single, two-storey, luxury and Class 2), Civil, Geotechnical Engineering, Site Services, Energy Assessment, Certificate of Design & Building Compliance (CDC's), Bush Fire Attack Level Assessments (BAL's), Land Surveying, Retrospective Inspections, Pre and post construction inspections, Engineering Consulting.",,,"Balcatta, WA",Yes,Zemla Pty Ltd
Duratec,,,"Chris Oates(Executive Director, Managing Director since 2023)",2010,741,36,10,15,,,NFP,,,Yes,
Wormall Civil,109,95,Shane Wormall(Managing Director),1984,430,12,3,,"Peel Business Park – DevelopmentWA, Rivermark…Peel Business Park – DevelopmentWA, Rivermark/Midland Brick Redevelopment – Hesperia; Witchcliffe Ecovillage – Sustainable Settlements/Perron Group; he Hales; Seaside Madora – Satterley; Henley Brook - Mirvac","Earthworks, roadworks, retaining walls, drainage,…Earthworks, roadworks, retaining walls, drainage, sewer, pump stations, water/gas reticulation and electrical/communications installation",NFP,NFP,"17 Cardup Siding Road, Cardup 6122 Westen…17 Cardup Siding Road, Cardup 6122 Westen Australia",Yes,Wormall Civil Pty. Ltd.
Control and Thermal Engineering,,,"Scott Doig(Director, General Manager)",1986,,,1,,,,,,"12 Ballantyne Road, Kewdale WA 6105",Yes,
Fortin Pipelines,,,"JP Fortin(Founder, Managing Director)",,,,1,,,,,,"Suite 6, 1200 Hay Street, West Perth WA 6005",Yes,
Delonix Solutions,,,"Philippe Vatin(Founder, Managing Director)",2011,90,,2,,"Northern Star KCGM, Iluka Eneabba Rare Earth…Northern Star KCGM, Iluka Eneabba Rare Earth Refinery Project, Robex Kineiro Gold","Brownfield and greenfield mineral processing…Brownfield and greenfield mineral processing plant design, structural engineering, piping design, mechanical engineering, civil engineering, surveying, laser scanning, design and fabrication drawing.",,,"Level 1, 45 Royal Street, East Perth WA 6004",Yes,
BMT,95,83,"Karim Ghaly(Team Leader for Coastal & Maritime WA, Senior Principal Engineer)",1994,59,19,1,7,,"Port, maritime, dredging, water and environmental…Port, maritime, dredging, water and environmental engineering services.",,,Brisbane,,BMT Group
CPC Engineering,28,21,Glen Weir(Chief Executive),1970,350,110,7,,"Mineral Processing Plants: design, construction…Mineral Processing Plants: design, construction and maintenance","Engineering design, procurement, fabrication,…Engineering design, procurement, fabrication, construction and asset management, both surface and underground.",NFP,NFP,West Perth,Yes,
Red Rock Engineering WA,,,Ian Abbot(Executive Director),2019,,,1,,,,,,"204 Woodbrook Road, Karratha WA 6714",Yes,
Clough,13,14,Peter Bennett(Chief Executive Officer),1919,600,200,1,3,"Snowy 2.0, Perdaman Ceres Urea Plant, Darwin Ship…Snowy 2.0, Perdaman Ceres Urea Plant, Darwin Ship Lift,  Waitsia Gas Project Stage 2, Woodman Point water treatment plant","WE ARE A PIONEERING PROJECT DELIVERY COMPANY
We…WE ARE A PIONEERING PROJECT DELIVERY COMPANY
We harness innovative engineering and construction solutions to improve peoples’ lives today and tomorrow.

We deliver high performing assets for the energy, resources and infrastructure industries, underpinned by a dedication to innovation, sustainability and getting the job done safely and efficiently. 

Our workforce of over 3,000 people across Australia and Asia Pacific is committed to delivering exceptional projects for our industries and communities, as a partner for a sustainable future.

Following the acquisition by global construction leader Webuild in 2023, Clough Group became the Australian subsidiary of Webuild Group.",,,Perth,Yes,Webuild
PAEMAC,,,,2018,,,1,,,,,,"Level 3, 8 Colin Street, West Perth WA 6005",Yes,
Downer EDI,61,51,"Peter Tompkins(Managing Director, Chief Executive Officer)",1968,NFP,40,10,40,"South Flank, Wheatstone, Ichthys,","Engineering, construction and maintenance…Engineering, construction and maintenance services providers in the core markets of minerals and metals, oil and gas, power, transport infrastructure, water, communications, social infrastructure and property.",,,NSW,Yes,Downer EDI Limited
Technip Energies,26,19,Gareth Philp(Managing Director - Australia),1995,297,NFP,1,1,"Shell Prelude FLNG, Engie Yuri Green Hydrogen,…Shell Prelude FLNG, Engie Yuri Green Hydrogen, Woodside Pluto Water Handling Module, BP Kwinana Hydrogen Generation Unit","Design, construction and industrial solutions in…Design, construction and industrial solutions in LNG, hydrogen, sustainable chemistry, biofuels, CO2 management/decarbonization.",NFP,NFP,"Paris, France",Yes,Technip Energies N.V.
KBR,38,32,,1958,200,80,1,6,"Defence Infrastructure (various), Main Roads WA…Defence Infrastructure (various), Main Roads WA engineering services, Rail Projects (various), Nolans Rare Earth Project","Deliver science, technology and engineering…Deliver science, technology and engineering solutions to governments and companies around the world.",$100.00m,$100.00m,"Houston, USA",,KBR Inc
TechnipFMC,58,24,"Brett Howard(Director of Subsea Projects & Operations, Country Head Australia)",1995,246,NFP,2,,"Santos Barossa SPS, Woodside Griffin…Santos Barossa SPS, Woodside Griffin Decommissioning, Woodside NWS Infill, Shell Crux Surf","Engineering, technology, construction and project…Engineering, technology, construction and project management for subsea and services in the oil and gas industry.",,,"Houston, United States of America",,TechnipFMC plc
Prompt Engineering,68,62,"Michael Young(Founder, Director)",,42,35,1,1,,"Geotechnical: Soil Testing & Analysis, Site…Geotechnical: Soil Testing & Analysis, Site Inspections (classification & footing), Compaction testing, Earthwork Certifications & Compliances, Geotechnical Assessments. 
Residential: Foundation Design, Lightweight Construction, Roof/ Wall Framing Analysis, Concrete/ Brick Swimming Pool design, Patio, shed, carport, gazebo design, Upper story extensions, Stormwater design, Modular design, Cyclonic design, Structural Inspections, Dilipidation Reports, Retaining Wall Inspections and Details , Bushfire Attack Level reports (BAL)
Commercial: Industrial Shed & Warehouse design  Modular Construction, Foundation design, Cyclonic design, Subdivision design, Commercial Infrastructure, Hydraulic and Fire services design, Project Management.
Energy and Resources: Camps, Operational Facilities, Equipment Foundation and support Corrosion Inspetions",,,Wangara,Yes,
Advanteering - Civil Engineers,92,95,Dan Cunningham(Managing Director),1980,30,20,2,,1. Dayton Open Space; 2. New Station Street…1. Dayton Open Space; 2. New Station Street Bridge-Gosnells; 3. Construct 3No. Northam Bridge Replacements; 4. New Yoting Bridge and Road; 5. Hotham St Bridge Upgrade.,"Advanteering offers a civil and marine…Advanteering offers a civil and marine infrastructure design and construction contracting service which operates in accordance with an integrated quality, environmental, safety and traffic (QEST) management system certified as accredited to current International Standards by SAI Global.",$21.60m,$32.50m,"590 Newcastle Street, West Perth, WA, 6005",Yes,D.B.Cunningham Pty. Ltd.
Sedgman,7,43,"Steve van Barneveld(Executive General Manager, APAC)",2001,230,,1,3,,"As leaders in mineral processing, Sedgman…As leaders in mineral processing, Sedgman provides innovative solutions for the full project life cycle from feasibility studies, design, procure, and build through to solutions, design, procurement, execution, construction and commissioning, operations management, operational readiness, and maintenance services. 

It is also involved in integrated mineral processing and handling facilities across a range of commodities including precious and base metals, bulk commodities such as coal and iron ore, industrial minerals.",,,Brisbane,,CIMIC Group
Powertech,110,93,Paul Carmignani(Managing Director),1998,122,12,1,4,,"Powertech Services: Specialist high voltage and…Powertech Services: Specialist high voltage and low voltage 
asset testing and commissioning services in project or 
maintenance environments.
* HV Relay Protection Testing
* CT Testing and VT Testing
* Circuit Breaker Testing
* Transformer Testing
* Transformer Filtration/Oil Sampling
* Rotating Machines Testing
* Protection Scheme Testing
* Power Utility Communication (IEC 61850)
* High Voltage Cable Testing
* Switchboard Testing
* Earth Grid Testing
* Thermographic Survey
* Power Generation Commissioning
* Power Management System Commissioning
* E-house Commissioning & Testing
* Partial Discharge Testing
* Substation Commissioning & Testing
* Switchyard Commissioning & Testing
* Condition Monitoring
* Asset Management
* HV Auditing
* HV Competency Training
Powertech Operations and Maintenance: High Voltage and electrical/instrumentation asset management solutions.
* HV Asset Management 
* HV Asset Maintenance 
* HV Asset Operations 
* HV Asset Reliability Engineering 
* HV Asset Root Cause Analysis 
* HV Auditing/Inspections 
* E&I Asset Management 
* E&I Asset Maintenance 
* E&I Asset Operations 
* E&I Asset Reliability Engineering 
* E&I Asset Root Cause Analysis 
* Gas Pipeline Maintenance 
* Shutdown Campaigns
Powertech Engineering: Electrical engineering solutions through power systems studies, design, analysis and consulting. Powertech Engineering Services can offer the following services:
* Protection Coordination Studies 
* Load Flow Analysis Studies 
* Short Circuit Analysis Studies 
* Harmonic Analysis Studies 
* Motor Starting Analysis Studies 
* Transient Stability and Fault Recovery Studies 
* Arc Flash Studies * Earthing Design Analysis Studies 
* Economic Feasibility Studies 
* Technical Feasibility Studies 
* FEED and Detailed Engineering Design 
* Protection and Metering Scheme Design and Upgrades 
* Relay Configuration and Settings 
* Commissioning and Test Plan development 
* QA/QC documentation 
* Asset Reliability Engineering 
* Consulting Services * Scope of Work and Project Framing 
* Regulatory Standards Review and Advice 
* Drafting Services

Seamless Resourcing: Multi-disciplined commissioning, shutdown and maintenance services resourcing: 
* Multi-Disciplined Commissioning Teams 
* Completions Specialists 
* Shutdown Campaigns 
* Commissioning Management Systems 
* Hazardous Area Inspections 
* Hazardous Area Auditing
Precise Calibrations: Calibration and testing of equipment and instruments. Precise Calibration has calibration laboratories in Perth and Brisbane offering traceable calibrations to Australian National Standards. All calibration reports are issued in compliance with ISO/IEC 17025. Precise Calibration also offers a range of on-site calibration, repair, and safety testing services to complement our fixed lab services. Our service covers the following fields: 
* Electrical Test and Measurement Equipment - LV and HV
* Temperature - Direct and Infrared 
* Pressure Calibrations – Pneumatic and Hydraulic 
* Dimensional Calibrations 
* HV PPE Testing 
* Torque Wrench/Torque Multiplier Calibration 
* Mobile Calibration Facilities
Precise Equipment: Hire, sales and complete equipment asset management solutions. From a single asset, single day hire to complete customised project packages including 24-hour on site manned equipment facilities, equipment management and maintenance services, and long-term supply/maintenance contracts. Precise Equipment has the expertise, experience and equipment to help in the following areas: 
* Electrical 
* Instrumentation 
* Environmental 
* General industrial 
* Mechanical 
* Safety equipment",$35.00m,$35.00m,14 Energy St Malaga WA 6090,Yes,Powertech Pty Ltd
Sedgman Onyx,8,,,2007,NFP,NFP,1,,,"Project execution, shutdown planning and…Project execution, shutdown planning and management, critical incident support, consultancy, plant operations support, specialist materials handling services.",,,Brisbane,Yes,CIMIC Group
Tetra Tech Proteus,71,41,"Stewart Phillis(General Manager, Engineering)",1986,NFP,NFP,1,3,"Cobalt Blue Detailed Engineering, Exmouth Power…Cobalt Blue Detailed Engineering, Exmouth Power Station, Newmont Residue Disposal Area, Darwin NT Strategic Fuel Store, Balasausqandig Feasibility Study","Consulting engineering and project management…Consulting engineering and project management services encompassing studies, design, procurement, construction management.  Also offer Geotechnical, Environmental, Ecology and Heritage consulting.",,,Perth,Yes,Tetra Tech Inc.
Peritas,,,Christian Stanes(Managing Director),2008,,,1,2,,,,,Burswood,Yes,
ECG Engineering,52,54,"Geoff Bailey(Principal Consultant, Director)",2014,86,51,1,1,,"Project management, power generation, power…Project management, power generation, power systems, control systems, plant integrity, operations support, automation systems",NFP,NFP,"Welshpool, Western Australia",Yes,
KAW Group,148,,Jared Fitzclarence(Managing Director),1983,47,4,1,,,"Mechanical engineering, structural engineering,…Mechanical engineering, structural engineering, structural & mechanical drafting, 3D laser scanning, FEA analysis, 3D point cloud manipulation",$17.20m,$22.60m,Karratha,Yes,KAW Engineering Pty Ltd
SRG Global,47,57,David Macgeorge(Managing Director),1961,"2,100",60,9,19,"BHP, Rio Tinto, Fortescue, Roy Hill, Albemarle,…BHP, Rio Tinto, Fortescue, Roy Hill, Albemarle, Talison Lithium, South32, Alcoa, Evolution Mining, Northern Star, Genesis Minerals, KCGM, Tronox, Yara, Iluka, Chevron, Woodside, Main Roads WA, PTA, Multiplex, Built, Water Corporation, Fremantle Ports",Diversified infrastructure services including…Diversified infrastructure services including engineering-led specialist Maintenance and Industrial Services and Engineering and Construction,,$585.00m,Subiaco,Yes,
Fluor Australia,9,26,Gareth Brown(General Manager - Asia Pacific (Interim)),1950,450,250,2,,,"Fluor provides engineering, procurement,…Fluor provides engineering, procurement, fabrication, construction (EPFC), maintenance, and project-management services to global Clients in diverse industries.",,,"Irving, TX, USA",Yes,Fluor Corporation (USA)
Tetra Tech Coffey,41,38,"Stewart Phillis(General Manager, Engineering)",2006,160,NFP,1,10,,"Mining Services, Engineering and Design,…Mining Services, Engineering and Design, Feasibility Studies, Tailings Management, Consulting Geotechnical Services, Environmental Services, Occupational Hygiene
Indoor Air Quality and Mould, Asbestos and Hazardous Materials, Contaminated Sites
Water Studies, Fuels Infrastructure, Renewables, On and Offshore Hazardous Materials Management and Project management",,,"Sydney, NSW",Yes,Tetra Tech
Innovent Engineering Group,111,,Michael O'Callaghan(Managing Director),2023,36,NFP,1,1,,"Engineering
Electrical
Air Pollution Control…Engineering
Electrical
Air Pollution Control
Structural, Mechanical, Piping",NFP,NFP,"Unit 3, 32 Harrison Rd, Forrestfield WA 6058",Yes,
WSP,3,5,Ryan Eales(WA Co-Regional Director),1962,"1,200",447,2,13,,"Property: building and infrastructure services …Property: building and infrastructure services (mechanical, electrical, hydraulics, fire protection, communications, security, architectural lighting, vertical transportation, ICT/audio visual), fire engineering, acoustics, health & safety, digital, environmental, energy, section J compliance, ESD, structural and facade engineering. - Transport: road, rail, tunnel and bridge engineering; maritime, aviation, asset management, digital engineering, planning & mobility, geotechnical and geo-environmental engineering. - Mining: Infrastructure and project delivery (civil, structural, mechanical, electrical engineering, 3D modelling/BIM, structural integrity and condition assessments), closure, water, waste, tailings, stability. - Energy: Energy generation, infrastructure, electrical, renewables, network connections. Programme delivery services, environmental, power, water.",,,"Montreal, CAN",,WSP
AECOM Australia,11,9,"Henry Westwood(Group Director, WA)",1947,280,230,1,14,"METRONET, Great Eastern Highway Bypass…METRONET, Great Eastern Highway Bypass Interchanges, Bunbury Outer Ring Road, Victoria Park-Canning Level Crossing Removal,  AMC1 Extension and Figure Wharf 7 & 8","Building engineering, energy, environment, mining…Building engineering, energy, environment, mining, process engineering, design and planning, transportation, transport planning and modelling, infrastructure services, program management, water, program cost control.",,,Brisbane,,AECOM
Silverstone,145,,,2018,,5,,,,,,,,Yes,
Douglas Partners,114,99,"Frederic Verheyde(Geotechnical Principal, Regional Manager (WA, NT) )",1954,15,NFP,1,22,,"Geotechnical, environmental and groundwater…Geotechnical, environmental and groundwater consulting services. Geotechnical investigations, foundation design, earthworks supervision, pavement investigations and design, contamination assessment, acid sulfate soils studies, environmental approvals, HAZMAT assessment, groundwater and dewatering modelling.",,,Sydney,,
MA Deacon Engineers,93,81,Stephen Connell(Chief Executive),2009,24,20,1,1,"Water and Waste Water Treatment, Stacker and…Water and Waste Water Treatment, Stacker and Reclaimer Life Assessments, Design and Verification of Pressure Vessels, Design and dynamic analysis of crusher installation","Design, verification, assessment and engineering…Design, verification, assessment and engineering solutions for plant, equipment and structures servicing the Utilities, Industrial, Oil & Gas, Waste and Mining industries. We support clients with existing aging equipment and/or design registered plant, located anywhere in Australia that value Quality, speed, trusted relationships and have core value alignment but are not looking for the cheapest price.",NFP,NFP,Rivervale,Yes,Family Trust
Bureau Veritas,67,54,"Tony Thomas(Manager, Key Accounts & Market Leader)",2007,,NFP,6,50,,"Engineering, inspection, non-destructive testing,…Engineering, inspection, non-destructive testing, verification, laboratory services.",,,"Level 11, 500 Collins Street, Melbourne VIC 3000",Yes,Bureau Veritas Australia Pty Ltd
Hera Engineering,82,,"Matteo Tirapelle(Founder, Managing Director)",2015,30,25,1,3,"UWA PBSA, Morley Galleria, Burswood Towers,…UWA PBSA, Morley Galleria, Burswood Towers, Claremont Medical Center","Structural engineering, Civil Engineering, Facade…Structural engineering, Civil Engineering, Facade Engineering Construction engineering.",,,Subiaco,Yes,Hera Engineering
Ertech,27,37,"James Giumelli(Chief Executive Officer Ertech, Chairman Ertech, Managing Director Ertech Holdings )",1981,650,NFP,3,3,NFP,"Ertech is an engineering contruction contractor…Ertech is an engineering contruction contractor delivering complex, multi-diciplined prjects for the resources, defence, transport, utilities and community infrastructure sectors.  Deep engineering expertise, robust systems, and skilled, self-performing civil and electrical teams drive our value-driven solutions and consistent performance.",NFP,NFP,"Wangara, WA",Yes,Ertech Holdings Pty Ltd
Porter Consulting Engineers,128,116,Brad Harris(Managing Director),1995,16,8,1,,"Cecil Avenue, Cannington;  Harrisdale North,…Cecil Avenue, Cannington;  Harrisdale North, Residential Subdivision; Batavia Coast Marina, DevelopmentWA; Kalgoorlie 450mm Sewer Main Extension; & Lenore Road duplication, Wanneroo","Land development for urban, rural, industrial and…Land development for urban, rural, industrial and commercial subdivisions, services design (water, sewer, pump stations and pressure mains), road design, tender and contract management, traffic and transport impact assessments, public works, feasibility studies and infrastructure planning, indicative development costs and resource development.",,,Mount Pleasant,Yes,Tusno Pty Ltd
Monadelphous,16,21,Rob Velletri(Executive Chair),1972,"4,581",193,9,10,"BHP, INPEX, Rio Tinto, Shell, Woodside","Monadelphous is an ASX 200 engineering group,…Monadelphous is an ASX 200 engineering group, providing construction,
maintenance and industrial services to the resources, energy and infrastructure sectors.",,,"Perth, WA",Yes,Monadelphous Group Limited
Stantec,20,12,"Brett Davis(Regional Director - Buildings, ANZ)",1961,322,NFP,3,24,"ECU Perth City Campus; Eaton Fair Shopping Centre…ECU Perth City Campus; Eaton Fair Shopping Centre expansion; Australia Hockey Centre; WACA Redevelopment, Bunbury Hospital Redevelopment","Buildings (Acoustics, Electrical, Energy, Fire,…Buildings (Acoustics, Electrical, Energy, Fire, Hydraulics, Mechanical, Structural, Sustainability, Vertical Transportation), Civil Land Development, Mining",,,"Edmonton, Canada",,Stantec Inc
Intellect Systems,42,44,Jason Monzu(Managing Director),2005,120,75,2,,"Western Range, Iron Bridge, Eliwana, Koodaideri,…Western Range, Iron Bridge, Eliwana, Koodaideri, CBH, BHP, Roy Hill","$30M) across process and non process infrastructure.  As a specialist service provider to the decarbonisation and energy transition market Intellect Systems has a large exposure to the renewables and clean energy along with tradition energy, mining and metals, agriculture, infrastructure and utilities sectors.

Our key service and product offerings are:

•             LV and HV Electrical Design 
•             HV and LV Power Systems Studies
•             Control System Design and Software Development
•             Communications Design
•             Functional Safety Design and Compliance
•             Manufacture of Field Control and Communication Panels 
•             Manufacture of Distribution Boards and Junction Boxes 
•             Manufacture of Motor Control Centres (MCC’s)
•             Manufacture of Switch rooms and HV Kiosks
•             EC+I Commissioning, Completions and Site Support
•             Process Optimisation
•             Electrical and Control Systems Audits
•             Training and Educational services
"">Established in 2005 Intellect Systems are an ISO…Established in 2005 Intellect Systems are an ISO 9001 and ISO 45001 certified organisation specialising in providing End to End Operational Technology solutions in Electrical, Communications, Instrumentation and Control Systems.   With offices in the Perth CBD and state of the art manufacturing facilities in Canning Vale Intellect Systems provide an in house full service Operational Technology offering underpinned by seamless project delivery across our integrated Engineering, Manufacturing and Site Services capability.  

Over nearly two decades Intellect Systems have built a successful track record as a specialist service provider to many of the Tier 1 End Users and operators locally and Australia wide as well as supplemented execution capabilities to many EPC, EPCM and Construction contractors.  

Intellect Systems portfolio of project delivery ranges from small (<$10K) to large (>$30M) across process and non process infrastructure.  As a specialist service provider to the decarbonisation and energy transition market Intellect Systems has a large exposure to the renewables and clean energy along with tradition energy, mining and metals, agriculture, infrastructure and utilities sectors.

Our key service and product offerings are:

•             LV and HV Electrical Design 
•             HV and LV Power Systems Studies
•             Control System Design and Software Development
•             Communications Design
•             Functional Safety Design and Compliance
•             Manufacture of Field Control and Communication Panels 
•             Manufacture of Distribution Boards and Junction Boxes 
•             Manufacture of Motor Control Centres (MCC’s)
•             Manufacture of Switch rooms and HV Kiosks
•             EC+I Commissioning, Completions and Site Support
•             Process Optimisation
•             Electrical and Control Systems Audits
•             Training and Educational services",$30.00m,$40.00m,Perth,Yes,
Wood Australia,2,3,"Ralph Ellis(President, Operations Asia Pacific)",1978,"1,030",NFP,2,3,"Shell Prelude EPC Services, Chevron MSA, Woodside…Shell Prelude EPC Services, Chevron MSA, Woodside Brownfield EPCM services, Santos engineering services,  INPEX engineering services","Consulting, engineering, implementation and…Consulting, engineering, implementation and maintenance services to the energy and materials sectors including concept selection, FEED, detailed design, procurement, construction management, construction services, repurposing/decommissioning and project management.",,,"Aberdeen, UK",Yes,Wood plc
Wave International,25,18,Robin Macaskill(Chief Operating Officer - Wave International),1999,160,NFP,1,3,"Mining infrastructure, Advisory & Studies, Water","Engineering, detailed design, studies, project…Engineering, detailed design, studies, project management, project services.",,,Perth,Yes,Karli Holdings Pty Ltd
RPS,126,103,Murray Burling(Executive Director),2003,193,8,3,21,,"Mine water management (surface and groundwater),…Mine water management (surface and groundwater), dewatering, coastal engineering, hydrogeology, groundwater and surface water management, water resources engineering, modelling, water resource management.",,,Brisbane,,"Tetra Tech, Inc."
Ausenco,63,,Reuben Joseph(President - APAC/Africa),1995,NFP,NFP,,,,"Feasibility studies, mine planning, detailed…Feasibility studies, mine planning, detailed engineering",,,,Yes,
Aurecon,6,7,"Ben Lambert(Regional Managing Director, WA & NT)",1950,435,300,1,20,"Bunbury Outer Ring Road, Bellevue railcar depot -…Bunbury Outer Ring Road, Bellevue railcar depot - Midland line extension project, Perth airport extension","Aurecon provides global engineering, management…Aurecon provides global engineering, management and specialist technical services to government and private sector clients. It has been involved in projects in over 80 countries across Africa, Asia Pacific, the Middle East and the Americas.",,,"Sydney, NSW",,Aurecon Australasia Pty Ltd
Georgiou Group,18,15,John Georgiou(Chairman of the Board),1977,501,185,2,3,"Midland Junction Alliance, Fitzroy Bridge…Midland Junction Alliance, Fitzroy Bridge Alliance, GTCP Perth Airport, Ocean Reef Marina for Development WA, Mandurah Estuary Bridge Duplication for Main Roads WA","Georgiou Group is a national civil and building…Georgiou Group is a national civil and building construction company, delivering major projects across Australia.",$1.04bn,$1.30bn,"Osborne Park, WA",Yes,Georgiou Family Pty Ltd
BG&E,36,25,Anthony Wood(Director - WA),1970,400,NFP,3,11,"Bayswater Station, Tonkin Gap, Chevron…Bayswater Station, Tonkin Gap, Chevron Headquarers, Eastlink WA, Rio Tinto Haul Roads,  FMG Design Services","Design / Engineering services for Transport,…Design / Engineering services for Transport, Infrastructure, Buildings, Defence, Industrial, Resources and Energy Clients",,,,Yes,
Titan ICT,49,40,Chris Upstone(Managing Director),2003,65,53,1,3,,"Strategic ICT advice, systems integration,…Strategic ICT advice, systems integration, technical support services",,,"Level 2, 507 Murray Street, Perth WA 6000",Yes,Titan ICT Pty Ltd
A-1 Engineering,,,"Pauric McCaughey(Director, Founder)",2024,,,,,,"A-1 Engineering provides a range of fire safety…A-1 Engineering provides a range of fire safety engineering services, including: Performance Solutions, BCA Compliance, Fire and Smoke Modelling, Fire Safety Audits, Evacuation Modelling, Fire Risk, Assessment, Structural Fire Engineering",,,Perth,Yes,
Enscope,24,33,Kane Ramsay(President),2009,160,125,1,3,,"Enscope are specialists in the field of gas…Enscope are specialists in the field of gas compression and gas processing for Australia's pipeline industry and tier 2 gas producers.  Enscope can provide a total project delivery service from concept design through to commissioning and start-up, on either an EPCM and Turnkey Lump Sum EPC basis.",NFP,NFP,"Leederville, WA",Yes,Quanta Services Inc
Xodus Group,44,,"Simon Allison(Vice President, Asia Pacific)",2004,100,65,1,1,,,,,Aberdeen,,
Geng,163,143,Cliff Green(Principal),1981,2,1,1,,Defence - consulting design & manufacture…Defence - consulting design & manufacture. Consulting design work (manufacturing design) for the Curtin Institute of Radio Astronomy.,"Product design and development, review and…Product design and development, review and consultation, lectures and presentations on manufacturing design and product design.",,,Bickley WA,Yes,Geng Pty Ltd
Profluid Group,149,,Jerome Monteiro(Managing Director),2017,14,4,2,1,"Waitsia Stage 2 Gas plant, Lynas Kalgoorlie…Waitsia Stage 2 Gas plant, Lynas Kalgoorlie processing plant, Roy Hill WTP, Tianqi Lithium, South32 Terminals, Viva Energy Terminals West, ...","Valves supply from high end brands and…Valves supply from high end brands and modifications/custom design: Gate, Globe, Check, Ball, Butterfly, Knife-gate, Strainer, Pressure relief valve, vacuum breaker, balancing valves, diaphragm valves, sight glasses, flanges, spectacles ...

NATA accredited pressure testing facility up to 140Mpa 
Site Testing: PSVs , Valves, Spools, Pipelines

Valves design consultancy, Maintenance strategies and Site Inspection

Valves repairs and PSV recertification",,NFP,Perth,Yes,
ATC Williams,133,126,Darren Watt(Chief Executive Officer),1993,9,8,1,6,,"Tailings Management, Resources Recovery, Landfill…Tailings Management, Resources Recovery, Landfill Engineering, Dam Break Modelling, Dams Engineering, Water Resources, Hydraulics and Structural Engineering, Hydrogeology, Materials Characterisation
Geotechnical Investigation, Tailings Transport and Mechanical Engineering, Construction Support and Management, Governance and Risk Assessments, Seismic Hazards, Engineer of Record,            
Ground Engineering, Numerical Modelling, Closure and Rehabilitation 
CAD (Design Drafting and Terrain Modelling), Project Management, Geosynthetics",NFP,NFP,Melbourne,Yes,NFP
Camco Engineering,88,120,Bruce Cameron(Executive Director),1995,480,20,6,,,"Camco Engineering is a key supplier of…Camco Engineering is a key supplier of operational support and 
manufacturing services to the mining, energy and power generation 
sectors.",NFP,NFP,"1 Bell Street, Canning Vale  WA   6155",Yes,
PARC Engineering,50,53,Daniel Debattista(Managing Director),2018,687,52,3,,"Metronet, Covalent Lithium Refinery, RAAF Bases…Metronet, Covalent Lithium Refinery, RAAF Bases Curtin and Learmonth, Waitsia Gas Project, Fortescue","Construction, shutdown and maintenance services…Construction, shutdown and maintenance services in civil, mechanical and electrical disciplines.",NFP,NFP,2 Sleat Road Applecross,Yes,
Airey Taylor Consulting,136,111,Peter Airey(Managing Director),1971,11,7,1,,"Wattleup East P/S Whodjick Dv 7 Block School,…Wattleup East P/S Whodjick Dv 7 Block School, Wangara Bus Depot, Leonora Retirement Village, Aqua Jetty Stage 2 Alterations & Additions Warnbro, 4 Banool Cres Residence, City Beach","Civil and structural engineering, scientific /…Civil and structural engineering, scientific / forensic.",,,West Perth,Yes,Airey Taylor Pty Ltd T/A Airey Taylor Consulting
Primero,21,8,Michael Gollschewski(Managing Director),2011,NFP,NFP,3,1,"KCGM Growth Project, Rio Tinto Coastal Water","A leading multidisciplinary engineering,…A leading multidisciplinary engineering, procurement, and construction company specialising in delivering comprehensive, fully integrated solutions to the mining, energy and resource sectors. From feasibility studies and early-stage design to construction, operations and ongoing maintenance and sustaining capital services, our expertise spans the entire project lifecycle. By leveraging our extensive industry knowledge and resources, we provide tailored solutions that meet the unique challenges of our clients, ensuring success from concept through to operations.",,,Osborne Park,Yes,NRW Holdings
Assetivity,132,113,Sandy Dunn(Managing Director),2000,NFP,NFP,1,1,"Leichhardt Industrials Group - Operational…Leichhardt Industrials Group - Operational Readiness Support, EDL - Enterprise Asset Management System Implementation, Goldfields Australia - Reliability Engineering Support, Newmont Mining - Equipment Care Strategies, Pilbara Ports - Asset Management","Services Offered: Assetivity offers specialist…Services Offered: Assetivity offers specialist consulting and training services in the areas of Maintenance, Reliability Improvement and Asset Management. We also offer a suite of course material, along with customised solutions to meet unique training needs. As a member of UKs Institute of Asset Management (IAM) Endorsed Trainer Scheme, we are authorised to provide IAM-recognised certificates for a range of asset management courses.",NFP,NFP,"South Perth, WA",Yes,Assetivity Pty Ltd
Teck Global,121,,David Zucaro(Managing Director),2014,30,NFP,1,,"Kwinana BESS, Collie BESS, SKAO",Complete in-house solutions for electrical…Complete in-house solutions for electrical distribution projects including Switch Rooms and Kiosk Substations. High and Low Voltage expertise. Siemens partner for MV Switchgear.,NFP,NFP,Malaga WA,Yes,
Toro Engineering,135,,"Vaughan James(Founder, Director)",2020,13,7,1,,,"Civil / Structural Engineering across the Mining,…Civil / Structural Engineering across the Mining, Renewables, NPI and Industrial sectors",,,Suite 170 / 580 Hay Street Perth WA 6000,Yes,
Alltype Engineering,101,94,Kelvin Andrijich(Managing Director),1985,NFP,NFP,1,1,,"Delivering project solutions via integrated…Delivering project solutions via integrated multidiscipline fabrication, site installation, construction and maintenance services to the oil and gas, water, power generation, infrastructure, mining, resources, utility, petrochemical and defence industries.",NFP,NFP,"52 Hope Valley Road, Naval Base WA 6165",Yes,WestStar Industrial Limited
Aquip Systems,142,121,Jodie Draper(Managing Director - HIFraser Group),1991,13,5,1,3,,"Laser shaft alignment, vibration monitoring,…Laser shaft alignment, vibration monitoring, ultrasonic and positive displacement flow metering, fire detection and suppression, gas and flame detection and sand management, leak detection, PIG detection, thermal energy metering, liquid analysis",NFP,NFP,WA,Yes,HIFraser Group
WGA,29,26,Brenton Clark(Regional Manager),2012,125,105,1,7,"Pilbara Ports (various), CBH out-loading upgrades…Pilbara Ports (various), CBH out-loading upgrades, Rio Tinto sustaining capital projects, Kalgoorlie Nickel Project, Westport, Main Roads WA - Engineering Technical Services","Consulting Engineers & Scientists specialising in…Consulting Engineers & Scientists specialising in structural, civil, maritime, mechanical, process, electrical and geotechnical engineering. WGA also offer demolition, heavy lift, and temporary works design as well as data analytics, hydrogeology and project management services.",NFP,NFP,L1 66 Kings Park Road West Perth WA,Yes,
Lycopodium,12,13,Peter De Leo(Managing Director),1992,500,NFP,1,3,Koné Gold Project (Montage Gold); Boto Gold…Koné Gold Project (Montage Gold); Boto Gold Project (Managem); Kiaka Gold Project (West African Resources); Chemical Grade Processing Plant #3 (Talison Lithium); Ahafo North Project (Newmont),"Minerals: global engineering and project delivery…Minerals: global engineering and project delivery organisation providing specialist services in the development and delivery of mineral resource studies and projects, servicing the entire project lifecycle, from the initial scoping study through design to full project delivery and beyond, into operational optimisation and life-extension. Industrial Processes: providing specialised engineering and project delivery services across process industries, manufacturing and renewable energy sectors throughout Australia and South East Asia, delivering projects from concept phase through design, construction and operational handover. Rail Infrastructure: rail infrastructure management, asset management, engineering design, transport and logistics studies and interface management including 3rd Party Works Management and Independent Project Verification. Metallurgical & Comminution Consulting: providing a range of specialised consultancy services to the mineral processing community, primarily in the field of comminution, hydrometallurgy and mineral processing design through its subsidiary Orway Mineral Consultants (OMC).",,,East Perth,Yes,Lycopodium Limited
Schweitzer Engineering Laboratories,85,111,"Tanya Vulinovic(Regional Business Manager, Asia Pacific)",2008,NFP,NFP,1,3,,"SEL specializes in creating digital products and…SEL specializes in creating digital products and systems that protect, control, and automate power systems around the world. This technology prevents blackouts and improves power system reliability and safety at a reduced cost. A 100 percent employee-owned company headquartered in Pullman, Washington, SEL has manufactured products in the United States since 1984 and serves customers worldwide.

As part of their commitment to designing and manufacturing reliable, high-quality products, they research, design, build, test, distribute, teach, and support each of our technologies at SEL facilities. Assembled SEL products travel directly from our hands to where they need to be, so we feel confident that you and your customers can rely on them to keep critical systems fully operational.",,,"Pullman, Washington, USA",,
KBSS Engineering,,,"Cory Byers(Co-Founder, Managing Director (since 2014))",2012,140,4,2,1,"Yuri Hydrogen Project, Woodside Pluto Train Two…Yuri Hydrogen Project, Woodside Pluto Train Two Project, Perdeman Project Ceres, Rio Tinto Pilbara (Various)","Workshop Fabrication, Machining, and Coatings…Workshop Fabrication, Machining, and Coatings. With expertise in Site Maintenance, and Specialist Services, including On Site Machining, Leak Sealing, High Pressure Water Jetting,  Rope Access Solutions, and more. specialises in high-quality Project Execution and Management across Mining, Energy, and Infrastructure Sectors.",,,"100 Cowle Road, Karratha WA 6714",Yes,
Colliers,55,45,"Arthur Psaltis(State Director, WA and NT)",2022,150,NFP,3,25,,"Colliers Engineering & Design are an industry…Colliers Engineering & Design are an industry-leading engineering consultancy built on strong client relationships and an inherent drive for excellence. Our capabilities and expertise cover a broad range of sectors, delivering value-add design solutions to enhance our client’s investments. Our expert team has specialist knowledge across market sectors and provides the following services, structural engineering, civil engineering, lead consulting, contract administration, superintendency, independent verification/certification, sustainable design, BIM, industrial design, asset auditing and blast engineering. We cover a range of sectors such as; Builtform, water, environment and sustainability, transport and infrastructure, civic and public infrastructure, energy and resources, defence, land development, industrial and logistics, education, health, commercial, multi-residential, retail, aged care, urban renewal and hotels.",,,Subiaco,Yes,
Jacobs Engineering,23,18,Richard Hayers(Vice President Operations Asia Pacific & Middle East),1990,317,NFP,1,11,"Great Northern Highway upgrade (JV), Water…Great Northern Highway upgrade (JV), Water Corporation, Woodside Engineering Services, Main Roads WA, Public Transport Authority","At Jacobs, we're challenging today to reinvent…At Jacobs, we're challenging today to reinvent tomorrow – delivering outcomes and solutions for the world’s most complex challenges. With a team of approximately 45,000, we provide end-to-end services in advanced manufacturing, cities & places, energy, environmental, life sciences, transportation and water. From advisory and consulting, feasibility, planning, design, program and lifecycle management, we’re creating a more connected and sustainable world.",,,United States,,Jacobs Engineering Group Inc.
SPIE Global Services Energy,30,20,"Dean Paton(Managing Director, Australia)",2002,122,101,2,1,Chevron Australia JiC Compression Project; PASI…Chevron Australia JiC Compression Project; PASI Contractor; Woodside Energy; Pluto DCS Upgrade Main Automation Contractor; Albemarle Kemerton Lithium Commissioning and Systems Support: Chevron Australia Gorgon and Wheatstone Systems Engineering Support;,"SPIE Global Services Energy was established in…SPIE Global Services Energy was established in 2002 as a brownfield’s specialist engineering company. Our core capabilities are centred around instrument, electrical, control systems engineering including fucntional safety and E/I installation, inspection and commissioning services.",NFP,NFP,Perth,Yes,SPIE Global Service Energy
GHD,5,4,"Sheldon Krahe(General Manager – Western Australia Region, Executive Director)",1975,874,398,5,43,"Collie Battery Energy Storage System, Kwinana…Collie Battery Energy Storage System, Kwinana Battery Energy Storage Systems Stage 1 & 2, Tonkin Gap Alliance, Alkimos and Dampier Desalination Plant, Australian Renewable Energy Hub, Murchison Hydrogen Renewables Project.","Multi-disciplinary engineering and technical…Multi-disciplinary engineering and technical services in the following areas: air & noise, asset operations & management, aviation, bridges, building services engineering, dams, design & documentation, food & agribusiness, geology, geotechnical, health safety & environment systems, hydrocarbons process & transport, hydrogeology, hydrology & hydrodynamics, information, communications technology, instrumentation & control, integrated water management, land development, marine & coastal engineering, materials technology, mineral process & plant engineering, mining engineering & geosciences, oil & gas, policy & economics, power distribution & industrial, power generation, project & construction management, railways, risk management, road systems, spatial sciences, structures, tailings (mines & residues), transport planning & traffic engineering, tunnels, waste management, wastewater treatment & recycling, water sciences, water transmission & distribution, water treatment & desalination, stakeholder engagement and communications, sustainability (including ESG, Decarbonisation and Circular Economy).
Advisory services to optimise asset ownership outcomes including Infrastructure Investment & Economics; Risk, Assurance & Regulation; and Asset Management.
Digital services including Data Analytics; Cybersecurity and Risk; Digital Strategy and Transformation; Smart Technology and Innovation.
Project Management, procurement, construction management.",,,,Yes,GHD Group Limited
SIMPEC,,,,2017,NFP,NFP,"6,153","2,015",,"Structural, Mechanical, Piping, Instrumentation,…Structural, Mechanical, Piping, Instrumentation, Electrical, Civil services across the Resources, Renewables and Infrastructure industries.",NFP,NFP,"Applecross, WA",Yes,
Mott MacDonald,60,,Adrian Jones(Regional Managing Director - APAC ),2012,45,42,1,5,"METRONET: FAL Dundas Rd CP Reinstatement, Sydney…METRONET: FAL Dundas Rd CP Reinstatement, Sydney Metro: Engineering Design & Assurance,  AJM Joint Venture: Victorian Rail Infrastructure Program, Kidston Pumped Hydro Storage Design, DIT: North South Corridor","Project Development, Feasibility Studies, Owners…Project Development, Feasibility Studies, Owners Engineering, Engineering Design, Construction and Commissioning, Project Management, Digital Advisory, Business Advisory.",NFP,NFP,Adelaide,,Mott MacDonald Group Limited
Worley,1,1,"Chris Ashton(Chief Executive Officer, Managing Director)",1978,"2,000",NFP,3,8,,"Worley is a leading global provider of…Worley is a leading global provider of professional project and asset services in the energy, chemicals and resources sectors.

The Company covers the full project lifecycle from guiding our customers with pioneering projects to finding innovative ways of sustaining and enhancing their existing assets. Their comprehensive geographic presence enables them to leverage global expertise and deliver innovative solutions locally, to meet their customers' needs.",,,"Sydney, NSW.",Yes,Worley Services Pty Limited
Applus+,77,50,"Adam Alessandrino(Executive Vice President, Pacific)",1981,400,25,3,9,"Chevron Gorgon/ Wheatstone LNG and WA Oil,…Chevron Gorgon/ Wheatstone LNG and WA Oil, Ichthys LNG, Woodside KGP & KGP,  Shell / QGC","Inspection / asset integrity engineers and non…Inspection / asset integrity engineers and non-destructive testing. Materials testing , failure analysis, Rope Access Inspection, maintenance and IRATA training, UAV services.",,,"Madrid, Spain",Yes,Applus (Spain)
Geronimo Advisory,,,Mathuran Marianayagam(Principal),2024,,,,,,,,,,,
Mason Electrical Engineering Contractors,,,,1982,34,1,1,,"Cunderdin ORB Design & Drafting, Merredin Design,…Cunderdin ORB Design & Drafting, Merredin Design, Newdegate Design, Konnongorring Expansion Design","Engineering and commissioning reports
Site audit…Engineering and commissioning reports
Site audit and asset condition reporting
Project definition, design and scoping reports
Project management and coordination",NFP,NFP,Neerabup WA,Yes,Pinnaroo Electrical Pty Ltd
The Fremantle Foundry & Engineering Company Pty Ltd,,,,1902,67,,,,,,,,Henderson,Yes,
Agilitus,,,Craig Bloxham(Managing Director),2017,,,3,3,,"Agilitus is majority owned by our employees, who…Agilitus is majority owned by our employees, who are united by our purpose – together, we embrace innovation to solve complex problems, for today and future generations. 

As a trusted advisor to clients in the Resources, Energy and Industrial sectors, Agilitus provides multidisciplinary, fit-for-purpose engineering, design, project delivery and advisory capabilities. 

Our teams leverage technical ingenuity across the entire project life cycle to help clients realise their development vision. This includes mitigating risk, improving safety, minimising operational disruptions, optimising asset performance, connecting to infrastructure and freight networks, navigating through statutory approvals, enhancing their social license to operate, making projects bankable and increasing value for all stakeholders.",,,Perth,Yes,
PMV Engineering,,,,,,,,,,,,,,,
MKA Electrical Design Consultants,151,134,Phillip Matera(Director),2018,10,3,1,,"Newman College Junior School, Grovelands Primary…Newman College Junior School, Grovelands Primary School, Karratha SHS","Electrical design consultancy, electrical design…Electrical design consultancy, electrical design engineering, communications and electronic security, fire detection systems, NBN accredited designer for multiple dwelling unit buildings, NBN accredited designer for new development pit and pipe designs condition, compliance and capacity audits & recommendations, cost estimates, feasibility reports, schematic designs, BCA compliance documentation.",,,"Osborne Park, WA",Yes,2
Altrad,22,,"Neil Sadler(Chief Executive, Asia Pacific)",1985,,,,,,,,,,,
RASP Australia,99,,Richard Tester(Managing Director),2013,60,30,1,4,"Western Power Design Panel, VICGRID TAS Panel,…Western Power Design Panel, VICGRID TAS Panel, Woodman Point Sludge treatment Plant, VIC LXR (Level Crossing), Gippsland Line Upgrade","Power/Electrical Engineering (LV,MV,HV,Bess),…Power/Electrical Engineering (LV,MV,HV,Bess), Renewable Energy, Civil Design, Drafting & Modelling",NFP,NFP,"Perth, WA",Yes,
Qetra,117,,Brian Zlnay(Managing Director),2020,200,10,1,,,"Fabrication, management, construction, inspection…Fabrication, management, construction, inspection and commissioning.",$45.00m,$50.00m,"57 Competition Way, Wangara WA 6065",Yes,
Decmil Group,64,74,"Rod Heale(Managing Director, Director since 2023)",1978,NFP,NFP,1,4,"Marble Bar Road Upgrade, $61m (HanRoy), Telfer TF…Marble Bar Road Upgrade, $61m (HanRoy), Telfer TF Raise, $33m (Newcrest), Perdaman Project Bulk Earthworks, $138m (Saipem Clough JV), Warradarge Wind Farm Extension, $47m (Vestas).","Decmil deliver integrated construction and…Decmil deliver integrated construction and engineering solutions for a wide range of complex major projects across Australia. We work in the resources, infrastructure and renewable energy sectors.
Capabilities include design & construction works, civil construction, bulk earthworks, roads, bridges & rail, Balance of Plant works for wind farms, camps and remote village accommodation,  Non-Process Infrastructure works, and building construction.",NFP,NFP,Perth,Yes,Macmahon Holdings
PMV Training,,,Jatinder Ahuja(Chief Executive),2005,,,,,,,,,,,
GTE Group,,,,,100,,,,,,,,,,
KPMG,87,,"Trevor Hart(Partner of Audit & Assurance, Global Head of Mining, WA Chair)",1907,610,20,1,13,,"Asset Management, Asset Strategy and Advisory,…Asset Management, Asset Strategy and Advisory, Asset management technology solutions, Project Delivery, Program Management",,,"235 St Georges Terrace, Perth WA 6000",Yes,
Kent,,,,,,,,,,,,,,,
Omega 365,134,105,Emma Ireland(Managing Director),2005,20,7,1,2,"ConocoPhillips Barossa, Sirius Minerals York…ConocoPhillips Barossa, Sirius Minerals York Potash, Riotinto Oyu Tolgai, Fortescue Metals Group Capital Projects, WorleyParsons Global Contract","Omega is a leading supplier of innovative…Omega is a leading supplier of innovative software systems and project personnel to the mining, oil & gas and energy sectors. Operating 14 offices around the globe we have a competitive international reach enabling us to mobilise systems worldwide and draw from a globally diverse and talented human resource pool. Omega has long been an established and trusted brand; we currently deploy staff and software to over 800 projects across multifaceted disciplines, supporting projects ranging from $100k to $10+ Billion. With a reputation for success in complex and challenging economic environments, Omega are the software and staffing provider of choice for major operators worldwide.
Omegas flagship management system Pims offers a comprehensive suite of software to improve profitability and streamline information sharing across any business. Specializing in complex environments and innovative projects Omegas web based software excels in situations where multi-discipline teams have to be able to work cohesively while spread across different locations and project phases. Pims modules are fully customizable to your individual business needs and are easily integrated into existing systems. All software licenses include access to a dedicated support team of IT Professionals.

Modules include:

	Contract Management  
	Cost Management 
	Workforce Planning  
	Document Control  
	Completion Management  
	Workflow
	Supplier Portal
	Risk Management  
	Health & Safety Management  
	Experience & Benchmarking  
	Quality Management  

Experience and expertise underpin the value of Omega's Consultancy Service. Our consultants have skills across a wide variety of disciplines and possess a keen understanding of project execution throughout all phases. We know first hand the value of choosing the right staff to guarantee the success of your project. With offices located around the globe we are able to draw from an extensive pool of talent and our consultants are industry professionals who have built vast networks of contacts and potential candidates over the course of years in the business. Whether you require additional contract staff to handle peak workloads, a specific set of skills to compliment your existing expertise, or a whole team to manage a new project Omega are able to deliver you the personnel even in competitive markets.",NFP,NFP,Perth,Yes,Omega AS
