Matched_Name,Target_companyID,Dropped_companyID,Merged_Names,Updated_Columns
COOPER ENERGY LIMITED,comp_17642,comp_17891,COOPER ENERGY LIMITED,
Western Areas Limited,comp_5626,comp_18100,"WESTERN AREAS LIMITED, Western Areas, Western Areas Limited","Linkedin_empCount, Linkedin_Followers"
PEREGRINE ENERGY PTY LTD,comp_17322,comp_18107,PEREGRINE ENERGY PTY LTD,
FORTESCUE METALS GROUP LTD,comp_4,comp_18116,"FORTESCUE METALS GROUP LTD, Fortescue Metals Group, Fortescue Metals Group Limited","Linkedin_empCount, Linkedin_Followers"
METAROCK GROUP LIMITED,comp_314,comp_18124,METAROCK GROUP LIMITED,
KOMATSU MARKETING SUPPORT AUSTRALIA PTY LTD,comp_17672,comp_18263,KOMATSU MARKETING SUPPORT AUSTRALIA PTY LTD,
WORLEYPARSONS FINANCIAL SERVICES PTY LIMITED,comp_18142,comp_18275,WORLEYPARSONS FINANCIAL SERVICES PTY LIMITED,
Anglo Coal Australia Pty Ltd,comp_18172,comp_18321,"ANGLO COAL HOLDINGS PTY LTD, Anglo Coal Australia, Anglo Coal Australia Pty Ltd",
IDEMITSU AUSTRALIA RESOURCES PTY LTD,comp_6452,comp_18326,"IDEMITSU AUSTRALIA RESOURCES PTY LTD, Idemitsu Australia Resources",
Orocobre Limited,comp_5599,comp_18336,Orocobre Limited,
Ammtec Ltd,comp_6225,comp_18853,Ammtec Ltd,"Linkedin_empCount, Linkedin_Followers"
Arafura Resources Limited,comp_90,comp_18895,"Arafura Resources, Arafura Resources Limited","Linkedin_empCount, Linkedin_Followers"
Augur Resources Ltd,comp_64,comp_19002,Augur Resources Ltd,"Linkedin_empCount, Linkedin_Followers"
Australasian Mining Limited,comp_722,comp_19076,Australasian Mining Limited,"Linkedin_empCount, Linkedin_Followers"
Australian Bauxite Limited,comp_445,comp_19094,Australian Bauxite Limited,"Linkedin_empCount, Linkedin_Followers"
Auzex Resources Limited,comp_5934,comp_19198,"Auzex Resources, Auzex Resources Limited","Linkedin_empCount, Linkedin_Followers"
BHP Billiton Limited,comp_2,comp_19255,"BHP Billiton, BHP Billiton Limited",
BHP Billiton Aluminium Australia Pty Ltd,comp_6605,comp_19256,BHP Billiton Aluminium Australia Pty Ltd,"Linkedin_empCount, Linkedin_Followers"
Bauxite Resources Limited,comp_690,comp_19373,Bauxite Resources Limited,
Carrick Gold Limited,comp_5989,comp_19864,"Carrick Gold, Carrick Gold Limited","Linkedin_empCount, Linkedin_Followers"
Centrex Metals Limited,comp_5825,comp_19899,"Centrex Metals Limited, Centrex Metals Ltd","Linkedin_empCount, Linkedin_Followers"
Chinalco Yunnan Copper Resources Ltd,comp_678,comp_19929,"Chinalco Yunnan Copper Resources Limited, Chinalco Yunnan Copper Resources Ltd","Linkedin_empCount, Linkedin_Followers"
Cohiba Minerals Limited,comp_273,comp_20006,Cohiba Minerals Limited,"Linkedin_empCount, Linkedin_Followers"
Consolidated Tin Mines Limited,comp_5756,comp_20067,"Consolidated Tin Mines, Consolidated Tin Mines Limited","Linkedin_empCount, Linkedin_Followers"
Drummond Gold Limited,comp_5762,comp_20478,"Drummond Gold, Drummond Gold Limited",
Equator Resources Ltd,comp_5881,comp_20716,Equator Resources Ltd,"Linkedin_empCount, Linkedin_Followers"
European Cobalt Ltd,comp_6097,comp_20738,European Cobalt Ltd,
Exterra Resources Limited,comp_6030,comp_20786,"Exterra Resources, Exterra Resources Limited","Linkedin_empCount, Linkedin_Followers"
FRONTIER RESOURCES LIMITED,comp_138,comp_20835,"FRONTIER RESOURCES LIMITED, Frontier Resources Limited","Linkedin_empCount, Linkedin_Followers"
Fe Limited,comp_496,comp_20858,"Fe Limited, Fe Ltd","Linkedin_empCount, Linkedin_Followers"
Force Commodities Limited,comp_423,comp_20935,Force Commodities Limited,
Gold Aura Limited,comp_6144,comp_21239,Gold Aura Limited,
Goldminex Resources Limited,comp_6179,comp_21272,Goldminex Resources Limited,"Linkedin_empCount, Linkedin_Followers"
Icon Resources Ltd,comp_219,comp_21680,"Icon Resources, Icon Resources Ltd",
Jadar Resources Limited,comp_345,comp_21916,Jadar Resources Limited,"Linkedin_empCount, Linkedin_Followers"
Jaguar Minerals Limited,comp_203,comp_21917,"Jaguar Minerals, Jaguar Minerals Limited",
Jervois Mining Limited,comp_5653,comp_21938,"Jervois Mining Limited, Jervois Mining Ltd",
Jindalee Resources Limited,comp_317,comp_21945,"Jindalee Resources Limited, Jindalee Resources Ltd","Linkedin_empCount, Linkedin_Followers"
Kasbah Resources Limited,comp_6049,comp_22043,Kasbah Resources Limited,"Linkedin_empCount, Linkedin_Followers"
Kidman Resources Limited,comp_5861,comp_22080,"Kidman Resources Limited, Kidman Resources Ltd","Linkedin_empCount, Linkedin_Followers"
Kopore Metals Limited,comp_648,comp_22120,Kopore Metals Limited,"Linkedin_empCount, Linkedin_Followers"
Leopard Resources NL,comp_628,comp_22155,"LEOPARD RESOURCES NL, Leopard Resources NL","Linkedin_empCount, Linkedin_Followers"
MGT Resources Limited,comp_755,comp_22391,MGT Resources Limited,"Linkedin_empCount, Linkedin_Followers"
MIDWINTER RESOURCES NL,comp_424,comp_22400,MIDWINTER RESOURCES NL,"Linkedin_empCount, Linkedin_Followers"
Macarthur Coal Ltd,comp_5607,comp_22483,"Macarthur Coal, Macarthur Coal Ltd",
Macarthur Lithium Pty Ltd,comp_716,comp_22485,Macarthur Lithium Pty Ltd,"Linkedin_empCount, Linkedin_Followers"
Metalicity Limited,comp_351,comp_22689,Metalicity Limited,"Linkedin_empCount, Linkedin_Followers"
Metallum Limited,comp_648,comp_22692,Metallum Limited,
Metminco Limited,comp_582,comp_22705,Metminco Limited,"Linkedin_empCount, Linkedin_Followers"
Myanmar Metals Limited,comp_5842,comp_23063,Myanmar Metals Limited,"Linkedin_empCount, Linkedin_Followers"
NEWLANDS NORTHERN UNDERGROUND PTY LTD,comp_17974,comp_23085,NEWLANDS NORTHERN UNDERGROUND PTY LTD,"Linkedin_empCount, Linkedin_Followers"
NMS Contractors Pty Ltd,comp_18240,comp_23096,NMS Contractors Pty Ltd,
NORTHGATE AUSTRALIAN VENTURES CORPORATION PTY LTD,comp_17315,comp_23102,NORTHGATE AUSTRALIAN VENTURES CORPORATION PTY LTD,"Linkedin_empCount, Linkedin_Followers"
NSL Consolidated Limited,comp_5797,comp_23114,NSL Consolidated Limited,
Navarre Minerals Limited,comp_523,comp_23155,"Navarre Minerals Limited, Navarre Minerals Ltd","Linkedin_empCount, Linkedin_Followers"
Newmarket Gold NT Holdings Pty Ltd,comp_17314,comp_23190,"Newmarket Gold Inc, Newmarket Gold NT Holdings Pty Ltd","Linkedin_empCount, Linkedin_Followers"
Nickel Mines Limited,comp_34,comp_23210,Nickel Mines Limited,"Linkedin_empCount, Linkedin_Followers"
Odin Metals Limited,comp_455,comp_23340,Odin Metals Limited,"Linkedin_empCount, Linkedin_Followers"
Ora Gold Limited,comp_117,comp_23379,Ora Gold Limited,"Linkedin_empCount, Linkedin_Followers"
Ord River Resources Limited,comp_5757,comp_23387,Ord River Resources Limited,
PARKER RESOURCES NL,comp_5963,comp_23463,PARKER RESOURCES NL,"Linkedin_empCount, Linkedin_Followers"
Parkway Minerals NL,comp_381,comp_23563,Parkway Minerals NL,"Linkedin_empCount, Linkedin_Followers"
Pathfinder Resources Ltd,comp_461,comp_23573,Pathfinder Resources Ltd,"Linkedin_empCount, Linkedin_Followers"
Platypus Minerals Ltd,comp_5761,comp_23691,Platypus Minerals Ltd,"Linkedin_empCount, Linkedin_Followers"
Process IQ Pty Ltd,comp_17932,comp_23808,Process IQ Pty Ltd,"Linkedin_empCount, Linkedin_Followers"
Queensland Bauxite Limited,comp_6003,comp_23929,"Queensland Bauxite Limited, Queensland Bauxite Ltd","Linkedin_empCount, Linkedin_Followers"
Ram Resources Limited,comp_5789,comp_24068,Ram Resources Limited,"Linkedin_empCount, Linkedin_Followers"
Realm Resources Limited,comp_5688,comp_24103,"Realm Resources Limited, Realm Resources Ltd.","Linkedin_empCount, Linkedin_Followers"
Redbank Copper Limited,comp_756,comp_24121,Redbank Copper Limited,"Linkedin_empCount, Linkedin_Followers"
Reed Industrial Minerals Pty Ltd,comp_17430,comp_24134,Reed Industrial Minerals Pty Ltd,"Linkedin_empCount, Linkedin_Followers"
Resource And Investment NL,comp_732,comp_24181,"Resource And Investment NL, Resource and Investment NL",
Resource Mining Corporation Limited,comp_490,comp_24195,"Resource Mining Corporation, Resource Mining Corporation Limited","Linkedin_empCount, Linkedin_Followers"
Rio Perdido Gold Limited,comp_24239,comp_24240,Rio Perdido Gold Limited,
Royal Resources Limited,comp_547,comp_24310,Royal Resources Limited,
Sipa Resources Limited,comp_570,comp_24630,"Sipa Resources Limited, Sipa Resources Ltd","Linkedin_empCount, Linkedin_Followers"
Sojitz Coal Mining Pty Ltd,comp_24666,comp_24667,Sojitz Coal Mining Pty Ltd,
TAO Commodities Ltd,comp_39,comp_24965,TAO Commodities Ltd,"Linkedin_empCount, Linkedin_Followers"
TNG Limited,comp_140,comp_25025,TNG Limited,"Linkedin_empCount, Linkedin_Followers"
TNT Mines Limited,comp_209,comp_25027,TNT Mines Limited,"Linkedin_empCount, Linkedin_Followers"
Tempus Resources Ltd,comp_563,comp_25113,Tempus Resources Ltd,"Linkedin_empCount, Linkedin_Followers"
Thomson Resources Ltd,comp_5940,comp_25198,"Thomson Resources, Thomson Resources Ltd","Linkedin_empCount, Linkedin_Followers"
Thor Mining PLC,comp_1641,comp_25199,"Thor Mining, Thor Mining PLC","Linkedin_empCount, Linkedin_Followers"
Thundelarra Limited,comp_117,comp_25205,Thundelarra Limited,
Tychean Resources Ltd,comp_193,comp_25361,Tychean Resources Ltd,
United Group Resources Pty Ltd,comp_17228,comp_25405,United Group Resources Pty Ltd,"Linkedin_empCount, Linkedin_Followers"
UraniumSA Limited,comp_379,comp_25424,UraniumSA Limited,"Linkedin_empCount, Linkedin_Followers"
Venture Minerals Limited,comp_280,comp_25482,"Venture Minerals, Venture Minerals Limited","Linkedin_empCount, Linkedin_Followers"
Waratah Resources Limited,comp_329,comp_25596,Waratah Resources Limited,"Linkedin_empCount, Linkedin_Followers"
Western Mining Network Limited,comp_6097,comp_25687,Western Mining Network Limited,
Xstrata Queensland Limited,comp_6611,comp_25809,Xstrata Queensland Limited,
