GICSSubIndustry_neo4j_id,dim_0,dim_1,dim_2,dim_3,dim_4,dim_5,dim_6,dim_7,dim_8,dim_9,dim_10,dim_11,dim_12,dim_13,dim_14,dim_15
gics_sub_1,-0.36223206,-0.14725474,0.041647147,0.45246592,-0.49281162,0.1411643,0.25328684,0.400428,-0.11595897,-0.21303648,-0.1380119,0.19684306,0.19618455,-0.3497386,-0.11015088,0.28961018
gics_sub_2,0.20332566,0.19942516,-0.031872503,-0.39021346,-0.079531364,-0.6550694,-0.9752945,0.112906374,-0.13788389,0.13553943,0.20453602,-0.6909227,-0.008203774,-0.4602905,0.070887566,0.023035428
gics_sub_3,-0.00365669,0.10900965,0.039205834,0.15792975,0.30456302,0.19472587,0.3090697,-0.56477654,0.07009633,0.44526744,0.4454919,0.1971769,-0.17958193,0.28436697,0.060537364,-0.047272008
gics_sub_4,0.2331405,-0.61995286,0.0059646284,-0.11870515,-0.1266934,0.826715,-0.16692775,-1.8771073,-0.093817666,-0.053630866,-0.47718033,0.16994503,-0.056667276,0.5751644,0.60968345,0.012342222
gics_sub_5,0.20370337,0.035819568,-0.6065534,0.104936145,0.118243836,-0.30985695,0.38841143,0.6884787,0.47943076,-0.6772773,-1.2030052,-1.387595,0.058514677,0.045259602,-0.44507807,-0.2831226
gics_sub_6,0.16392305,-0.029737743,-0.1171705,-0.2745312,0.36262226,0.49437204,-0.16137365,0.18976235,0.74785364,1.0611066,0.35041824,0.87056446,-0.18173005,-0.48243353,-0.054657727,1.0033733
gics_sub_7,0.8266611,1.1873186,0.50541073,0.39650688,0.26048496,-0.94634247,1.0427783,0.43711922,1.1655904,-1.5682157,0.14791237,-0.21325554,-1.3753923,1.3252074,0.5713042,-0.17781968
gics_sub_8,-1.6010028,0.4094176,0.11117147,0.0037573194,0.2931213,-0.042978216,-0.05113656,-0.24076457,0.13488503,-0.94070846,0.9755589,0.34801885,0.37070557,-1.1431553,0.5274582,1.0663074
gics_sub_9,-0.04621941,0.054111164,0.7874965,0.6403069,-0.5382488,0.14377101,0.19873261,0.6685956,-0.32812136,-1.6713326,1.4686744,0.119813226,0.45320654,0.24853565,0.69975746,0.06054076
gics_sub_10,-0.03698865,-0.9362001,-0.9201974,0.25265542,0.26196495,-0.6711094,-1.0813745,0.25841394,0.66303086,0.5122038,0.14765888,1.4981639,0.13644567,-0.77345276,-0.15992233,0.6256294
gics_sub_11,-0.22075176,-0.13922964,0.6374872,-0.518969,-1.6436828,-0.44440827,-0.31069127,0.15082845,-0.46994147,0.5738033,-0.73533326,-0.6459848,0.3546941,0.58925426,-0.84704715,-0.29995397
gics_sub_12,0.43832728,-0.44685867,0.009350015,0.16105978,0.09305897,0.23065811,-0.37162167,0.6222243,-0.5630463,-0.5935148,-0.30106258,-0.39255384,-0.015304003,-0.328624,-0.009477714,-0.032417472
gics_sub_13,-0.13882071,1.0480258,-1.2117373,0.07353315,-0.14981191,0.037497398,-0.19604778,-1.5278952,0.09877848,-0.3198837,0.013683407,0.25625762,0.030924024,-0.4909508,-1.0073543,-0.15294552
gics_sub_14,0.047161434,0.61063266,0.005152243,0.3213891,0.18925978,-0.43599707,-0.3843997,-0.09749387,0.06772894,-0.3561574,-0.017153777,-0.038973335,-0.8108074,0.06780355,0.3131245,0.07492506
gics_sub_15,0.31297243,0.10886601,0.1971127,-0.61067617,-0.27374232,1.7467959,-0.3548715,0.60524404,1.0871798,0.2489448,0.19569674,-0.9142582,1.113163,-0.2482343,-0.5211015,0.035444904
gics_sub_16,0.58363765,0.051856942,0.66979784,-0.22430381,0.30093393,-0.4182487,1.4395351,0.80091995,-0.21587455,-0.49981332,-0.75775474,-0.32886472,1.1920044,-0.34898213,-0.8670301,0.14881016
gics_sub_17,-0.64654696,0.88570935,1.039958,-0.11991858,-0.23781706,-0.8539621,0.07490825,0.3627781,-0.30618694,-0.7003612,0.949216,-0.040234454,0.50089884,0.19913849,0.6067603,0.08112094
gics_sub_18,0.50510526,0.30479422,-0.7903987,-0.54787296,0.032315914,0.50250435,0.74491227,0.012769559,1.0243089,-1.1399337,0.33574307,1.2467072,0.42842352,0.0014207573,0.15513794,0.66013056
gics_sub_19,0.8489415,0.49384823,-0.09593333,-0.5467838,-0.29483896,-0.12759495,0.47002193,1.028962,-1.1444905,-0.56990516,-0.5907832,-0.5376743,0.064429134,-0.003963938,-0.28861612,-0.43177658
gics_sub_20,-0.24950798,-0.030736735,-0.5469542,0.02910126,-0.44866815,-0.08446826,0.35375535,-1.7345368,-0.0690096,0.0806321,-0.11709466,0.50491357,0.14903986,1.6805435,0.8149023,-0.52097535
gics_sub_21,0.71794355,-0.60069305,0.67183423,0.32884705,-0.115151964,0.7650244,-0.714212,0.15742512,-0.1391873,0.52161837,0.41346708,0.38726312,-0.0010631466,0.6061475,-0.28120416,0.12708825
gics_sub_22,0.28571576,-0.6554105,-0.3848501,0.19600096,0.02285955,0.16097885,0.097912855,-0.70257336,0.69980955,1.4297479,-0.66078794,-0.6428284,-0.22683966,0.5705793,0.3130926,0.3629314
gics_sub_23,-1.7130919,-0.33382794,0.6852742,0.9212676,0.1637075,-0.88320744,-0.7056937,0.123949975,-0.96024704,-0.8997207,1.6851768,1.314724,1.4358516,-0.1676199,0.50670475,-0.22477697
gics_sub_24,-0.38717744,0.89478284,-0.25175422,-0.6584968,-0.7397259,1.5693579,-0.3901048,-0.4777696,0.7525325,1.6385334,0.2124899,1.0275744,-1.6568397,-0.39948222,-0.407781,0.0010475852
gics_sub_25,0.5385218,-0.20528664,-0.040289816,-0.021198861,0.5648191,-0.15091911,-0.34880346,0.21862167,-0.035490848,-0.50398105,1.5659462,-0.24231564,-0.22707626,-0.12714732,-0.37770402,0.17267045
gics_sub_26,-0.91032165,-1.4864051,-0.53935426,0.0800351,-1.0354348,1.256231,-0.73181903,0.77345455,-1.0144802,-1.587229,-0.50025284,0.32258368,-1.1946682,-0.6115618,1.1229472,0.4708919
gics_sub_27,0.34457454,0.6202915,-0.8478768,-0.104507476,2.1491082,0.9756969,-1.2011069,0.27106923,-0.61949754,-0.6162677,-0.5192471,-0.7328416,0.3334878,-0.12945756,0.5349119,0.36198956
gics_sub_28,-0.33096537,-1.221848,1.1397816,-0.8259177,0.9623311,-1.1385275,2.3034759,1.1311837,-1.002652,0.21770188,1.0139335,-1.6998334,0.7087181,-0.36295837,0.5422106,0.17044598
gics_sub_29,0.27450642,0.15800455,-0.44558173,0.4242239,0.7739571,0.99879533,-1.0543264,-0.3698298,0.28886718,0.1824712,1.077827,-0.6689774,0.21861096,1.353923,-0.019378705,-1.016676
gics_sub_30,-1.0918443,-0.70953286,-0.23729558,-0.15504214,0.6833009,-0.26639345,-0.013684399,0.12544736,0.18768977,-0.21547215,-0.6809747,-0.37251297,-0.13221131,0.9783145,-0.088669434,0.06391298
gics_sub_31,-0.105755165,0.32876348,0.99691486,-0.49978435,0.18585534,-0.050854396,-0.30688664,-0.4140107,0.04010234,-0.050376825,-0.9338088,-0.31388506,-0.40980545,-0.67554456,0.013302261,-0.8684816
gics_sub_32,-0.093501724,-0.41856554,0.62808454,0.16378185,0.011259453,-0.39046872,-0.42517018,-0.36492708,-0.5979661,0.22885261,-0.16791835,0.14880899,-0.11726248,-0.4818433,0.0098185055,-0.35816777
gics_sub_33,-0.7822911,-0.1859489,-0.23348802,1.4882052,0.53423685,1.5207436,-0.2060735,-0.84005344,-0.5894949,0.39823428,-0.04213446,-0.16229694,-0.13584754,0.028773395,0.6293472,1.0413837
gics_sub_34,-0.5377396,0.5558135,-0.48589867,-0.58113354,-0.33064416,0.29184505,0.6950178,1.6360006,1.0587558,-0.38503525,-0.17226996,-0.3053651,0.5387448,-0.35658935,-0.84093434,0.5855562
gics_sub_35,-0.88031656,0.34124535,-0.35204533,0.391967,-0.0783943,0.024138186,-0.11759065,-0.6086811,-0.27741998,0.24933721,0.36922613,-0.006679362,0.6924942,-0.4893034,-0.40476716,1.0585135
gics_sub_36,-1.1914163,0.072801426,0.21834244,0.7300684,-0.12405261,-0.31706518,0.7364861,1.6558318,-0.461388,0.5696453,-1.5290173,0.0033571175,0.06541418,-0.10972484,0.03887953,-0.46176648
gics_sub_37,-0.28796372,-0.006376572,1.1929382,-0.10417447,0.07821912,0.3517573,0.059240703,0.40393957,-0.7065505,1.2395416,-0.4317688,0.85158443,0.519307,-0.4621025,-1.1561856,-1.9048108
gics_sub_38,-0.8208207,0.20079339,2.4382873,0.98487765,-0.96888876,0.008844638,-1.0086205,-0.9825809,-0.22926413,-0.37960437,-0.9699825,-0.45039922,-1.1181813,-2.009179,0.85832125,1.2488718
gics_sub_39,0.13083802,-0.81786144,-0.29790214,0.55904573,0.6507021,6.8743248e-06,0.46728998,0.47757763,0.28241804,0.6222471,0.64894724,1.1283106,-0.40582794,0.54138505,0.027947286,-0.2516692
gics_sub_40,-0.13867177,0.76011026,-1.0009671,0.28038338,-0.10667846,-0.83541036,0.09717967,0.6379404,1.3023995,1.7201561,0.32659927,-0.3075548,-0.6757232,-0.11268109,-0.8329079,0.5844092
gics_sub_41,0.33109903,0.7830871,-0.6978451,-0.21668029,-0.32369593,-0.6703889,0.4109713,0.16020472,0.50091183,0.1981483,1.3263732,0.17794433,0.087252975,0.5201847,0.33863994,0.046120986
gics_sub_42,-1.522785,-0.21460967,0.8646138,1.6484886,0.60298645,0.5013291,-0.30189088,-0.08671625,-0.23613581,0.5080566,0.007361038,-0.5400324,0.0036983502,-0.85818565,-0.2056072,-0.26915628
gics_sub_43,-2.0825508,-0.40008962,-2.076048,-0.7953376,0.14347084,-0.6467027,0.12267826,-0.056919385,0.2805936,1.2584041,-0.45046276,0.6580374,0.55097485,-0.6085417,0.43183056,0.2290735
gics_sub_44,-0.3371813,-0.83172023,0.11289266,-0.14552657,0.034102216,-0.7252198,-0.80813164,-1.6728827,-0.002940929,-1.2263718,0.32991496,-0.106756054,-0.74267346,0.85764736,0.67861664,-0.0728646
gics_sub_45,-0.40090495,0.4288336,-0.050798386,0.32202408,-0.2785598,-0.4088973,-0.40294138,-0.34955803,-0.27204546,-0.19270189,-0.23234826,-0.4068071,0.38850543,-0.7379006,-0.14594495,-0.12058945
gics_sub_46,-0.3337256,0.27002048,0.27861756,0.4377495,-0.311524,0.652012,0.46638164,-0.08607107,-0.015830133,1.0406294,0.92538714,-0.18184265,-0.18559474,0.08702403,-0.20609929,0.4488398
gics_sub_47,0.33989316,0.27557364,-0.17912225,-0.24830577,0.25509235,-1.1599201,0.5912362,0.4351592,1.6181432,-0.66736966,0.84841835,-0.071502864,0.6065977,-0.18654974,0.5258896,0.68287903
gics_sub_48,-0.4844521,0.69349706,0.2957685,-0.38061368,-0.020159708,-0.067451075,-0.16303098,0.6842562,0.29903105,0.66746426,0.05737875,-0.42564312,-0.34218937,0.11390267,-0.07642612,-0.2696888
gics_sub_49,1.4034591,1.2431982,-0.5564171,1.4315178,-0.05644113,-0.09387202,-0.2210525,1.6510211,-0.2754457,-0.5914269,0.7539428,-0.058613487,0.17362577,-0.29280838,-0.23011194,-0.11128051
gics_sub_50,0.09443783,-0.2849296,-0.0072857756,-0.3204407,-0.6041845,0.112592064,-0.5671109,0.56841546,0.8461843,-0.2957859,-0.09483849,0.5042998,-0.51728296,0.5618126,0.57984394,0.343015
gics_sub_51,-0.21906653,0.37325117,-0.045098685,-0.983999,0.4560187,0.80468243,-1.2707614,0.55320096,-0.6557618,-0.85182387,0.19214408,-0.46909934,0.25499824,-0.7719738,0.107598804,-0.31293127
gics_sub_52,0.7308103,0.5136089,-0.48631826,0.02036173,0.057937365,-0.36018643,-0.44104505,-0.120335266,0.84252405,0.9658384,0.2967929,0.116250284,0.9621628,0.39181826,0.03081918,0.07452684
gics_sub_53,-0.7000427,-1.0153795,0.59086746,-0.7656914,-0.38971677,0.17753276,-0.052607253,-1.8984311,-1.2186792,0.21862778,-0.16101018,0.7527063,-1.2245023,-1.5842948,1.3540915,-0.2861064
gics_sub_54,-0.25559127,0.39605764,-0.22193661,-0.6652428,-0.736807,0.60372436,-0.29932547,-0.12089477,-1.6619847,0.09742365,-1.0964955,-0.32123435,0.40533578,-0.79181623,-1.1780967,0.4245964
gics_sub_55,0.2040999,1.0594472,-0.009354997,0.68678117,0.11820848,-0.20549884,-1.4879808,0.82204145,0.31875724,-0.6367782,1.0590212,-0.22951557,-1.0514616,-0.07325262,-0.44258192,-0.004834284
gics_sub_56,-0.3688616,-0.44462734,-0.48206347,-0.05197022,0.45304373,0.7541228,-0.94891644,0.8178731,0.022056695,0.6159431,-0.42137834,0.17436746,-0.82436293,1.3403139,0.8304431,0.8471873
gics_sub_57,1.1044663,-1.2727447,-0.027500419,0.9354871,1.4205114,-0.9849811,0.6868219,-0.11606914,-0.83949065,-0.21827948,-0.13140213,0.3392872,0.015744688,-0.40323058,-2.5122619,-0.9552269
gics_sub_58,1.0751032,-0.14172323,-0.101798065,0.8538021,-0.27486995,-0.5071281,0.20566092,-0.7248384,-0.14959045,0.44972444,0.22730246,0.7231585,0.42411575,-0.8871051,1.414971,-0.012680682
gics_sub_59,0.57699496,0.03776082,0.42856693,-0.7598628,1.4807589,-0.12130066,-0.71356636,-1.07195,-0.6355679,-1.4908437,-0.081234485,0.3384425,0.34592214,0.5310556,0.9440961,-0.92931354
gics_sub_60,0.9688675,1.4312935,0.285841,0.8720295,-0.09947582,-0.005182285,1.1312404,-0.08262332,1.7999614,0.14708135,-0.53159803,-0.68310666,-0.60139346,-0.44359457,0.9524803,-1.7155063
gics_sub_61,-0.9619486,0.26405907,-0.015121089,-0.90285933,1.0147517,0.035114095,0.80123407,1.1897275,0.040004108,0.28345025,-0.012517106,1.005367,-0.8083556,0.2890108,0.48884895,-0.13336472
gics_sub_62,0.34272507,-0.52208185,-0.5183586,0.051027745,0.1609838,0.22561324,0.09456483,0.015490692,-0.06196126,-0.16263121,-0.2644958,0.3063552,-0.10718233,-0.36289668,0.8743413,1.0990129
gics_sub_63,0.0056287902,0.37203085,-0.42153102,0.98941386,0.34053087,-0.002462394,-0.5730879,-0.56804985,-0.276915,0.3422248,-0.036506977,-0.30948973,-0.2723205,-0.35529166,0.41629013,0.46333718
gics_sub_64,1.7181689,-1.4612584,-0.5208469,0.21153796,-0.87587523,-0.65531707,-1.0201395,-0.32933122,0.6046818,-1.1324344,-1.3634791,-1.0166966,0.10014496,-0.5061323,-0.9168764,0.26801765
gics_sub_65,0.15815012,-1.305325,0.9859686,0.92400783,0.18311428,-0.86308265,0.12199912,0.14829084,0.3295636,1.3206499,0.094658665,0.4694191,-0.1866287,-0.48085952,-0.77770084,1.2869085
gics_sub_66,-0.62296224,0.50340486,-0.11849327,-0.80086815,-0.10565844,-0.5074071,-0.09773055,-0.5122287,0.79117334,0.6043326,0.49054918,-0.023764174,0.83749825,-0.4875951,-0.46702576,-0.40337074
gics_sub_67,-0.8374599,-0.70213234,0.16959079,0.65118,1.3349327,1.7167921,0.07040839,0.34337682,-0.28484765,0.47746125,-0.43313953,1.5640671,0.45363712,-0.16840483,-0.74835926,-1.6487356
gics_sub_68,-0.08216329,0.58270305,0.40072343,0.057968564,-0.2003157,0.40574488,0.49673587,-0.3888209,0.2239252,0.4042239,-0.8519071,0.27924943,-0.34932855,-1.2561059,-0.63519114,-0.8501054
gics_sub_69,-0.48404118,0.2454807,0.48963645,-0.59373033,-0.43366718,0.8148323,-0.084342115,0.42682868,0.52039045,-0.83059853,0.11644967,1.17137,1.9104121,0.3933864,0.39437774,-0.5820846
gics_sub_70,-0.99627954,-0.47305003,-0.23884591,-0.30919337,0.7281266,-0.6023862,0.7377346,1.4500239,0.37796116,1.2710038,-0.94091976,-0.9190135,0.8534248,1.1330968,0.29027125,-0.12411361
gics_sub_71,0.82366836,1.104501,-0.46079773,2.3036954,-1.1926521,-0.7150707,-0.46377572,-0.10294817,0.5485332,1.116217,0.2887469,-0.074164845,1.3627558,-1.8481764,0.44509083,-1.8250651
gics_sub_72,-0.6191928,-0.86467266,0.79541314,-1.3673809,0.78689605,-0.7780304,1.3766786,0.62738454,-1.200743,1.481083,-0.7759251,-0.6310808,-1.6621765,0.70925575,0.30015793,1.5205271
gics_sub_73,-0.5672392,-0.13172834,0.0004036585,1.1328888,0.012957018,-0.31257963,0.35190707,0.05765929,-0.006673723,-0.26574296,0.26053628,-0.16320498,0.91725963,-0.34145936,0.5113749,-0.0051986286
gics_sub_74,-0.28164378,0.460144,-0.45327872,-1.5457442,-0.52712744,-0.44714606,0.35152185,-0.058563698,-0.05250882,0.06627791,0.83259755,-0.23190573,0.5167923,-1.0747478,0.6059412,-0.3080368
gics_sub_75,-0.30591413,0.1672976,-0.8453855,0.99514985,-0.49712127,-0.45441404,0.301033,-0.37680566,-0.33882475,0.12252325,-0.27644435,0.18095227,0.09926894,2.062151,-0.61049986,-0.35700583
gics_sub_76,-1.0060762,-0.8375914,0.0789579,0.07297874,0.5147672,0.07242709,0.087712176,-1.0330727,0.12812532,0.028231837,0.1660486,-0.20869751,-0.5053753,-0.46864328,0.23456241,-0.51629674
gics_sub_77,0.101624355,-0.8726163,0.70701367,0.38401696,0.17274398,-0.23989649,-0.9194625,0.13624795,-0.35657015,0.12566626,-0.59169847,-0.012048248,-0.04425332,0.03585815,-0.14720467,-0.79339266
gics_sub_78,-0.28681573,0.08358372,-0.38975435,-0.9916164,0.07961963,1.4265082,0.7643413,-0.62300074,0.105298854,-1.1635917,0.57430005,0.78096986,0.24731635,-0.22439425,-1.2975323,-0.3287292
gics_sub_79,0.25468177,0.0069648824,1.218818,0.7262518,0.72596186,0.97578037,0.047836132,0.44976833,-0.5912316,0.10101713,-0.74220276,0.66133463,-0.45445174,0.1469749,0.30126327,-0.3778224
gics_sub_80,-0.5057087,-0.7768791,-0.6157327,1.3383282,0.9473968,-0.4439135,-0.883405,-0.38599065,0.47105238,-0.8047432,-0.39912194,0.35847363,-0.15459563,-0.11858686,-1.3211104,0.3366016
gics_sub_81,-0.39759058,-0.011049824,-0.4502147,-0.03935026,1.4731141,-1.0154532,-0.64825684,-0.7220204,-0.084791705,0.292349,0.05041588,0.34202933,0.35034296,-0.5754496,-2.0554435,1.2284031
gics_sub_82,1.4610815,0.8168471,0.74310815,0.18263388,0.024230827,0.4261392,0.20029847,-0.28583792,0.9215322,-0.30389214,-0.53875107,-0.697362,-2.0747108,0.9834097,-0.17168166,0.015055286
gics_sub_83,-0.6124509,-0.15998168,0.19293389,0.14150967,-0.6754021,1.2502644,0.5522869,0.43739465,0.588279,-0.6328525,0.23963618,1.8370918,-0.6387892,-0.052895505,0.018675784,-0.15741006
gics_sub_84,-0.04081931,-0.19455147,0.01667796,-0.26660168,1.1094465,0.35547516,0.105152056,0.40173,0.5120291,-0.32083654,0.9282645,-0.06902517,-1.4023323,0.43822402,-0.07850232,-0.6692976
gics_sub_85,0.31866693,-1.6034782,0.28032798,0.53259987,-0.012937075,-0.22930345,-0.045089044,1.1312935,0.57823956,-0.32525772,-0.19785158,-0.0628363,-0.6903258,1.49835,-0.21447423,-0.43742108
gics_sub_86,-0.17203185,-0.35164738,-0.41435677,0.8334173,-0.7066374,0.22262003,-0.042131647,0.41021588,-0.026841048,-0.62041837,-0.15351486,-0.36028877,-0.023187596,0.23119253,-0.12486976,0.18227261
gics_sub_87,-1.6696036,0.08362073,-0.17803054,-0.3444279,-1.11114,0.3754501,0.39121422,-0.3559832,0.30895653,-0.9811544,0.6743335,-0.8228755,-0.40190992,0.035310857,-0.50621766,0.1370428
gics_sub_88,0.0037088976,0.7771794,0.6431204,0.48257694,0.041697863,0.18634383,-0.66061014,-0.35924947,-0.055242326,0.084826514,-0.1052511,-0.7776207,0.12552978,-1.462939,-0.17446175,-1.841522
gics_sub_89,-0.60761255,1.0581365,-0.5035875,-0.069985606,0.97507334,0.34675547,-0.1872972,0.06962221,-1.2796938,-0.14215454,-1.6043763,-0.5291057,1.0700924,-0.042146053,0.27103543,0.5730344
gics_sub_90,0.2520207,-0.8826195,-0.9613854,-0.039009742,-0.0022637919,-0.1604912,0.66495883,0.26030105,-0.09369467,-0.06164192,0.019956304,0.17259468,0.479925,-0.18775125,-0.4893763,0.3527197
gics_sub_91,0.9103567,-0.5680902,0.32695752,-0.6491874,0.68159884,-0.5670993,0.06982552,-0.018930614,-0.043137148,-0.28245774,-0.04712254,-0.16363432,0.18085991,-0.58829576,-0.06347899,-0.45131546
gics_sub_92,-0.4744305,0.026558414,-0.3930104,0.083487645,0.1166287,0.34013054,-0.08584105,0.18116534,0.324912,0.17309043,-0.10823643,0.10817287,0.27252838,-0.13229899,-0.2869147,-0.0052024946
gics_sub_93,-0.17680204,0.10175879,-1.1348059,-0.7213123,0.59489214,-1.2624987,0.62356293,-1.1354214,-0.39375716,-0.60082275,-0.5660455,0.06070693,0.2878354,1.2343334,0.3239494,-0.5928676
gics_sub_94,0.55289394,-0.12844285,-0.7418585,-0.6032695,0.56050116,-0.019515589,0.504348,-0.17922977,-0.8953833,0.46507668,-0.048083276,0.1606637,-0.25455925,0.097805195,-0.10785984,-0.16999255
gics_sub_95,0.13827388,-0.10917235,-2.1296055,-0.0037773768,0.06329219,-0.77210325,-0.3142183,1.3612608,-0.3891722,-1.0932987,-0.23717205,0.98781776,0.9789552,1.2424495,-1.0171427,1.3986598
gics_sub_96,2.2775211,0.40428284,0.14708623,0.6004615,-0.48677385,-0.26502714,0.28436008,-0.21066569,0.4431089,0.4914122,-0.40375108,-0.013435776,-0.3884104,2.7799687,0.19576998,0.106387734
gics_sub_97,-0.06033659,-0.9545371,-1.95234,0.23953716,-0.38105893,-0.34310466,-0.3416925,-0.79412264,0.19287038,-0.6809456,-0.8045559,-0.31817144,0.25562578,0.41355127,0.086009115,-0.7087761
gics_sub_98,0.9923147,-0.3367731,-0.46980786,-1.4128534,0.30842665,0.34477928,0.36954784,0.11611148,0.36312965,-0.45298994,-0.5436502,-0.4612689,-0.22406903,-0.6800595,0.49892095,1.6845919
gics_sub_99,0.49457335,0.044503506,0.041827492,-1.0637839,0.10452799,-0.39632216,-0.34863114,0.092201605,-0.12335425,0.37820897,0.1597032,0.35135686,0.21908917,0.21573551,-0.018768586,0.86831063
gics_sub_100,0.4408144,0.2692449,1.2835375,1.2675878,0.7903151,0.6085974,1.9723433,-0.7804573,-0.23969942,0.39884505,0.06324521,-0.7011761,0.53458214,0.38557887,0.74310535,1.5738734
gics_sub_101,-0.4066733,0.124694556,0.017195862,1.5678648,-0.3312263,-0.66719925,0.6248587,0.45847008,0.0884904,0.14769088,-0.3606995,1.1676213,-0.33634835,-0.3043088,-1.5255872,0.8082599
gics_sub_102,0.88392633,0.5887257,-0.11678829,-0.32102597,1.1188548,1.3794453,0.022640109,-0.80092674,0.91780233,1.228296,-0.09001378,-2.2668254,-0.25526467,0.3229397,-0.39817804,-0.7074069
gics_sub_103,0.9907212,-0.39554173,-0.7414104,0.03259307,0.8159091,1.0727824,-0.64905936,0.41658032,1.8279885,0.5090034,-0.57743794,0.18581028,0.91354257,-0.16015187,-0.19121926,-0.3725821
gics_sub_104,-0.23518346,0.3628578,0.32754907,0.5371948,-0.20057511,0.32644328,-0.59042,0.7435919,0.54390675,-0.6856864,0.02824072,-0.11535332,0.33129478,0.99673456,0.21372624,0.1574767
gics_sub_105,-0.0630986,-0.67623144,0.11561571,-0.21263927,-0.2262302,-0.26279303,0.37581104,-0.7002075,0.7134661,0.927039,-0.7707062,0.058108877,0.6664974,-1.0341318,1.1140991,-0.07777675
gics_sub_106,0.6803357,0.22632626,-1.3561867,-0.10037753,1.4266478,0.8755793,-0.4375396,-0.16638556,0.4781415,0.7075586,-0.3808415,-0.5360314,0.86803555,-0.36919925,0.65108263,-0.7601867
gics_sub_107,0.25144348,0.69280195,-0.116489775,0.49393964,-0.78730214,-0.38756207,-0.72855204,0.4206579,-0.20722745,0.5614095,0.52842015,-1.3058221,0.021616424,-0.607447,0.5678852,-0.09945257
gics_sub_108,-0.03068501,-0.60148335,-0.76876825,0.48430765,-0.8624104,-0.32349247,-0.26649824,-0.803775,-0.6470005,0.26569098,0.90572643,0.9755968,-0.3435519,-1.2446209,0.23115858,1.4031112
gics_sub_109,-0.019245466,0.49096286,-0.43912622,-1.0725421,-0.61780506,-1.3221586,-0.7259873,-0.55236405,1.1247231,0.06128069,0.4817928,1.2558835,0.60438484,0.38360515,-0.1808407,-1.9067192
gics_sub_110,0.16171248,-0.025795998,0.6062454,0.03033802,-0.19305721,0.75593346,-0.2372375,-0.06608586,0.07238206,0.66226256,0.22993806,-1.0620706,2.3917038,-0.069612294,-0.23310143,0.08934681
gics_sub_111,0.82574683,-0.38594356,-0.5350996,1.2138797,0.19969413,0.31147635,-0.058813244,-0.19496088,-0.15562847,-0.771917,-0.10210787,0.52249545,-0.42180282,0.33115816,0.1766648,0.16086963
gics_sub_112,0.330541,-0.8983346,-0.28463393,1.7483517,0.06782789,1.1796106,0.30164382,0.3003911,-0.73158705,0.31371003,0.49066865,-0.1618417,0.05782214,1.666786,1.0969177,-0.31006742
gics_sub_113,1.7916555,-0.18263727,1.0851339,0.006125382,0.29110584,-0.81839114,1.856676,0.19597206,-0.47379705,0.99306333,-0.22959456,0.62404025,-1.2416757,-0.043602545,-0.6401539,1.8305746
gics_sub_114,-1.4170637,-0.17437701,-0.8150449,0.22677319,1.5964836,-1.381547,0.9279585,1.3327322,-0.7721206,1.0585865,0.5705502,-0.2449867,-0.80402917,0.43332937,-0.20889716,-1.2578149
gics_sub_115,-0.325946,-0.7327864,1.6915655,0.274913,-2.5522742,0.838963,0.51146895,0.14425951,0.16970101,-0.29805502,0.6026763,-1.5309033,1.457273,-0.22003935,-0.65763116,0.8741195
gics_sub_116,-0.8449974,0.90602,0.56022453,0.28570697,-1.1095667,0.16540943,0.37749228,-0.6269572,0.35063243,-1.9055778,-0.6772044,-0.20448928,-0.36801493,-0.124894336,-0.4965488,-1.1887941
