LGA_neo4j_id,dim_0,dim_1,dim_2,dim_3,dim_4,dim_5,dim_6,dim_7,dim_8,dim_9,dim_10,dim_11,dim_12,dim_13,dim_14,dim_15
lga_1,0.5104884,0.4717075,-0.058225695,0.11230636,1.9854662,0.51207584,0.30135438,-1.1807318,1.0463587,-0.7284882,0.085565574,0.23299204,1.430504,0.094927974,0.6551104,-0.09231581
lga_2,-0.38718286,-0.3623829,0.46459582,0.093387075,1.3539929,0.09111568,-1.451801,0.3897789,-0.9529854,1.0415149,0.28077003,1.2105532,-0.80933714,-0.09398775,1.4036354,-0.45824566
lga_3,0.41164216,2.3652968,0.6362289,-0.23803827,0.23739974,-2.2623377,0.92173594,-1.0208869,2.3117905,-1.43817,-0.36319843,-0.88447475,-0.62484413,-0.08761098,0.08988201,-2.987338
lga_4,0.27594212,-1.4373076,0.73428106,1.1385839,1.9169608,-0.6568628,-0.4373337,-0.25495234,-0.10624785,-1.8525469,1.266379,0.8394862,0.30728891,0.7051554,0.22047633,-0.22570337
lga_5,0.68372905,0.76726973,0.28828794,-0.03623528,-1.4516318,-0.3726557,1.8261278,-1.7192183,-0.5282137,-0.042693734,0.23961255,-0.09565654,-0.9948181,-0.24457388,-0.6809478,-0.55721986
lga_6,-0.5085534,-0.12711188,1.384523,-0.33445814,-0.039320115,-0.054414056,-0.8222629,0.98734236,0.070174456,0.31664002,0.31380078,1.6359777,-1.4283876,0.74190605,-0.6156899,-1.97825
lga_7,-1.2192318,0.094506815,-0.804908,1.049663,-2.2406096,0.17765906,0.703543,0.54730064,0.51000434,0.81305635,-0.803672,-0.43514124,-0.4066944,0.33777058,1.0116475,1.0501682
lga_8,-0.81340253,-0.0065856245,-0.5750332,1.5080292,0.3829676,0.46324575,0.81277424,-2.0124197,0.12555854,-0.5792219,0.79271936,-0.04419124,0.2746436,0.19779557,-0.054933913,-0.7642814
lga_9,0.3622331,0.92108035,-0.20442002,-0.023961939,0.7138561,1.5945948,-0.8935201,-1.0679325,1.7950195,-0.68068194,0.31047487,1.9283018,-0.8733573,2.4989803,0.15254168,1.5817189
lga_10,-0.6277416,-1.2251797,-1.1264627,0.82679343,-0.68454736,1.9768707,0.43660477,-0.25042304,-0.17230745,0.7860026,0.438435,0.62147164,1.5323778,-0.50192195,2.18052,-1.2649188
lga_11,2.2909975,-0.15080187,0.9568699,0.02553822,-0.96195227,0.8891099,0.101915255,0.0753356,-0.97535217,0.5240056,0.2848839,-1.3560303,-1.0102111,-0.11449355,-0.6866096,-0.2363792
lga_12,1.90873,-0.33836576,0.02787124,1.0843314,0.33502468,0.008690229,-0.19745253,-0.51044005,-0.45027617,0.2706261,0.32570088,0.23108284,1.2628351,-3.1941183,-1.5017527,0.033444792
lga_13,-0.17117219,0.9212017,0.824623,0.5250515,-1.6502639,1.0304737,-1.0052814,0.72418195,-0.2894446,0.56487083,2.207278,-0.39394,1.5582619,-1.3079287,0.8252536,-0.46954542
lga_14,-0.1840601,-1.3397601,-1.3197453,-0.5189448,0.12572357,0.29888678,-0.27302897,0.76774466,-1.018453,-0.0456397,-0.9411059,-0.1932154,-1.502923,1.3566724,-2.3379953,-1.942926
lga_15,0.98615396,-0.26052436,0.469599,-1.2440101,1.4513009,-1.3930898,1.3997116,0.94997466,-0.46203858,0.22198653,0.8735724,-0.20228063,-0.08652139,-0.76771194,-0.9969051,0.571701
lga_16,1.1763892,1.4503484,-0.79995394,-0.12950808,-0.6216046,-1.2854884,0.32283017,-1.0998371,0.910196,1.9655325,-2.0038679,-0.35129014,-1.0007716,-0.94287306,0.069534585,-1.5610914
lga_17,1.1926608,0.5141658,-0.78510934,0.39098698,-0.13041517,-1.1672995,0.6091508,0.40324825,-1.1615292,0.9612892,1.0617001,-0.6423317,0.5568769,-1.0937585,-1.3619442,0.6201404
lga_18,-0.78206563,0.8919963,1.2206293,-1.4799297,0.10552984,-1.001822,0.01176479,-0.620586,0.93565685,-2.167105,1.6074597,-0.54504204,-0.408016,-1.1605175,0.2511588,0.78636545
lga_19,0.91551,-1.8935928,0.043444935,-0.671717,0.2936417,-1.4215343,-0.13979532,0.64819324,-0.7437717,-0.43543592,0.39583203,0.9874148,0.23391429,-0.63011634,-1.3970073,-0.8890449
lga_20,1.6245843,0.109944865,-0.46386087,1.3038431,-1.1261569,-0.4358793,0.8859042,2.28009,0.7804392,1.6674784,-1.384818,-0.3774464,-0.41176912,-0.2684077,0.40368795,-1.0702318
lga_21,-0.1578901,0.9436771,0.52229774,-0.5908503,-0.86247283,-0.26860902,0.19350138,0.64289105,0.21791567,0.025019955,0.94584566,0.6157446,-0.3105188,0.51916385,-1.9602547,-0.532147
lga_22,0.09165891,0.38053188,0.18672712,-0.5555552,0.13694622,-1.099313,-1.022995,0.6538534,-0.0060339,0.582025,-0.4984184,-0.13671815,-1.522279,-0.4253801,0.25003946,1.8581214
lga_23,-1.175708,-0.6285999,-1.2669687,0.7242339,-0.2279206,-0.8442795,-0.59142715,0.23532936,0.25161994,0.22593391,-0.76563054,-0.10455897,-0.32584468,0.71259177,-0.06358244,0.41656533
lga_24,0.0050285566,1.1282222,0.8185199,1.1767151,-0.4004585,0.4996673,-0.9370397,0.5871265,0.6554778,0.7006809,-0.24279487,-1.6180717,0.62909085,-1.2655408,-0.04111747,-1.1252816
lga_25,0.8711563,0.9551881,0.7172065,0.40962455,0.259906,-0.7527891,-1.1383027,0.20480995,-1.3219382,-2.5172179,0.19135645,-0.45862442,-1.7662361,-0.021187318,0.15443268,-1.5089405
lga_26,-0.7903738,1.4775947,-0.29684684,1.6417,0.22370325,-1.6381856,-1.2907544,0.044086643,-0.90383554,-0.5860737,-0.55898154,0.60498124,0.65290123,0.34275496,0.40708372,1.3906038
lga_27,0.8377799,-1.3549751,0.9530483,0.31699353,-0.0765914,-1.1497344,-0.3804912,-1.2904736,2.3668735,1.5869207,0.84944373,1.9632498,-0.008865792,0.82764125,-1.2163111,-1.9200896
lga_28,0.5183426,0.42595848,1.2171592,-0.7253462,-0.4043805,0.026430871,-0.4262911,-0.8394391,-2.4786212,0.54298735,1.2075211,-0.75735605,0.80281293,0.37359762,0.8184498,-0.55047685
lga_29,0.72711366,0.20317847,0.947468,0.54912966,0.64452976,-1.2291099,2.3728986,0.46925244,-1.1277146,-1.795197,-1.7671039,-0.7436255,-0.38690457,-0.21549582,0.8381317,2.215907
lga_30,-0.3498741,-0.5069689,-0.25869992,1.2263306,1.1888393,-1.3954208,0.15135863,1.4200579,1.0902188,0.5110045,-0.5672487,-0.10272149,0.7070632,0.24612075,0.16778742,-0.31766483
lga_31,-0.010077682,-0.005191616,1.5221856,1.0645446,0.26949328,-0.56694156,-1.7990081,0.6948271,0.560687,-1.7376007,0.6409276,0.36000696,-0.25847036,2.2122324,0.64000195,2.4881265
lga_32,0.5964967,-0.17375523,-0.070654996,0.8249801,1.4861012,-0.9722398,-0.4035014,-0.8617853,-0.18438986,0.4853971,-1.0992395,-0.8751481,-0.47709477,-0.6944749,-1.0609663,0.26741034
lga_33,-1.1853776,0.9915892,-1.19955,0.4776242,-0.5490597,0.84974885,-0.5125407,0.66045624,-0.662235,1.8316346,0.25458753,2.3532207,0.62931937,-1.1559638,0.69808275,-0.09396893
lga_34,0.17444317,-0.43986866,1.3443514,0.6842135,-0.43536577,-0.5746076,0.056409515,1.0143976,-1.0001184,-0.19300137,-1.1423769,0.1539298,0.51184744,0.17021783,-0.19199204,0.17782216
lga_35,1.3361734,-0.291136,-1.2447311,-0.7554345,1.5373609,1.2283415,1.2249204,-0.29004028,-0.35863125,2.852304,2.5505447,-0.60567087,-1.2549459,-1.6706121,-0.620502,-1.1598552
lga_36,-1.161216,0.4925053,-0.084571816,0.7883363,0.25851393,-0.3829106,-0.5584897,0.16508137,0.49481127,-0.08236402,-1.5072258,-1.7908876,0.54662323,1.3915583,1.4503363,0.9985693
lga_37,-0.37100416,-0.9461701,0.06521954,-0.6944674,0.16114268,-1.7597017,-0.13100716,0.61023355,1.667258,0.35604042,1.1078855,-1.3605729,-0.5836926,1.2404741,-0.23457354,-1.5878654
lga_38,-0.9600962,0.6955285,-0.3238743,-1.685123,-0.11115919,-2.0050468,0.5584816,-2.6559954,-0.7179266,1.4980346,-0.67598367,0.564295,0.39337212,-0.9646022,-1.4316247,-2.0460687
lga_39,-1.84681,-2.4608266,-0.4147956,1.5002964,0.15031503,-0.50521123,-0.05415709,1.9328783,-0.5340769,0.0222637,0.9057152,0.6506245,-1.3750964,0.54844767,0.13977987,-1.3971914
lga_40,0.62762505,-0.8744393,-0.36802387,-1.4328784,-0.7275875,0.6294877,0.6122846,-0.64409363,1.0474813,1.2294832,0.49259448,1.5859703,-0.36510685,-0.65380573,-0.17855345,0.8352896
lga_41,-1.4280176,-0.31280795,-0.719479,0.33662826,-0.92550874,-1.0647516,-0.31742683,0.79448116,-1.0320851,-0.65922457,-0.44214618,0.851558,1.0124867,-0.32921916,0.9975145,-0.34303898
lga_42,1.200478,-1.0654364,-0.036013406,-0.7658118,1.2083883,-0.21559411,0.4905373,0.32421312,0.27645704,0.46358687,0.6163138,-0.43019536,0.7034538,1.024293,-0.45505035,-0.27483043
lga_43,-0.6175285,-1.4312979,-0.8888254,0.6850961,0.7657291,0.23533522,0.6884334,-0.058951132,-1.1629633,-0.81553084,1.7423503,0.40771914,0.35890988,0.454968,-1.5356613,1.8899184
lga_44,-0.9997994,0.32657388,-0.08565656,0.62276906,0.15377088,-1.154807,1.6383554,-0.84064245,0.044738304,0.6262925,-0.68995816,0.3897278,0.9705914,0.8884156,1.6003153,1.1318989
lga_45,-1.1116718,1.5899855,2.3738322,-0.2534872,-0.8110371,-1.8467354,0.54585683,1.0324126,0.7877624,-0.9450597,1.0911592,-0.32676068,-0.19128253,-1.1538473,-1.5789143,1.1413538
lga_46,0.093780264,0.37317836,-0.0031688558,1.5109301,1.1955148,1.0893197,-1.052858,-1.3107,-1.540603,1.4618933,-0.70143193,0.108369775,-0.28451473,-0.15322345,0.85135925,-0.30473822
lga_47,-0.37696934,-0.71174574,-1.0696586,0.48892048,0.63895476,-1.5137116,0.12231321,0.9340439,1.635893,0.63296515,0.69388235,0.3674405,-0.49171993,-1.781169,-0.8557385,0.8503394
lga_48,-0.59354687,-0.13605623,-0.3507572,1.7141935,0.019172378,-1.0481877,0.8595909,-0.15048324,0.89049935,1.1824374,1.3732858,-1.8730316,-0.090025425,0.9314913,0.9239651,-0.8830855
lga_49,1.4922898,-0.08749901,-1.4995989,-1.7706184,1.3189495,0.2734989,-1.0294673,0.48615152,0.08459249,-0.265898,2.385476,1.0709198,1.3205023,0.9933582,0.54072124,0.53273207
lga_50,-0.09666082,-0.34818783,-0.7877479,-1.455522,0.47353792,-0.29220718,0.7448572,-0.6124006,-0.33177316,0.7147993,-1.8139052,-0.97787774,-0.42004386,1.1700838,-0.375955,-0.15369582
lga_51,-1.7623405,1.4605688,-0.7108846,-0.40846458,0.9699228,0.2850582,0.42674795,0.303091,-0.6302659,1.1229057,0.92512554,-0.25996995,1.4489574,-0.76461583,-0.3634831,-0.89821726
lga_52,0.07987002,-0.8125559,0.5354402,-0.09170088,1.8719757,0.321513,0.4887449,-0.92385095,-0.6232554,-0.86634785,1.9523664,0.34385866,0.47995827,1.4416679,1.7765666,-0.24875146
lga_53,-0.8265107,-0.04721104,0.33692366,1.3232633,-0.7060088,0.21499196,0.67742765,1.0576236,-0.6787345,1.7384746,-1.3302855,1.2564787,0.48846284,-2.3114007,-0.725749,0.5861645
lga_54,-1.0349064,-0.52588564,-0.20642081,0.44340044,-1.6125249,-0.96452194,0.6256449,0.7530613,-0.98865974,0.07481399,0.87446725,-1.0809193,1.0662276,0.12628314,1.0242337,-1.120545
lga_55,-0.6247195,1.7884002,-0.16531579,1.1723285,-0.6728171,-0.5255462,0.11527947,-0.40905297,0.31696743,0.541866,0.03539177,0.88645273,-0.8015944,0.86408573,0.15316266,0.30335802
lga_56,0.26487157,0.046440944,1.6253527,1.0368327,0.14537159,2.3370059,-0.08055238,0.9058432,-0.42174262,-0.18919773,-1.9844502,-0.16617283,1.5391829,0.15258203,0.50115997,2.9029598
lga_57,0.09349418,0.16342708,1.5846297,-1.6215707,-0.14935036,0.22787707,-1.5791351,0.68725556,-0.5324642,1.7748722,-1.4121034,0.5846883,0.23115878,-1.0448791,0.09249564,0.098043896
lga_58,-0.5196176,-1.9013875,-1.1156071,-0.16658983,0.39926955,0.45113578,-0.93657786,0.024580536,1.1126133,0.20455787,-1.6167644,1.3954198,0.298113,2.3357627,0.54648817,-0.009838153
lga_59,0.11788585,0.62902516,-0.32274243,-2.180677,0.9976421,0.77704334,0.78488463,0.20768532,-0.46894625,-0.21889699,0.5669109,0.50638956,0.611464,0.34521952,-1.9969833,-0.82673794
lga_60,-1.5105709,-1.4546616,-0.90205497,0.9094778,1.636947,0.18135074,0.5223181,-0.77459526,0.36111253,-1.3688438,-0.078735426,1.15017,-0.22811607,0.37836844,-0.842354,-0.74435544
lga_61,0.105500795,0.28254738,0.32554802,-0.34014797,-0.44306278,1.201517,-0.47784135,-0.3852437,-1.1017704,1.8936125,-0.18258832,-0.4528946,0.06627046,0.7303716,-0.2965692,0.048964445
lga_62,1.237939,1.0205288,-0.2188799,3.04886,-1.8179151,-0.08686607,-1.8605988,-0.17124616,0.2634114,0.060967088,-0.1688699,0.5344834,1.1945845,-0.6584265,-0.2948331,1.1711676
lga_63,0.43262133,-0.8262114,-0.048231322,-0.33421034,0.8816576,-1.0343546,-0.13480628,-0.76743114,-0.9263062,1.4766594,0.7377213,-0.60888624,-1.018304,-0.77237505,0.8322002,0.74129456
lga_64,-1.0426129,1.2811872,0.89705586,-0.4523288,-1.6937705,-0.12514034,-1.4640728,0.34811506,1.4720774,1.8975296,0.52548295,-0.24933355,1.2074361,-0.52988005,0.32106525,0.61656713
lga_65,1.0529504,0.72318846,1.4646701,0.034480445,-0.06486357,0.90053654,-0.04565057,0.09085131,-0.46383816,0.08188065,1.4140525,-1.5561099,-1.4277751,-1.4313587,0.91228783,-2.072055
lga_66,-0.89685875,1.7419193,-0.3526761,-2.6971097,-0.39116022,0.13914417,-0.088055335,0.820243,-0.07515831,-0.020652846,0.88922596,-1.9892942,0.5049772,-0.39928302,0.8425775,-0.7374253
lga_67,-0.38803783,-0.167566,-0.47590265,-1.2210208,-0.9103042,1.0470177,0.32959434,0.8825737,-0.2929537,0.023600321,0.23400463,-0.06783163,0.05141639,-0.9778576,-1.8329346,-1.1886606
lga_68,-1.6569204,-0.49289238,-0.0042752987,0.46483567,1.5250694,1.1786999,0.4766917,2.1883495,2.756111,-0.8783864,-0.19607517,0.2923696,-0.46852055,0.381673,1.121639,-1.08904
lga_69,-0.44595534,0.61727166,-0.97267157,1.9360092,0.33317006,1.1260186,2.7794385,1.3087434,-1.0457767,0.32725033,0.49336866,0.38361695,1.0192518,-0.48282784,0.22387029,-0.5970649
lga_70,0.826482,0.25647482,-0.738799,0.3196616,-0.087652035,1.38925,-0.12528783,-0.14864495,-0.6467967,1.8534147,0.06786236,0.12543373,-1.2699926,0.5486252,0.10860895,1.1533989
lga_71,0.40553948,1.2418418,0.8585585,0.6385202,1.3541768,-0.75927895,-0.2682325,0.28400564,-0.7968324,1.1172148,1.2289996,1.4314958,-0.6149958,-0.13669452,-0.2889958,0.9361835
lga_72,0.3482913,-0.74906105,-0.16498561,0.5432719,1.401961,0.8502445,-0.1450807,0.6679281,-0.7670297,0.37863734,0.35424337,-0.032861006,-0.3353439,-0.4240274,-0.8244029,1.4547697
lga_73,0.10632637,-1.7173445,-0.0640978,0.06263804,0.39104354,-0.6829572,-0.64875895,-0.8157933,-0.74571157,0.70960414,-0.83748007,-0.8991885,-0.31753358,-1.1088523,1.1390492,0.8275834
lga_74,-1.6461205,-0.37813067,0.2840005,-0.2509571,-0.09024501,0.6536653,-0.5540034,1.0694823,-0.23303993,-1.4848229,-0.09849193,0.1671432,0.44266292,0.95903265,0.53750753,1.7234212
lga_75,-0.6554578,-0.14962421,-0.14099939,-0.42550656,0.9261874,-0.107343584,1.6085832,-1.5487641,0.7041055,0.20824046,-0.18980579,0.41581243,0.9319436,2.12316,-1.5567725,-0.7037037
lga_76,0.52282214,-0.7484246,-0.59061015,-0.40685403,0.27298862,0.8828499,-0.5498713,-0.41272682,0.65422237,-0.61291945,-1.35519,2.2822917,1.0549537,-0.96465427,0.62928146,2.5140305
lga_77,1.0103793,1.5600357,0.043702997,-0.5830132,1.465416,1.025558,1.176513,-0.53937334,-0.19965148,-1.7734857,-1.5106466,-0.48776838,-0.6010176,-0.17424472,1.6352955,-1.880022
lga_78,0.5849078,1.4657483,-0.24431056,1.5559967,-0.6566759,1.2977424,0.4070978,0.11984913,1.3826594,-1.270327,-0.4193485,1.6171532,-0.7637357,0.5321153,0.80199885,0.6941656
lga_79,-1.0076822,0.5909065,0.48900953,-0.47732523,-0.021100301,-0.7629111,0.8038064,1.7820232,-0.6666881,0.8122641,-1.3732632,0.17509814,0.34939855,0.37103504,-0.087566465,-1.1707938
lga_80,-0.45344576,0.07243919,1.0977585,-0.809298,-0.020724583,-0.09667852,-0.04894303,-1.179607,0.8473728,0.3989872,-1.7720425,0.49371773,0.885624,-0.51612586,2.3951337,1.4589183
lga_81,-1.0017467,0.3873335,-0.563059,-0.66036206,1.8684628,-0.5148867,0.67637354,1.3015585,0.98544747,0.1405774,0.49865934,0.8233431,-0.094518565,0.2965758,0.32644162,-0.10177759
lga_82,0.39780745,-0.5836439,1.754558,-0.7759516,-0.5555645,1.9596801,2.4875643,1.5635736,0.0988295,-0.66983527,-0.8229948,-1.2619847,0.18598334,-0.839801,-1.3459626,1.2288222
lga_83,0.13442743,1.5578849,-0.95021766,-1.3425512,0.43352202,-0.18777992,-0.105221316,-0.13236718,2.6076066,1.5600892,0.29473096,0.20148963,0.9134058,0.1705704,1.8300859,1.2226601
lga_84,0.9681184,-0.2689,0.38321817,-0.25646934,0.43129757,1.7855009,-0.46663672,0.040937703,0.8621622,-0.5999426,-0.53925294,-0.4255306,-2.9051492,-0.13049787,-0.11974141,-1.3430021
lga_85,-0.69216,0.19656296,0.7684874,0.08073532,0.2769206,0.102105424,-0.29184717,0.34412464,-2.3551822,0.13924803,-0.15819903,-0.08011964,-0.34489402,0.40905958,2.434064,0.22473897
lga_86,0.98190415,0.1141011,-0.88100994,-0.93772346,0.99907655,1.5351856,1.0088595,0.42753708,-1.8758284,0.22492076,1.3467883,-0.9282141,-0.21864071,0.6262881,0.45051843,-0.09005813
lga_87,-0.022589624,-1.2452217,-2.7211664,-0.6443534,-0.5860407,1.497864,0.62474644,-0.20158565,-0.7688102,1.1070429,-0.20338771,2.2297142,1.1075189,-0.59516627,0.22766927,-0.50697726
lga_88,-0.42938682,0.7631067,0.52980757,-0.20107533,0.7934603,-0.63295525,-0.1731769,1.0902762,1.1595604,-1.6304712,0.1681099,-0.36334994,0.5759737,0.18117383,1.8695347,1.3009766
lga_89,-0.28200138,1.3280061,-0.60287595,-0.99720496,-0.8292738,-0.21946926,-0.084304705,-0.1395796,0.47454745,1.5530812,0.20260474,-0.98819983,-0.8310654,-0.030014247,-0.77100205,-1.0184244
lga_90,1.7446932,-1.0647937,1.933862,0.61945224,-0.7779911,0.075547986,-1.4321083,-1.4454845,-0.14330587,0.6576411,0.16606402,1.2390677,0.020953014,1.4733608,-0.05337689,-1.3050113
lga_91,0.6310528,-1.3954648,-0.9734051,-1.3614252,0.5816603,-0.814713,0.69669956,-0.51975465,-0.13013916,-0.5932377,-0.38502252,0.7667518,-0.22234598,-0.03717201,1.2308619,-1.1644343
lga_92,0.1456422,-0.26366752,-1.6560265,-0.19773683,-1.4584806,-0.31618357,1.5838203,-0.9216689,0.4411031,-0.5937367,-0.06472719,1.3504443,-1.3088676,-1.6893203,-1.125656,0.5038358
lga_93,0.8507914,-0.391509,-1.7311089,-0.9865115,-0.015997801,-0.7389101,-1.9223132,-0.90271896,-1.565462,-2.5719554,1.0836525,1.9918976,1.0790935,-1.2989784,-0.8588639,-0.44015056
lga_94,0.38038096,1.3449088,-1.0126878,2.0760155,-0.28924933,0.050086197,0.70020914,2.0380766,0.10430672,-0.085854635,-0.6834973,0.37696508,-0.22583714,-0.8044214,-0.2681606,-1.2903029
lga_95,0.5945371,1.5012584,-0.2225851,0.48421544,1.3133426,0.71939087,-0.8059863,1.9693737,-0.3364597,-0.75007194,1.2036482,-0.021485213,-1.7750074,-0.1814488,3.052748,-0.5127827
lga_96,0.76916003,0.27655944,-0.42495498,-0.9792232,-0.5469683,1.1935025,-0.2326279,0.05136254,-1.1181294,0.5442672,0.27987096,0.02631664,0.2804798,0.060184605,-0.357469,-0.7621067
lga_97,2.133968,-0.74989206,-1.481333,2.2229276,-1.3756347,-1.043117,1.113658,0.1548509,0.83007574,-0.09220911,-0.42584774,0.6881217,0.4662865,-0.44208798,-0.40381768,1.2913815
lga_98,0.31064588,0.73245716,0.087944075,1.0503775,-0.22099261,1.6660439,-0.9118666,-0.7894292,1.5427232,-0.1260424,-1.2568699,0.0057865293,-1.4392467,0.6497065,-3.409582,-0.00658565
lga_99,-0.66437453,1.4838098,-1.2503556,0.49323168,-0.79464334,0.7739368,-1.5137157,0.749574,-0.6443035,-1.607602,-0.7138664,-1.3044614,-0.22788958,-0.3018708,2.335306,-1.46603
lga_100,0.96497047,-0.50208163,-0.15566733,0.89682245,0.41889763,-0.558646,1.9453695,0.334725,-0.39383048,-1.4808241,0.032724716,-1.4777554,0.9259069,-0.2396774,1.9644854,0.20710967
lga_101,-0.5571849,-1.2420357,1.15255,-1.3389939,0.8386589,-0.65270174,0.8827618,-0.1930981,2.139139,-0.7403511,-0.5580072,-1.868844,-0.15529163,-1.2095127,-2.6616518,-0.106103726
lga_102,0.9429198,0.29433972,0.7093062,0.08892009,-1.453779,-0.06248024,-0.81150883,-1.2553369,-0.51474947,-2.3602228,-1.4211653,-1.0144715,0.95596904,-0.18887295,1.0792083,0.28575793
lga_103,-1.1799922,-0.43535885,-0.13895784,-0.02852656,-0.9815152,0.2795958,0.07133878,1.2377266,1.0707103,-0.908632,-2.1560676,-0.90884215,-0.84787494,-1.7877227,0.40189856,-1.9463761
lga_104,0.7744839,-1.030853,2.4976099,0.62267345,0.6415402,-1.667974,-1.7954531,-0.22175254,0.054137032,0.7326283,2.6797194,-0.13873212,-0.15893625,-0.09312345,-0.71053374,1.0660974
lga_105,-1.2002726,0.35609362,-0.7297344,-1.9030279,-0.47962508,-0.103352904,0.96238184,-0.5699425,1.3042779,0.47669262,-1.1842035,-0.65200466,-0.49208462,0.5415495,1.0644376,-1.018094
lga_106,-0.32642075,-1.9388329,-0.12543872,-0.005925404,-0.19129181,1.2943791,-0.009613491,0.052441433,0.6917189,-0.77989584,-0.44945872,-0.7414248,-1.351699,1.4190805,0.4159041,-1.4199
lga_107,0.29539138,2.3424091,-0.41062227,-1.8412944,-0.9670614,-1.0531363,0.9779537,1.6135975,-0.11673522,-0.11674683,-0.3854887,-0.202711,-0.029195981,0.6540862,-1.2814847,-0.29513225
lga_108,-0.48146474,-0.39916334,0.5692146,2.7688706,2.0024412,-1.8483907,-0.43912232,0.9508104,-0.50844055,1.7883899,-0.45285216,0.3136491,-0.26965323,-1.4304365,0.62458706,0.23146752
lga_109,2.435278,0.4375833,-1.0668715,-1.4130483,0.40852228,-1.7087266,-0.5699971,0.89699453,1.2841592,0.97821563,-2.0154326,0.8181133,-1.0002898,0.8264884,0.61919594,0.5922405
lga_110,1.3960627,0.13692361,0.00314896,-0.048512734,-1.7947867,-0.04960422,-1.6816703,-0.975816,-2.01986,-1.6035032,0.50001585,0.28188345,-1.151234,-0.23324004,0.1133462,0.5730423
lga_111,-0.34440607,-2.1021779,-0.6556081,-0.9170025,-0.40419555,-1.9318491,1.9073136,-0.23110138,2.7456865,-1.4303684,-0.54782045,1.0251218,1.425136,-0.4183075,0.5942598,1.5733031
lga_112,-0.537886,-0.27568012,1.290362,-0.13091943,0.076736614,-0.2564645,-0.17248201,0.37532696,0.8513168,1.4512784,-0.03733272,-0.32790416,1.466466,0.8221533,-0.18914562,1.0508722
lga_113,0.25280526,0.28894544,1.1063302,-1.6869124,0.17651835,1.3609165,1.4937576,-0.8778808,0.79380876,1.0740483,-0.75007826,0.658403,-0.6514286,-0.09900332,0.49050292,0.78074884
lga_114,1.1090446,1.206522,-0.2769543,1.1147689,3.0712028,0.18318108,1.0002085,0.57398283,-0.42916876,-1.4281386,0.39010307,0.19671832,0.33475423,-0.8622077,0.09086908,0.853843
lga_115,-0.66211754,-1.7456472,1.8750755,0.71423906,0.31429446,0.42043796,-0.26399747,0.40870857,-1.1829392,0.4085802,1.0376571,0.49494344,0.4066306,-1.7419685,-0.52364475,-0.7369223
lga_116,0.019973854,-0.13510984,-1.1510645,0.64391714,-0.29943442,-0.95609844,-2.484501,-0.98392534,-2.2944822,1.070967,0.75502986,-0.6572088,0.06689825,0.54377794,-0.23344524,-0.96730477
lga_117,0.6054212,-0.07833359,-1.1986334,0.24221,1.3472135,1.066541,0.90514946,0.13464047,-0.053481508,1.6502061,-1.0336307,-0.192323,-0.0070557757,0.10923077,0.7649501,1.2214425
lga_118,-0.7053303,1.4970864,-0.6013389,-0.054652765,-0.39313602,-1.3520359,0.5803297,0.37030184,-0.9105976,0.9976496,-1.2835864,-1.555487,0.21041857,1.811418,-0.3264031,0.91274023
lga_119,-0.6089746,-0.3430453,1.8745202,-0.8501593,-1.2010328,0.10587153,0.18292393,1.2374014,-0.3303293,1.9140328,0.827577,0.9458886,0.101082526,-1.4270436,-0.25956133,-1.1399012
lga_120,-0.66457844,0.1562359,-0.49308163,-1.8292704,2.1862857,0.35837612,-0.6986502,1.2930276,-1.1993518,1.1521733,-0.66733474,0.88900876,-1.5740497,-0.024033584,0.36624673,2.5663967
lga_121,0.269859,-0.0025180466,-0.51982623,-0.26175496,0.26205972,0.4006785,0.45098862,-1.2983495,-0.016733907,0.25049573,2.294349,-0.08274028,0.24611658,1.8445687,-0.7026448,1.7742747
lga_122,-1.1720607,-0.8333858,0.7721309,0.844861,-0.04752437,-0.7908089,0.25883827,0.32746685,0.84384143,0.43764555,0.27716953,-0.8016046,0.9062292,3.273399,0.589785,-1.1860625
lga_123,-0.64054495,1.7338287,0.61074704,0.4764719,0.12320655,-0.12052527,-0.59775454,0.81825477,-0.2336441,-0.96220887,-0.10490985,-0.6562209,-0.30977413,-0.86525637,0.51171875,1.6428759
lga_124,1.1190019,0.764204,1.1222597,-1.3933599,0.2710886,-0.712215,-0.910968,-0.8153823,-2.1003664,1.4707482,0.9177356,0.84290904,0.14235061,0.4629661,1.714418,0.2074604
lga_125,0.23839454,1.8499378,-2.0890136,-1.3695947,0.80369,0.17824513,-1.1681209,-1.5108871,2.150501,-1.6891015,-1.949705,-0.26610008,1.0575026,-0.6383258,-1.4347254,1.9898013
lga_126,0.083340734,0.36714482,-0.733457,0.5505473,-1.751455,-1.3388623,-0.26068324,-0.38755444,-0.2541737,1.8416226,1.1716795,1.0570004,1.8353941,0.22647712,0.9937286,-0.21553853
lga_127,0.9156963,-1.3239634,-0.775293,0.2740515,0.9760915,0.6935832,1.3532674,3.3128328,-1.0106509,1.0992196,-0.43500882,-0.55692667,-0.6745163,0.6074647,-0.07037439,-0.7718127
lga_128,1.308718,-1.1841007,-1.9693061,-0.5484386,-0.27379623,0.8465649,-1.1787876,0.04011791,1.3320451,0.3328133,0.9153079,-0.79891574,-1.1625745,0.8498156,0.376269,-0.09833612
lga_129,1.020821,1.0333297,0.15863632,-0.23045146,-2.406657,-0.27084526,1.4437538,-1.2317777,0.8164569,0.15320025,-0.034329154,0.5966964,1.1438848,-0.97117287,1.2308402,0.8712804
lga_130,-1.710555,-0.22706062,0.9867253,0.88391304,-0.6037323,0.7808388,1.0146568,0.6007404,-0.21490799,0.559439,0.25470486,1.8732957,-0.65372217,-0.12145884,1.5155549,-0.4774763
lga_131,0.39887246,0.9241751,-0.8171882,0.39913926,1.3527408,-0.9897036,-0.60380393,0.7179034,0.16379894,0.4527152,0.43188915,0.89883536,0.0036767933,-1.2208261,1.5254073,-0.1783331
lga_132,0.5477452,-0.075226486,-1.347435,1.318806,0.42219788,0.39740345,0.086407594,-1.3404307,1.4195838,-0.8576883,2.3215828,1.7791681,-1.0157712,0.5171516,0.74248195,-0.547311
lga_133,-2.1398578,-0.97124463,0.4182476,-1.3011504,0.5188767,-0.70709544,0.0901235,0.75489223,3.10611,0.03310194,0.9172557,-1.0894439,0.6743591,-0.7726467,-0.3536378,-0.954857
lga_134,0.3351289,0.64124507,1.5223134,-0.1811845,-0.10353622,2.091025,0.27510154,1.0498972,1.1420778,-0.86228514,0.016267749,0.296783,-0.9543055,-0.04182937,1.057281,0.48106042
lga_135,0.19113362,-0.6294652,-0.8717624,-0.6919405,-0.05849552,-0.31485283,-0.23463182,0.33813745,0.37132952,-0.767967,-0.8522529,-0.10917167,-0.6023122,0.30572808,1.0651342,1.6120926
lga_136,-0.1050793,-0.5805299,0.4914087,1.831012,-0.18802735,0.15529425,-0.18805103,0.74516886,0.27949628,-1.2086338,0.89424574,-0.49670014,1.3231751,1.352234,-0.4942074,-0.8373256
lga_137,1.0860081,0.7888996,0.8819602,1.3368282,0.112241305,-0.33956683,0.52352715,-0.9133815,0.43874547,-1.639509,1.2097219,0.22661456,-0.8658129,-0.1544517,-2.2006397,-1.1970328
lga_138,1.4958625,2.3348966,-0.62894213,0.59586394,0.5944187,-1.40563,-0.3892983,-1.3173481,1.1259938,-0.84968007,0.251993,0.76404697,0.026893282,-1.2579799,0.3270938,-1.1832231
lga_139,-1.8681554,0.4556232,0.0021682978,0.019114345,0.08628984,0.35608375,-0.49532375,-0.01121379,-1.4249033,0.42166692,0.91388786,0.038225133,0.31303948,0.23257162,-1.283895,0.2849941
lga_140,-0.7923766,0.13927707,-1.62787,-2.402973,0.12763193,-0.2707051,0.6068691,0.28561383,1.1137519,1.0281674,-1.423591,-0.5206135,-1.4297606,-0.6351118,-0.018562585,1.3283657
lga_141,-1.476561,2.7430778,0.07900953,1.2109423,1.3654478,-0.40695453,-0.7691936,-0.82828885,1.3352896,0.31625158,-1.7301946,0.574852,-1.4972116,-0.45660836,1.1559453,0.115290366
lga_142,0.60221744,-1.7797804,0.49588063,-0.83872175,0.17488156,-0.67899305,-0.68024737,-0.7887351,0.094219215,-1.0722736,-0.7870573,1.0303042,-0.16931255,-0.8769393,-1.0076675,0.58943516
lga_143,0.39343727,0.54246974,-1.4445032,-0.34609592,1.057512,-0.034773547,1.043504,-0.063957155,2.7394586,0.45398778,0.16922008,0.41572586,2.9828866,-0.6896851,-1.1882485,-1.1559027
lga_144,-0.20087184,-0.842726,0.33539242,-1.2295605,0.24361266,1.7747823,-1.5788306,0.08304308,-0.65389377,0.12066732,1.3049664,-0.55833876,0.5497712,-0.15518993,2.141039,0.83324176
lga_145,0.044663448,0.6466413,-1.1919202,-2.0985234,-0.8766565,0.6054332,0.4330571,-1.1732227,0.28353032,1.1365299,-1.0053188,-0.2984728,-1.5746646,-1.7563717,1.6344482,0.917032
lga_146,0.36410445,0.9130549,-0.11395952,0.8439475,1.7372316,0.5047278,0.5241509,-0.52724266,-1.0804278,-0.5998921,-0.49314362,-1.8376093,-0.31092238,0.1665716,1.16317,-1.0711021
lga_147,1.7995609,1.1173974,-2.0263288,0.2112897,-1.2502787,0.9086105,-1.4399457,0.78998667,-0.09920909,-0.30827823,-1.1370833,1.4426354,2.2605329,-0.83407366,0.46436813,-1.0001458
lga_148,1.0219703,0.4379923,-1.3539405,0.058062352,-1.5485308,0.4464987,-3.4541218,-0.62798774,-1.0552133,0.7214923,2.0358646,2.3623435,-0.6388365,-1.1025742,-0.57738364,-0.5089475
lga_149,0.6290064,0.3928897,-0.29135197,1.8393972,-0.54999274,-0.38302848,-0.40258127,0.085895024,0.19259094,-0.66798055,-1.3197029,-1.071905,-0.050096385,-0.79536265,1.9563007,1.7966807
lga_150,1.290306,0.4317475,0.028260747,-0.61163473,-0.6321517,-0.87968737,-0.9374145,-0.08276589,1.7431446,1.4760284,0.11745531,-1.6202854,-0.68868184,0.87731606,-2.5247478,0.14233913
lga_151,-1.8216059,0.98709494,-1.1671025,-0.22044474,-0.3000354,1.4097893,0.13080846,-0.5496402,-1.9949827,-0.15887126,-0.6430647,-0.9476389,0.16714633,-0.55131936,0.98178625,-0.16731599
lga_152,0.84756535,0.60194004,2.3610673,-0.92922676,0.5644639,-0.12033125,2.2645779,1.1098835,0.94554114,0.3773302,2.09237,0.4136399,-1.2143027,-1.4023987,-0.49787968,-0.97749627
lga_153,-1.200102,-1.9887727,-0.940416,2.9761918,-0.40467104,1.8798317,-1.6754141,0.10107792,0.36960074,1.6707361,0.04703617,0.46635103,0.36928883,0.6719231,-1.9242337,-1.76118
lga_154,-0.1776473,1.8430113,0.18213606,0.6317849,0.8350994,-0.0062657357,1.0013509,-1.1602361,0.070997894,0.019456545,-0.44341087,-0.3869425,0.3179119,0.009580991,-0.6137838,0.75757265
lga_155,-1.1473716,0.018242784,-2.114114,-0.46683303,-0.02587015,0.7593932,2.4041026,-0.75084203,0.4014695,-1.1000689,2.1984553,0.4165619,1.4670931,1.5008405,1.515521,-0.6693116
lga_156,-0.26146877,0.9245403,-1.5746022,0.26462817,0.32494718,-0.14776397,0.24677354,-1.001291,-1.1106803,-0.639762,-0.2989259,-0.19988948,-0.69600004,-1.2211384,0.14494652,1.0523068
lga_157,-0.9448983,0.016807836,0.10495961,0.47261006,-0.5597289,0.8382491,-0.26435342,0.48138896,-0.4799845,1.0824484,-0.69503725,-0.08974384,1.6619021,-1.0334024,-0.55577785,0.20413573
lga_158,1.5608833,0.60869515,-1.0899117,0.12230408,-1.2680833,-0.51418537,0.36906913,-1.2332324,-0.55020475,-1.1108434,0.2679498,-0.9140885,-0.32034722,-0.9944955,-0.11808508,-0.72731483
lga_159,0.29103667,2.3735123,-0.4000931,-0.32210797,1.9890906,-0.15748903,-0.23409416,0.111579396,1.0989923,-0.61738104,0.56692076,0.34522626,-0.8020213,0.9776034,1.8373743,1.3606173
lga_160,-1.0796766,-0.15290813,0.12420509,-0.44246718,-0.49816242,-0.665985,1.2354075,-0.07273773,-0.78718007,-1.53123,0.10800831,-1.0734354,-0.32629088,-0.011274942,-0.36232647,0.56120986
lga_161,0.10986303,0.7900937,0.54414237,-1.3503397,-0.5499727,-1.1258261,0.25414297,-0.31728894,-0.47131926,-1.1933028,-0.09404963,-0.9385175,0.8502502,0.38935825,0.82194394,1.6135157
lga_162,-1.6910317,-0.4935273,-0.7119087,0.44406444,0.019088669,0.7830108,-1.2688141,-0.10192683,1.9965383,0.7299226,0.5272317,0.7189521,-1.0470692,0.60450274,-0.5050171,0.90211326
lga_163,-1.4019594,0.7021592,0.19595158,1.5075492,-1.2709227,-0.67611206,0.6011601,0.8464291,-1.2737786,-0.4542259,0.33229172,-1.7508878,-0.5348346,1.9473405,0.18138078,-0.34723327
lga_164,-2.1781387,1.5161687,-0.06651443,-0.45107037,0.578569,-0.15026215,-0.70281136,-0.3889137,0.17442833,-0.70212305,1.0092657,1.0210983,0.37183997,1.129737,0.52254844,0.6804074
lga_165,-0.75145966,-0.50969654,1.1459284,-0.26931596,-1.7936313,-1.9367193,-0.45388326,-0.68936634,-0.9007176,-1.2135167,0.061401296,-0.41877472,-0.61019397,-1.5062747,-0.14391406,-0.14109476
lga_166,-1.9174552,1.1284394,-1.2393341,0.18942207,-2.21194,0.42070314,-0.21546154,1.70288,0.49912205,-0.46090898,1.3051097,1.2806621,0.6869851,0.56395054,0.9275161,0.7170124
lga_167,-2.4003277,1.4094218,0.10553344,-0.48281187,-0.043390535,-0.21683277,-0.2957803,0.8324696,0.19456477,-1.0914401,-1.5219855,1.2516049,1.0260487,0.7803085,-0.19185115,-0.43353504
lga_168,0.42266628,1.2677168,-0.94334567,0.7402477,1.1621349,-0.39881182,0.28451607,0.6886234,-1.4580418,1.2987406,-0.7382218,-0.31901363,0.06037597,-0.6922778,-1.6778989,-0.58474505
lga_169,-0.3910052,0.26276222,0.1497442,1.1871144,-2.1935747,-0.6447096,0.4503472,-0.430375,1.3111757,1.0562135,-0.47475192,-0.17328885,-0.52785784,0.13087018,-0.9268859,0.6795166
lga_170,0.86191106,0.60376084,-0.71333987,-1.0028982,0.71390307,0.33522302,0.78874224,0.115029335,0.3211831,-0.45950422,-1.25445,-0.6693881,4.110907,-0.40331817,-0.8074438,-1.0332098
lga_171,1.4422736,-0.68165046,0.18076424,-0.31933507,0.3118402,0.06596309,0.9327013,-0.6681728,-0.69339985,1.2244514,-0.67921835,-0.18024501,-0.27780688,-1.6270194,0.587619,0.6274067
lga_172,2.4184868,0.5244743,1.3745092,-0.3632472,1.288106,-0.9051356,-0.40882662,0.6022158,0.29895148,0.7225581,-0.9242242,1.0447162,-0.15761963,0.3692032,-0.3862306,-0.80561954
lga_173,-0.5065663,0.6931749,0.9679833,1.1215582,-0.95559406,0.41382468,-0.58998907,1.026202,0.9714429,-0.032786056,2.9518821,0.8490342,-0.80022377,-0.026037002,2.2964773,0.6166355
lga_174,-0.7715638,0.03241144,2.0955427,1.1960943,-1.4698656,0.43592182,0.34521595,0.8155714,2.13442,-0.034159876,0.69709045,1.7773498,-1.1420956,0.8103764,0.44139823,-0.22489469
lga_175,1.1964742,-0.54107946,-0.78510547,-0.626846,-0.09395968,0.73784435,0.36964577,-1.5488126,-0.30647865,-1.1418802,1.0074563,1.2859617,-0.4622632,0.98562497,1.4735271,-2.0122876
lga_176,1.5319765,0.42361197,0.695048,-0.5646894,0.3970535,0.407169,-0.1171166,-0.9392216,0.50065446,0.341779,0.033788595,0.82212555,0.4150819,-1.0314131,-1.3391963,1.0476273
lga_177,-0.48475412,-0.77378505,0.33155513,-2.342799,0.010515942,0.7334413,-2.051937,0.34194884,-0.90358186,-0.81217974,0.53837097,0.6435729,-1.1725972,-0.5597914,-0.26291838,-0.55749923
lga_178,2.591683,-0.38188618,-1.2182957,0.14383307,0.35463795,-1.2734929,1.8951529,-0.18235382,0.17187713,-0.99455875,0.17025426,-0.37264746,0.015950687,0.36085087,-0.42173895,0.79894376
lga_179,-1.0212529,0.0519079,-0.42606187,-0.19758852,1.2122854,-0.57943547,-0.67665464,-0.37674305,-1.3112776,0.8183288,0.29003403,0.6557653,0.19497253,-0.63312435,0.23716366,-0.149865
lga_180,-0.9105188,0.32362694,-1.5442381,2.1055207,-0.42308536,-0.16402584,1.5209275,-0.69940215,-0.46102577,-2.0532997,0.74490434,0.16580968,0.34730676,0.26352912,-2.4858499,-0.6763318
lga_181,-0.400011,2.602375,0.5081662,-0.23556073,0.35369197,-0.34802485,1.1458755,1.8989393,-0.16647823,-1.1865684,0.13573602,-0.3178762,0.54006386,1.7882063,0.5721026,0.83897716
lga_182,-1.5162516,0.36275512,-0.5684912,-0.77002585,1.9876196,1.0855976,0.93750936,-0.31866518,0.5135084,-1.6438034,-0.41862905,1.0910898,2.2456715,-1.1521858,-0.44989318,0.28935477
lga_183,-0.8653365,-0.90137523,0.79326135,1.2509023,0.81971794,-0.5053062,1.5306051,0.9588276,-1.2645425,-0.22388625,-0.100248985,0.93598783,-0.23033585,1.9019846,-0.4445818,-0.33944702
lga_184,0.21103674,-0.5439696,-1.5890914,-0.12803175,-0.35139254,-0.34143168,-0.2018464,1.4141622,0.5565887,2.0795472,-0.040046018,-1.3999695,0.6292689,-0.54772526,-1.0689027,0.8700395
lga_185,-1.0823927,-0.23566216,-0.21843998,-0.24647859,-0.80823296,0.31746894,-2.7218337,-0.00021919154,2.2862773,0.9873049,0.6897545,-0.45732984,1.1768084,-0.090481766,1.1311029,0.7217043
lga_186,-2.046878,-2.1336906,0.64811134,0.7688168,-0.076426156,-0.7489677,0.980895,0.12412567,-1.2287846,2.373026,1.0708989,1.0476484,0.0394204,1.3856347,0.8850514,0.23164274
lga_187,-1.0414698,-0.33067924,0.13961717,0.50800204,-1.4271114,-1.6418868,0.83041793,0.49081564,0.9608713,1.6798291,-1.3815461,-1.0068724,1.7440068,-1.7734879,-1.4175868,-0.755216
lga_188,-0.20571095,1.0302732,0.5090801,-0.46268457,0.53002656,-0.038242474,-0.10816248,-1.5722672,0.3625239,1.9506438,-1.8460672,1.7111028,-1.877277,0.36045972,-1.9014218,0.66876286
lga_189,-1.9008422,0.5480733,1.7384927,-0.8924888,0.24569294,-0.7376459,-0.7528241,2.1572723,1.7983998,2.4403355,0.7154149,-1.6421522,0.027430085,0.38837287,0.8281844,-0.75631076
lga_190,-0.32898486,-3.3068914,-0.1468252,0.030955885,1.744923,0.5196528,1.1235193,-0.61701417,-0.039420247,-1.8990195,0.07458155,-0.060016967,0.57978886,1.4457895,-0.91872007,-0.6983617
lga_191,0.6676114,0.45013845,0.20183824,-0.051637866,0.27331176,-0.307098,-0.33511782,-0.49052304,-0.2528484,1.8098662,-0.07949423,-1.2869579,-0.92382175,0.9276602,-1.6681042,-0.822894
lga_192,0.5361948,-0.53884906,-1.5665861,0.35383078,-0.2342466,0.46272743,-0.34868234,-0.85334605,0.4117824,-0.41430062,-0.10373515,1.0973539,-1.5339634,1.8802377,-0.8061841,-1.0164889
lga_193,1.0262575,-0.44304758,-0.6457134,-0.2993304,1.2162322,-1.0284683,-0.48326403,-0.4880483,-1.637205,0.8560383,0.7203531,0.5972107,1.5705947,1.4280199,-0.43392596,-0.45114952
lga_194,0.46999127,-0.743951,-0.91025543,-0.5438587,-0.39505643,-0.8222999,-1.3497493,0.20617676,0.8314574,-0.7534736,1.428497,0.95923936,0.73045224,1.8765334,-1.188189,-1.104245
lga_195,-0.47096097,-0.37103018,-0.7838308,-1.6835032,-0.5624141,-0.8340975,1.2060473,-0.038207356,0.37857106,-0.9367225,-1.0279579,0.6358814,0.056551833,1.2657609,1.0572236,0.25468343
lga_196,0.0815568,-0.14242032,0.3149253,-1.216312,-0.017936649,1.3541027,-0.4285358,-1.085927,0.18521112,1.0034736,1.9437201,0.69034374,-1.4464952,-0.21062668,-0.75372714,-1.1996574
lga_197,-0.8511312,0.11292477,-0.16903007,-2.1922154,-1.1761396,-1.5611162,0.6534558,-0.089948595,1.086161,-0.84620315,-0.56979775,0.37330836,0.34853613,0.6547703,0.4765121,0.54443926
lga_198,-1.6393209,-0.2292063,-1.265628,-0.43599734,-0.675985,-1.2507144,-1.6821028,-1.7515103,0.21759106,0.76800805,-0.9259351,0.55372703,1.4825473,-0.7110264,-1.9181114,1.4376683
lga_199,-2.007333,-0.50736785,1.1650238,-1.6661707,-1.9009949,-1.5194869,-0.40004027,-1.3775774,-0.48486978,-0.3752157,0.67859024,-0.74713725,-0.09117076,-0.7115723,0.42956117,0.12473576
lga_200,-0.37275746,0.9241639,-0.4398379,0.047562767,0.6257229,0.045384962,0.6843098,0.54942715,1.2920055,1.068136,1.0542922,-1.2883154,1.3325511,0.23090206,-0.40342695,-0.67624235
lga_201,1.1137291,-1.2632136,1.0177293,-0.99859595,-0.4598287,-0.77589464,0.57225657,-0.19702764,0.64817774,-1.2905278,-0.17124584,-0.76552665,-0.47054043,1.5722177,1.4306365,-0.052869923
lga_202,-1.0470014,-1.0373523,1.0847573,-1.0119936,-0.117588446,-1.7784212,0.46458885,-1.3455862,-0.9434665,0.5472483,0.0484351,-0.818364,-0.37852818,-1.113878,-1.2370421,0.65647817
lga_203,-0.07860061,1.2691814,-0.39550638,-0.16551687,-0.098625645,1.6852511,2.1948152,-0.58459395,0.76171046,-0.35870257,-0.009817749,-0.62817883,0.49474758,1.0857594,1.4074216,0.37005907
lga_204,-1.3311043,-1.9720376,-1.4782727,-0.30607468,0.17725554,0.359072,-0.1476312,-0.3700183,1.4369638,-1.1968982,-0.6792417,0.98157966,1.1162027,-0.37233678,-0.8159172,0.13573042
lga_205,-0.111362234,-0.9856483,0.104810655,-0.03366765,-0.38434547,1.9760274,1.733074,0.6869269,0.07264205,1.4691154,-1.1317512,0.28342077,0.31709397,0.84243846,0.90712917,0.19087356
lga_206,1.1253979,-0.26007533,-0.24970056,0.9959894,-2.685959,0.1850729,-1.440096,-0.18993767,-2.5406232,-0.2873307,-1.3437939,0.9089242,-0.122276686,1.1806211,-2.4049337,-0.12299394
lga_207,0.24395074,-0.47195917,0.12801509,-0.10558905,1.0058804,-0.28480202,0.7868691,-0.13309728,0.44527277,0.26707843,0.26768437,-0.86842203,-2.2332947,0.8903662,1.5665666,-0.6622933
lga_208,0.29147568,0.8364778,0.037592042,-0.7062578,-0.42018312,1.6409316,-0.2185616,-0.27999437,0.0626573,-1.2795724,-0.6241356,0.7189088,-0.7396986,0.052278448,-0.44878364,-0.093085356
lga_209,0.38183555,-0.2439731,1.4491086,-1.346282,-1.3100507,0.1485485,-0.17444162,-0.5161559,0.6863305,-0.84448856,-0.7142131,-0.050294057,-0.71299696,0.90483516,-0.17745209,0.2459485
lga_210,0.71198034,1.0219859,-0.6360095,1.2691189,0.51128066,1.59239,0.9301346,1.157663,-0.18334545,1.4096407,-0.9694803,0.10718718,-1.3811738,-0.33879295,0.15327373,-0.3439425
lga_211,0.22226568,-0.31040335,-0.2518665,-0.6140628,0.101115234,1.8167491,0.19631119,0.4627266,-0.28629413,0.3970985,1.5043929,-1.2866669,-2.0032666,-0.99104035,-0.18547258,0.16121323
lga_212,0.15463303,-1.257173,0.444718,0.026806686,1.5110089,0.9645736,0.48442557,-1.1565635,0.9332732,0.58521956,-0.5058578,-1.1729971,-1.1219708,-1.0970999,-0.046434827,1.1162982
lga_213,-0.12519075,0.43293098,0.13807006,-0.044563357,-1.2515564,-1.3956646,-0.53558654,-1.3518132,-0.97298384,0.37184885,0.069031954,0.14285776,-0.37278792,0.615747,0.4370056,-2.6308503
lga_214,-0.87972844,0.19308175,-0.49883562,-1.6677645,-2.4695807,0.607074,-0.015716411,2.2683017,-0.34930277,-0.72098786,-0.705063,0.25574523,0.5122118,0.49968812,-0.19353609,-0.8604338
lga_215,1.1707033,1.0580419,0.10529844,-0.4238792,-0.7429145,0.40751868,0.97309965,0.68291426,-1.4930062,0.1331977,0.5316634,0.31093043,-0.15830038,-1.9710405,1.0105225,1.7987098
lga_216,-0.24758236,1.4397719,0.50040525,0.8719886,0.76181966,-0.48014307,0.65848243,0.13846326,-2.9978225,0.7623595,-0.10373887,0.3928218,1.6314931,1.3638971,0.06889814,-0.30921358
lga_217,-0.08705143,0.44355798,0.35054374,-0.5251374,-0.116832055,-0.013618258,-0.465734,-0.40602827,1.7201133,0.8817711,1.9813803,1.0859445,0.28943014,0.6960072,-0.26193526,-0.5446219
lga_218,-0.059669487,-0.6336264,1.7662636,-0.84840655,0.588025,1.3907226,0.07267238,0.5073326,-0.525211,1.3819264,0.14627348,-0.6170314,1.4748987,-1.0949575,-0.29082718,-0.04854204
lga_219,0.7741214,-1.7746509,0.776904,0.61923844,-0.72280973,-0.54839796,-0.39851025,2.399468,0.9186106,-0.567284,0.10858319,0.15784946,0.54347265,-0.9566005,-0.6671915,-0.37182134
lga_220,-0.8794186,0.45396948,-0.35065287,0.24366154,0.069102146,-1.5363472,-1.307834,0.7850855,-0.56296927,0.17883179,-0.20626561,-1.2090119,-0.7832301,0.3537892,-0.27788982,-1.8341632
lga_221,-1.986788,0.5573694,0.8950771,1.7025619,0.57223773,-1.1560935,-2.0929608,0.3621037,-0.75384605,0.4148944,-1.3526527,0.13647343,-0.53721565,0.92147815,0.20007563,-1.861173
lga_222,-0.8296228,-1.0326184,-2.2655675,-1.687523,-1.400955,-0.04215556,0.43515676,-1.2486789,1.0642433,0.891297,0.7765467,0.21247524,1.2509619,-1.1686662,-1.2895573,-0.6233874
lga_223,-1.0102196,-0.24875076,-0.5285816,-0.083261184,0.16489549,-0.63524663,0.3131225,-0.51187,0.54009557,-1.9861515,0.5205977,0.55147386,0.15832719,-0.44057843,-1.9513808,-0.56412834
lga_224,-0.7447395,0.4480391,0.47587818,0.000844846,0.09161038,0.00053672306,-0.32246742,-2.0423455,0.9829653,-1.1885138,0.03186181,0.28195658,-0.15829955,1.0968107,0.030027412,-2.5026474
lga_225,-0.13470039,-0.59549606,1.5331898,-0.8286167,0.7145803,-0.7022434,-1.2523024,1.346727,0.4041813,-0.7587597,-1.2919643,-1.5593718,1.3450127,-1.015797,0.5927085,0.90751994
lga_226,0.6702452,0.10798258,-0.112856254,0.6059828,-1.5261103,-0.6146715,0.17088993,0.93340343,-0.6858154,1.2499285,0.107346095,1.016835,1.1646348,-0.15383121,-1.5819952,0.3380114
lga_227,-0.77046585,1.6065457,-0.06261149,-0.578254,-0.97893924,-0.8020123,-0.51982135,-1.8137356,0.8064958,1.1621149,1.6120299,0.4239327,-0.5565349,-1.3132099,-0.7967735,0.6265046
lga_228,-0.9346182,-1.5040754,-0.4360497,-0.55488527,-1.4614524,-0.8032225,1.5455523,-0.73126465,-0.33690238,-1.3154123,1.4412249,-1.290528,-0.495211,1.2704952,1.0792809,0.49405798
lga_229,-0.6959312,-0.028887799,-1.3312342,0.1716842,-1.485437,0.21956305,0.5046341,-0.7801198,-0.67235386,1.4868976,-0.41558728,-1.1096308,-0.59060013,-1.1308631,0.414993,0.44686374
lga_230,0.5323004,-0.5706161,0.43976328,-0.18387707,-0.43641394,1.2199771,-0.9558075,1.6498731,0.9588837,-1.1746777,-0.7793297,-0.98554885,0.0054563917,-0.74095327,-0.49316528,0.44672564
lga_231,-0.11715385,1.5815468,-1.1748067,0.54363835,-0.36601025,-0.97170293,1.578415,-0.4743459,0.061715752,-0.099079244,0.856071,0.5548359,-1.100327,0.077869825,1.1501755,-0.6044174
lga_232,0.3087607,1.8044136,-0.6172869,-0.7139941,-1.2243618,0.5918597,0.02670253,0.67110974,0.47115633,0.09791522,1.7651942,0.4973492,-0.4793522,0.8286061,-0.730791,-0.93022025
lga_233,-0.7462185,1.0879112,-0.55474627,0.37686244,-0.5806368,-1.8850564,-0.39389992,1.0278554,2.5434277,-1.5523661,-1.3965571,0.039772045,0.52411526,0.6467218,1.5085874,0.28963467
lga_234,1.0066386,-0.4366432,1.1556087,0.49573043,-0.29451448,0.20368688,0.56744236,0.7892691,-0.57488096,1.5646671,0.12900771,-0.7279407,-0.80096406,-0.21441504,-0.3139259,-0.12681721
lga_235,-1.7822317,-0.67340577,1.0559816,-0.66249996,0.82578665,-1.5318358,-0.99995404,1.9874681,0.5546596,-0.14830528,1.0067465,-0.7210509,-0.49399927,-0.87532955,-1.3686845,0.24410547
lga_236,0.31977877,1.3824829,0.11980717,-1.0979747,0.1385133,-0.15852009,0.91674465,0.14359723,-0.038061053,0.97572654,-1.172391,-0.6698432,-1.0092282,-0.59277135,0.06633112,0.84493726
lga_237,0.34025526,-0.3867872,0.27467266,-1.1476817,-0.2782672,0.96002036,-1.0230925,-0.2746303,-0.26278627,0.3705429,2.5063646,1.4292514,-0.52354574,-0.67013794,0.48861572,-0.88206875
lga_238,0.19367881,-1.0633712,1.6615942,1.3288953,0.41615385,-0.97606903,-0.068570316,0.21696065,0.3765053,0.231619,1.1222744,-0.11276254,-0.29277545,-2.1032352,0.5584134,-0.1962317
lga_239,-0.24913752,0.4932049,-0.9724415,0.6636317,1.83677,-0.90534,2.5629675,0.5951902,-0.64764315,-0.6895682,-2.0683599,-2.4658844,-0.8306756,-2.193752,2.3270273,-0.18978529
lga_240,-0.19701956,0.95644176,1.701605,0.24298075,-0.3293912,-0.04449656,-0.23242298,1.205122,-0.48958313,0.71998966,-0.052458983,-0.12843333,-1.6931583,0.13120338,-0.72268045,0.68986875
lga_241,0.43041953,0.9583665,-0.16319357,1.8485076,-0.0034220363,0.8520649,-0.7334103,-1.563628,-1.8476863,1.3609084,0.32702753,0.39203414,0.97609705,-0.5197212,-0.9199763,0.4231694
lga_242,1.5555223,-1.208479,-0.86493576,-0.0648531,0.21731032,0.6003427,-0.7136911,0.036041886,1.0903795,-1.52255,0.99738485,-0.88986784,0.613344,0.36560816,0.009826524,1.1047503
lga_243,0.8024425,0.5579124,-0.32149655,-0.19991589,-1.5160823,1.2450577,-1.9214987,0.09395042,1.9688677,2.3928986,-0.09957881,-1.2432095,-1.8863987,-0.84384584,1.0289096,-0.641133
lga_244,1.1044737,1.4093288,-0.47398186,-0.6296293,0.14996114,0.22541374,-1.971289,-0.18480553,-1.1724501,1.1302323,1.8073334,-0.91998035,1.691426,2.0615158,0.2995391,0.21053241
lga_245,-1.3300911,0.12525757,0.8090421,-0.81756955,-0.97749674,-0.2576923,-0.814984,0.54142565,-0.16879325,-1.2799339,-0.19395232,-0.20584868,0.1241951,0.8576229,-1.1620581,1.2225258
lga_246,0.41098052,-0.55044043,0.5000633,0.94666,0.688544,0.5697054,-1.9387499,1.587271,-1.4288945,-0.17251503,1.7770883,-0.28821176,-0.7713464,1.1794205,1.4525254,-0.07580048
lga_247,-0.007588786,0.4283241,1.6297644,0.17853338,-0.06784194,-0.58715814,0.16205677,-0.1669862,-0.14821222,-1.0623049,0.6867759,0.028809076,-0.5230239,-0.21185096,0.6435193,-0.35368773
lga_248,0.90039307,-1.5793852,0.122799285,1.4626263,-0.006699162,-0.6765494,0.054290343,-0.009496037,1.7243763,-1.6585726,2.138284,0.7877991,0.1335803,-0.71683395,-0.67207843,-0.82621574
lga_249,0.24276714,-0.1494365,0.08256079,-1.322296,1.3780706,-1.4909276,0.92197317,-0.15257776,0.96354175,0.42599806,0.50608104,-1.6740234,0.04778165,0.32636243,-0.7288452,-0.9530625
lga_250,0.40439758,-0.025821142,-0.6093569,-1.3003715,-1.2930039,1.3270723,-0.06980629,-0.9246225,1.3218409,-0.6931065,0.64836234,-0.89213425,0.20584947,2.8604963,-0.74054784,0.5598373
lga_251,-1.8659346,1.087021,-0.18318474,-0.9116984,-0.09354653,-0.18635495,-0.18964194,3.0156844,1.4980026,-0.14583786,-0.6558714,-1.0754198,1.3300058,0.60557425,-0.63184005,0.8204578
lga_252,-0.55521333,-0.6233666,0.9616883,-0.5368118,1.1788418,-0.28930974,0.3170826,1.2377412,-1.0990492,-0.13836229,0.9609578,-0.5145117,-0.46172902,-0.93618125,0.9582332,-1.6894734
lga_253,-0.8352795,-0.05710303,0.38950226,0.88802564,1.3419391,-1.945218,-0.6268754,-0.23845567,0.60944253,-0.7065688,-0.635819,-1.457278,-0.11839365,1.6829407,0.20793122,-0.74513763
lga_254,-0.1590801,0.43120015,-0.39633048,1.9339421,0.23815289,-1.058664,-0.86471564,-0.9674549,1.9567325,0.37436247,-1.1114777,1.7668625,0.2782396,0.59595793,-0.17225629,0.5473714
lga_255,0.97931975,0.9854457,0.23243427,2.4024067,0.016333435,-0.68485504,-0.18903603,-1.1231661,0.63422585,-0.5121177,-0.25688142,1.3595567,1.38563,-0.43316066,-0.59186584,0.19595166
lga_256,1.3262506,0.6353075,0.29826096,-0.7431491,0.97307277,-1.31006,0.2849992,1.2121594,0.6789872,-0.8973131,-0.6873325,0.08935723,1.8179485,-0.300058,1.0648162,-1.1340815
lga_257,0.8017212,1.3954452,-0.47048706,-0.57603264,-0.86965996,-0.013273815,0.8099809,-0.6986285,-0.6187152,-0.9191741,-1.28305,1.2686226,1.1469458,-0.7065539,-0.882444,-0.15746416
lga_258,1.0468984,2.7141378,-1.4275966,-1.3494208,0.12033091,-1.2421179,-0.0044003054,-0.9417574,-0.8577119,-1.9397448,-0.37813735,-0.4867934,1.4966851,-0.5478074,0.4319966,-1.0007997
lga_259,-2.874179,-0.3171112,-0.24037866,-0.49640405,-0.98533434,0.59324443,-0.25467908,-0.2907864,-1.6334473,-1.1041906,-0.22287373,-1.1750911,0.4146915,-1.105595,-0.07414727,-0.119733274
lga_260,0.620352,0.2360245,0.29638076,0.35324228,-0.041279666,-1.3439662,0.3228348,-0.41268304,1.7357047,-1.3049446,0.05046396,2.5784316,0.78463393,1.0101961,0.31891555,-0.72464734
lga_261,0.9719428,0.09784141,-0.37516525,0.5820954,-0.43533078,-0.12578402,-1.2777987,-0.10853843,-0.47345454,-1.1879957,-0.13699237,0.891447,0.27341256,-1.2167922,0.7221669,-0.38592365
lga_262,0.66402,-0.1956253,-0.24032515,-0.9082914,-1.8021271,0.8577398,-1.3095243,0.26761717,-0.3448789,0.36710677,1.8992628,-0.47733504,1.1115026,-0.8338874,-0.6158422,1.5024931
lga_263,-0.5835885,1.3871057,0.54693484,-0.7835792,-0.41107872,0.030300304,0.15851541,-1.3912463,1.3065703,0.256017,-0.054901984,-0.53219205,-2.0748687,-2.124833,-0.725356,1.1168829
lga_264,-2.342174,-0.12846759,-0.9515005,2.0885723,-2.042189,-0.038357932,1.2229755,-0.6637751,0.14973272,-0.8958705,-1.4261237,-0.3870777,1.7523732,0.0896491,-1.2054117,-0.051924877
lga_265,1.4806526,-1.7795845,1.996453,0.022812577,0.8161141,-0.7341337,-0.54827744,-0.957096,0.31121603,-0.34615007,0.55591625,1.3278097,0.5869982,2.175559,-0.70939904,0.3076009
lga_266,-0.6121744,-0.4704261,-0.96779364,-0.54665273,0.4590368,1.2857544,0.35398635,-0.18364556,-0.8167843,-0.35661525,-0.3551236,1.5747868,-0.5238395,-2.50316,-1.0073959,0.5921083
lga_267,0.6117598,-1.493668,2.0249538,1.8259748,-0.21556528,1.2365705,0.3997048,-0.49201304,-0.4715575,-2.0373755,0.59300137,-1.9118059,-0.3030393,0.6779641,0.55688995,0.57622385
lga_268,1.0895071,0.058924578,0.29986465,-1.1444266,1.1778952,-0.39643207,-1.2418339,-0.6003318,1.6869843,0.7269107,1.2305838,1.9626257,-0.19881126,-0.9639713,0.53678846,0.24256647
lga_269,0.52580374,-0.24287066,1.0925229,-0.098539375,0.23692775,0.21839373,-1.2301618,-1.581133,-0.059371613,-0.4727545,-0.065298274,0.49803624,0.62999046,-1.1301051,-1.0658708,-0.89379483
lga_270,-0.29660848,0.32451382,-0.15486154,-0.65287894,-0.24041013,0.6267071,0.7328348,0.45610833,0.5446911,0.31654537,0.045852836,-0.11256735,0.5669622,-0.0005374132,0.03222243,0.9293314
lga_271,-1.9674698,-0.6446975,0.85542035,1.1213119,-0.97733796,-0.37279904,0.4168837,-0.40752462,-0.28310466,0.4002264,0.29179615,-0.66537017,-0.019767035,-0.31192237,0.6876671,-0.11958808
lga_272,-1.0001941,0.1133282,1.0041447,-0.2954734,-1.0560693,-1.5083125,-0.6177439,1.790298,0.42164066,1.0494708,0.027866721,-1.4143565,0.43744698,-0.2699706,-0.6583579,-0.18110044
lga_273,-0.09202491,0.17408635,-1.1021125,-1.1770325,0.92821324,0.21193342,0.15903376,0.1065977,0.26047936,0.0021819544,-0.9691249,0.13809213,-0.42269474,1.5453819,-0.86498696,0.36461547
lga_274,1.273147,0.7192749,0.106324,0.6183197,-0.73903096,0.76884645,-1.1701984,1.4629958,1.2826117,1.2195158,-0.7404688,0.430153,1.2314508,0.3163068,0.79413533,-0.9159104
lga_275,-0.12536523,-0.8983753,1.625511,-0.7742703,-1.4982251,0.42692417,-0.6584475,2.3009403,0.5302532,-0.49569643,0.56537634,1.2243073,1.823728,0.2548799,-0.2527359,-0.04488915
lga_276,-0.78543246,-0.12931809,0.6548426,-0.5596796,0.036017295,-0.5464409,-0.5491762,-0.8176959,1.311627,0.29887214,1.0436012,1.2798877,0.71715355,-1.4941503,-0.5731289,0.09735632
lga_277,-0.84189343,0.118399136,2.9018579,-0.29356414,-2.0395596,0.9409001,-0.4674673,0.6681611,-0.30795375,0.41523525,-0.31650254,-1.2135378,0.29713276,-0.18478723,0.9351535,0.67556286
lga_278,-0.10428351,-0.33700824,0.008349556,-1.607795,-0.56469464,1.5712879,-0.35908973,-0.009574139,-1.2107008,-1.113869,-1.3344793,1.6175437,0.86495775,-0.04024954,-1.1973137,0.7035169
lga_279,0.5160376,0.6999985,0.4862961,-0.7576829,-0.47352138,-1.4752762,0.83596647,0.05202706,-0.89490134,-0.13710348,1.2559172,-0.6922846,-0.33296946,-1.3038632,-0.43372393,1.437541
lga_280,0.13263305,-1.1558268,0.739597,1.0504419,-0.6914468,0.41625512,-0.18155141,-0.270394,0.66832024,-0.97208285,1.0683509,1.0799903,-0.6635554,0.43288684,0.6125741,-0.5102697
lga_281,-0.7105811,0.8485753,0.23457345,-0.09012362,-1.5222582,-0.4836494,-0.2215305,1.1893575,1.2475317,1.28864,1.1789752,-1.2052407,-1.5034883,-0.579178,-2.557364,0.82042325
lga_282,0.90895265,-2.1873596,2.1576033,1.5550708,-0.6656146,-0.36505795,-0.22134742,1.6079578,-0.16419832,-0.9284723,0.66886854,0.828105,-1.106772,-0.41896558,0.82083887,0.35419405
lga_283,-0.9172601,-1.7554618,0.37562627,0.22744104,0.2466561,-0.41293782,-1.0876105,0.8172376,-0.31377107,-0.46995276,-0.9305178,-1.3172091,0.5621219,-0.87066203,1.0437464,-0.1871248
lga_284,-1.0003494,-0.29022792,0.6395493,0.037322916,1.0525895,-0.63049126,-0.2089267,2.2747383,1.0572705,0.09777614,0.57544065,0.24256481,1.1390965,0.19817108,-0.027192801,-1.2057669
lga_285,-0.067379914,-0.5968762,0.37659243,-0.19585818,-1.4460229,0.14428763,-1.087051,0.197509,-0.019648025,1.0394682,1.3257664,0.43540683,1.1376082,-1.8222607,0.19036596,-1.7231151
lga_286,0.8483391,0.65206206,-1.0731885,1.1495751,0.6918959,-0.58550924,-1.1761193,1.000941,0.32902834,0.53583854,-1.6744889,0.65843964,0.8486024,0.80740976,0.9301386,-0.3248657
lga_287,0.61261624,-0.105324246,0.3141586,1.0884188,0.6482954,1.1204835,0.4525295,1.1379901,0.52695644,-0.33807036,1.0398566,1.5047027,-1.4142833,0.49768275,-0.42415386,1.4931198
lga_288,-0.64201766,0.02147459,3.1412568,-0.19024327,-0.06839321,2.0625618,-0.09655366,0.53569376,0.40348756,1.2948066,0.7756287,1.0609808,-1.1822429,-0.5284688,1.0525784,0.22912051
lga_289,0.6237081,-1.1522866,-0.25825858,-0.38309047,-0.68858385,-0.9045781,0.30855107,-0.3325094,-0.8024504,0.23568437,0.4100023,1.3056978,0.4127766,-0.3790936,-0.9125944,-0.6991753
lga_290,-0.80593956,-0.69647497,-0.54307234,0.18733518,0.6381729,-0.11779263,-0.3306314,0.5398047,-0.121477716,1.5891129,0.4664906,-0.41195014,-0.19315493,0.6029051,-1.2055368,0.48172927
lga_291,-0.5814387,1.0204659,-0.1959704,-0.7704485,0.7626999,-0.96197665,-1.620161,2.387517,1.1259744,0.342481,0.4927475,-2.335218,-1.6932045,-0.3157788,0.55709904,-1.8811707
lga_292,0.17787763,-1.6149057,0.38838124,1.5827844,-0.70376503,-0.44039392,-0.41662285,2.1228666,-0.048541863,-0.46541062,1.749123,0.15575743,-1.1180788,0.078004375,-0.039084457,0.5976697
lga_293,1.323484,1.401233,-0.2755424,0.20498544,0.802496,-0.26803562,-0.9051152,-0.4861322,-0.9478626,-0.96685594,0.577711,-0.33318377,-0.26935688,0.52247804,-0.6278882,0.16865312
lga_294,0.5566683,-0.12526226,0.23584624,-0.35023543,-0.48668057,0.41831854,-0.166458,-1.5463564,-0.7821637,-0.048215587,-0.10859619,1.0733305,0.73864156,0.95700073,-0.36216396,-0.87096566
lga_295,-0.7284515,0.06372466,-0.6744971,0.2793572,-0.992212,1.0402945,-1.3241413,-0.80212164,0.116361,-1.6414641,-0.55073935,-0.2027723,-1.039025,-0.1710532,2.1347919,1.0665932
lga_296,-1.6015954,0.6302412,-0.76415306,0.34617376,0.40153322,-1.0083182,-1.9885848,0.27758417,0.20186159,0.5614303,-0.44901004,1.0341692,-1.4822575,0.3217407,0.05845677,0.09407165
lga_297,-0.7606742,-0.07970876,0.33622873,2.4399047,0.23996781,2.8340392,-1.8144107,-0.7423981,2.0317607,-1.4058111,-0.12642057,0.95834035,0.15430582,0.06342094,0.109455556,0.7262896
lga_298,-1.505335,1.1232167,-1.0553424,0.39484975,-1.1304235,4.0691423,2.0769982,0.5990205,-0.29527828,-1.0927578,-0.020067582,-1.0938727,-0.12490443,-0.8896593,0.32531127,-0.7967661
lga_299,-0.4483557,0.33353397,-0.7283608,1.5522372,1.356532,0.028295418,0.6623337,1.0976887,-1.7911208,1.4600414,-0.030840935,0.6071823,0.28748325,0.5953731,-2.0376918,-0.32299966
lga_300,1.124647,-1.5863339,2.4040194,-0.18480814,0.8153948,0.36436936,0.050191507,0.5980125,-0.5065526,-1.712736,0.2550981,1.417984,-0.50080293,0.34962747,0.6701642,-0.6304142
lga_301,1.051328,1.480685,-2.0228646,1.0681884,-0.8007997,-1.3791386,-0.7028379,-0.2728006,-0.7333632,0.6569301,-0.30602908,0.8227912,-1.6525421,-1.3632318,1.5301356,0.24873574
lga_302,-1.170317,0.84202015,-0.8485662,0.4663398,-0.3980176,-2.780727,-0.34633493,-1.2888298,0.19853395,0.5135968,0.50536054,0.009247197,0.1537002,-0.6080339,-0.2862946,0.48980752
lga_303,-0.9706909,0.70319813,-0.10671824,-0.58537406,0.8360518,-1.2260077,0.74219,-1.1368917,-0.50432575,-0.41669416,-0.12944296,-2.394598,-1.701933,-0.21527515,2.7005298,-1.8024061
lga_304,-0.9113956,-0.16522051,0.92194957,0.3473663,0.709371,-1.8303763,1.3633438,-0.91671157,0.75663537,0.50031227,0.31627917,-0.2385895,-0.64275235,-0.86046183,0.9415139,-0.8867563
lga_305,-1.0214317,0.9779458,-0.7573349,-0.050350435,1.125435,1.4018611,-0.36224213,0.6533954,0.20725657,0.2803231,-0.3752352,-0.51549155,1.2244613,1.1568297,0.12118139,1.948327
lga_306,0.66060966,0.9659971,-0.4068769,1.9373164,0.22393426,2.275951,0.9008847,0.4825122,0.26739088,1.0952079,-0.039653283,0.12988012,-0.63892937,0.749753,1.6597271,1.2833415
lga_307,0.013565751,0.6963659,-0.49637368,0.7261519,1.7849237,0.13044958,0.77501005,-0.47208905,0.670406,2.3093715,-0.13772908,-1.0382332,1.740389,0.59343064,1.0107392,-0.06297826
lga_308,1.3080293,-0.6946085,-0.16163595,-0.19182275,1.4163822,0.42555827,0.8437744,0.1924204,0.19730131,1.1037315,0.86047584,-0.8328279,0.39251038,-0.26667258,-2.852108,1.6336981
lga_309,-0.8581839,-0.70803154,-0.5553206,0.3824847,0.29072058,-0.2996565,-0.11643139,-0.021863539,0.13077869,0.17605579,0.44699752,-0.023815747,1.4141158,1.3892909,0.017883461,0.19305052
lga_310,0.08148481,-1.0576527,-2.040905,0.268338,-0.1358013,-0.18895735,-0.40703398,-0.60257643,-1.172214,0.03565775,0.46845365,-0.90922827,-0.7523901,0.39896953,-0.011184402,-0.5801891
