State_neo4j_id,dim_0,dim_1,dim_2,dim_3,dim_4,dim_5,dim_6,dim_7,dim_8,dim_9,dim_10,dim_11,dim_12,dim_13,dim_14,dim_15
state_1,-0.35685012,-0.6354069,1.5043973,0.28261444,0.6918479,0.84819317,1.5563821,-2.132841,-0.73597467,0.9456628,1.5539122,-1.7987952,-0.31895262,1.3964823,-0.30543187,0.0876004
state_2,-1.563521,-1.2759128,0.8957347,-0.084706955,0.7353471,3.0968182,-1.4757903,-0.7937453,-1.2241473,-0.27263933,-0.7590235,-1.8384937,0.17149925,0.23444183,1.9583012,-0.39770037
state_3,0.75623745,3.6003068e-05,0.79837203,0.6503682,-0.7087122,0.3429867,-0.19211714,-0.22221208,-1.0070843,-1.0436649,-0.8952162,1.0207317,-0.3957649,0.99500513,0.47051242,-2.1336377
state_4,-1.5711237,0.5260959,-0.18628109,-2.160278,0.84999037,0.18512493,-0.023624752,0.41545272,-1.9418343,0.46430546,1.5398958,1.4623396,0.1998093,-0.51635844,0.70946753,-0.4629899
state_5,0.19794703,-0.26539356,-2.831809,-0.5604788,-0.92840844,0.88680875,-1.1245674,-0.6948274,1.315843,-0.30144414,0.27541947,0.9580415,-0.60609406,-0.30632684,0.67637986,-0.22945033
state_6,0.045206353,-1.6776963,-0.086783685,-1.2356282,0.041200563,-0.006199839,0.6366394,-0.82621956,0.74340653,0.6358432,-1.5623325,-0.85672367,0.036812626,-0.65207034,-0.81877166,-0.5737827
state_7,0.53100735,1.5777537,0.23309025,-0.11734149,-1.7840872,-1.4676365,1.8424171,0.24297106,-1.0296369,-0.2165373,0.73096526,0.03639187,-0.2912896,0.4604927,-0.3694311,0.5693199
state_8,-1.1856893,0.44791597,0.7525742,-0.15071815,-0.980644,-0.28145546,-1.7879759,0.70323473,0.9133964,0.53068846,-0.29818687,0.074128695,-1.0092987,0.01125048,-1.1781828,-1.1337854
state_9,1.1060985,0.6074906,-0.15726846,-1.4583248,-0.2710906,-0.31004146,0.519497,0.056751188,-0.67769265,-0.24140726,-0.17643286,-2.1721773,1.7730346,0.5955414,0.55259067,-0.6365264
