CompanyName,FirstAnnualRevenue
MacKellar Mining Pty Ltd,550000000
M PEOPLE PTY LTD,550000000
WESTERN PLANT HIRE PTY LTD,550000000
GRANGE RESOURCES LIMITED,550000000
SIEBTECHNIK TEMA PTY LTD,125000000
ABB AUSTRALIA PTY LIMITED,650000000
HEATHGATE RESOURCES PTY LTD,850000000
QUASAR RESOURCES PTY LTD,850000000
JENNMAR AUSTRALIA PTY LTD,225000000
VALVOLINE PTY LTD,225000000
FUGRO AUSTRALIA PTY LTD,225000000
HYDRO ALUMINIUM AUSTRALIA PTY LTD,1000000001
Norsk Hydro ASA,1000000001
ROC OIL COMPANY PTY LIMITED,425000000
PETROCHINA INTERNATIONAL PTY LTD,750000000
BUMA AUSTRALIA PTY LTD,550000000
ANGLO AMERICAN TECHNICAL & SUSTAINABILITY SERVICES LTD,275000000
CAPE PRESTON PORT COMPANY PTY LTD,1000000001
CITIC PACIFIC MINING MANAGEMENT PTY LTD,1000000001
SINO IRON HOLDINGS PTY LTD,1000000001
METRO MINING LIMITED,225000000
EXXONMOBIL AUSTRALIA PTY LTD,1000000001
MOBIL PNG GAS HOLDINGS PTY LTD,1000000001
MICHAEL PAGE INTERNATIONAL PTY. LIMITED,175000000
BEARCAT TYRES PTY LTD,1000000001
FENNER DUNLOP AUSTRALIA PTY. LTD.,1000000001
HALLITE SEALS AUSTRALIA PTY LIMITED,1000000001
KLINGE HOLDINGS PTY LTD,1000000001
MICHELIN AUSTRALIA PTY LTD,1000000001
MANDALAY RESOURCES COSTERFIELD OPERATIONS PTY LIMITED,175000000
IMAGE RESOURCES NL,50000000
FLUIDRA HOLDINGS AUSTRALIA PTY LTD,275000000
POSCO WA PTY LTD,125000000
SANTOS LIMITED,1000000001
TOTALENERGIES EP AUSTRALIA,1000000001
TOTALENERGIES EP AUSTRALIA II,1000000001
TOTALENERGIES EP HOLDINGS AUSTRALIA PTY LTD,1000000001
TOTALENERGIES EP ICHTHYS PTY LTD,1000000001
TOTALENERGIES GLNG AUSTRALIA,1000000001
Banpu Australia Co. Pty Ltd,1000000001
BOULDER MINING PTY LTD,1000000001
CENTENNIAL AIRLY PTY. LIMITED,1000000001
CENTENNIAL COAL COMPANY PTY LIMITED,1000000001
Centennial Mandalong Pty Limited,1000000001
Centennial Myuna Pty Limited,1000000001
CENTENNIAL SPRINGVALE HOLDINGS PTY. LIMITED,1000000001
CENTENNIAL SPRINGVALE PTY LIMITED,1000000001
COALEX PTY LTD,1000000001
MITSUBISHI MATERIALS PTY. LIMITED,125000000
APERGY ARTIFICIAL LIFT PTY. LTD,50000000
CHAMPIONX AUSTRALIA PTY LTD,50000000
ICHTHYS LNG PTY LTD,1000000001
INPEX ALPHA,1000000001
LTD.,1000000001
INPEX Australia Pty Ltd,1000000001
INPEX HOLDINGS AUSTRALIA PTY LTD,1000000001
INPEX ICHTHYS PTY LTD,1000000001
INPEX OIL & GAS AUSTRALIA PTY LTD,1000000001
INPEX OPERATIONS AUSTRALIA PTY LTD,1000000001
Kufpec Australia Pty Ltd,1000000001
KUFPEC AUSTRALIA PTY LTD,1000000001
IWATANI AUSTRALIA PTY LTD,175000000
B P AUSTRALIA PTY LTD,1000000001
BP DEVELOPMENTS AUSTRALIA PTY. LTD.,1000000001
BP ENERGY ASIA PTE. LIMITED,1000000001
CASTROL AUSTRALIA PTY. LIMITED,1000000001
SUN METALS CORPORATION PTY LTD,1000000001
SUN METALS HOLDINGS LIMITED,1000000001
RAVENSWOOD GOLD GROUP PTY LTD,550000000
RAVENSWOOD GOLD HOLDINGS PTY LTD,550000000
RAVENSWOOD GOLD PTY LTD,550000000
PPG INDUSTRIES AUSTRALIA PTY LIMITED,550000000
YN Energy Pty Ltd,125000000
CHEVRON AUSTRALIA DOWNSTREAM FUELS PTY LTD,1000000001
CHEVRON AUSTRALIA DOWNSTREAM HOLDINGS PTY LTD,1000000001
CHEVRON AUSTRALIA DOWNSTREAM PTY LTD,1000000001
CHEVRON AUSTRALIA PRODUCTS PTY LIMITED,1000000001
MARUBENI RESOURCES DEVELOPMENT PTY LTD,750000000
MARUBENI ALUMINIUM AUSTRALIA PTY. LTD.,375000000
DIAMOND GAS RESOURCES PTY. LTD.,275000000
UACJ AUSTRALIA PTY. LIMITED,175000000
CADIA HOLDINGS PTY LIMITED,1000000001
Lihir Gold Limited,1000000001
NEWCREST MINING LIMITED,1000000001
NEWMONT AUSTRALIA PTY LTD,1000000001
NEWMONT BODDINGTON PTY LTD,1000000001
Newmont Corporation,1000000001
NEWMONT INTERNATIONAL HOLDINGS PTY LTD,1000000001
NEWMONT MINING SERVICES PTY LTD,1000000001
NEWMONT NOL PTY LIMITED,1000000001
NEWMONT OVERSEAS HOLDINGS PTY LTD,1000000001
NEWMONT TANAMI PTY LTD,1000000001
Saddleback Investments Pty Ltd,1000000001
NIPPON STEEL AUSTRALIA PTY. LIMITED,1000000001
NIPPON STEEL RAW MATERIALS AUSTRALIA PTY LTD,1000000001
Ausenco Chile Limitada,50000000
Ausenco do Brasil Engenharia Ltd.,50000000
Ausenco Engineering Canada ULC,50000000
Ausenco Engineering USA South Inc,50000000
AUSENCO INTERNATIONAL PTY LTD,50000000
AUSENCO MANAGEMENT PTY LTD,50000000
Ausenco Mexico S. De R.L. De C.V,50000000
AUSENCO OPERATIONS PTY LTD,50000000
Ausenco Peru S.A.R.L.,50000000
AUSENCO PROJECTS AUSTRALIA PTY LTD,50000000
Ausenco PSI LLC,50000000
AUSENCO PTY LTD,50000000
AUSENCO RYLSON ASSET OPTIMISATION PTY LTD,50000000
AUSENCO RYLSON PTY LTD,50000000
AUSENCO SERVICES PTY LTD,50000000
Ausenco Sustainability ULC,50000000
Vector Argentina SA,50000000
ESCO AUSTRALIA HOLDINGS PTY LIMITED,50000000
GPC ASIA PACIFIC HOLDINGS PTY LTD,1000000001
CATERPILLAR FINANCIAL AUSTRALIA LIMITED,1000000001
CATERPILLAR HOLDINGS AUSTRALIA PTY LTD,1000000001
CATERPILLAR OF AUSTRALIA PTY LTD,1000000001
PROGRESS RAIL AUSTRALIA PTY LTD,1000000001
SOLAR TURBINES INTERNATIONAL COMPANY,1000000001
PETRONAS AUSTRALIA PTY LIMITED,1000000001
HALLIBURTON CONSOLIDATED PTY LTD,550000000
ITW Holdings Australia L.P.,650000000
ALLKEM PTY LTD,1000000001
GALAXY RESOURCES PTY LTD,1000000001
BROAD CONSTRUCTION PTY LTD,1000000001
BROAD GROUP HOLDINGS PTY LTD,1000000001
CIMIC GROUP INVESTMENTS NO. 2 PTY LIMITED,1000000001
CIMIC GROUP INVESTMENTS PTY LIMITED,1000000001
CIMIC GROUP LIMITED,1000000001
CPB CONTRACTORS PTY LIMITED,1000000001
HOCHTIEF AUSTRALIA HOLDINGS LIMITED,1000000001
MACA Civil Pty Ltd,1000000001
MACA Limited,1000000001
MACA MINING PTY LTD,1000000001
MACA Plant Pty Ltd,1000000001
PYBAR MINING SERVICES PTY LTD,1000000001
RTL Mining and Earthworks Pty Ltd,1000000001
SEDGMAN PTY LIMITED,1000000001
THIESS GROUP FINANCE PTY LTD,1000000001
THIESS GROUP HOLDINGS PTY LTD,1000000001
THIESS GROUP INVESTMENTS PTY LTD,1000000001
THIESS MIDCO HOLDINGS PTY LTD,1000000001
THIESS PTY LTD,1000000001
THIESS SQ HOLDINGS PTY LTD,1000000001
UGL ENGINEERING PTY LIMITED,1000000001
UGL OPERATIONS AND MAINTENANCE PTY LIMITED,1000000001
UGL PTY LIMITED,1000000001
UGL RAIL SERVICES PTY LIMITED,1000000001
UGL REGIONAL LINX PTY LTD,1000000001
UGL UNIPART RAIL SERVICES PTY LTD,1000000001
CONDAMINE POWER STATION PTY LTD,1000000001
Powershop Australia Pty Limited,1000000001
QGC COMMON FACILITIES COMPANY PTY LTD,1000000001
QGC MIDSTREAM HOLDINGS PTY LTD,1000000001
QGC MIDSTREAM INVESTMENTS PTY LTD,1000000001
QGC PTY LIMITED,1000000001
QGC TRAIN 1 PTY LTD,1000000001
QGC Train 1 Tolling Pty Ltd,1000000001
QGC TRAIN 2 PTY LTD,1000000001
QGC Train 2 Tolling No.2 Pty Ltd,1000000001
QGC Train 2 Tolling Pty Ltd,1000000001
QGC UPSTREAM HOLDINGS PTY LTD,1000000001
QGC UPSTREAM INVESTMENTS PTY LTD,1000000001
QGC UPSTREAM LIMITED PARTNERSHIP,1000000001
SHELL AUSTRALIA PTY LTD,1000000001
SHELL ENERGY AUSTRALIA PTY LTD,1000000001
SHELL ENERGY ENVIRONMENTAL PRODUCTS AUSTRALIA PTY LTD,1000000001
SHELL ENERGY HOLDINGS AUSTRALIA LIMITED,1000000001
SHELL ENERGY OPERATIONS PTY LTD,1000000001
SHELL ENERGY RETAIL PTY LTD,1000000001
Tianqi Lithium Energy Australia Pty Ltd,1000000001
NICKEL INDUSTRIES LIMITED,1000000001
KOPPERS CARBON MATERIALS & CHEMICALS PTY LTD,225000000
DOW CHEMICAL PTY LTD,225000000
DOW PERFORMANCE MATERIALS PTY LTD,225000000
SENEX ENERGY PTY LTD,550000000
SENEX HOLDINGS PTY LTD,550000000
GMA GARNET PTY LTD,175000000
WINDFIELD HOLDINGS PTY LTD,1000000001
MODEC,175000000
Inc.,175000000
MODEC MANAGEMENT SERVICES PTE.LTD.,175000000
EG GROUP AUSTRALIA PTY LTD,325000000
AIR LIQUIDE AUSTRALIA LIMITED,425000000
DELTA POWER & ENERGY PTY LTD,850000000
ARROW ENERGY HOLDINGS PTY LTD,850000000
BARRICK AFRICAN COPPER PTY LIMITED,1000000001
BARRICK COPPER OVERSEAS PTY LIMITED,1000000001
BARRICK RESOURCES PTY LIMITED,1000000001
DAMPIER COAL PROPRIETARY LIMITED,1000000001
KERLONG COKING COAL PTY LTD,1000000001
METRES PTY LTD,1000000001
STANMORE BOWEN COAL PTY LTD,1000000001
STANMORE IP COAL PTY LTD,1000000001
STANMORE IP SOUTH PTY LTD,1000000001
STANMORE RESOURCES LIMITED,1000000001
STANMORE SMC HOLDINGS PTY LTD,1000000001
STANMORE SMC PTY LTD,1000000001
STANMORE WOTONGA PTY LTD,1000000001
TOKYO GAS AUSTRALIA PTY LTD,225000000
BRADKEN PTY LIMITED,950000000
DRA APAC HOLDINGS PTY LTD,950000000
DRA GLOBAL LIMITED,950000000
WEST AFRICAN RESOURCES LTD,750000000
Album Investment Pte Ltd,1000000001
Album Resources Pte Ltd,1000000001
MMG AUSTRALIA LIMITED,1000000001
MMG DUGALD RIVER PTY LTD,1000000001
MMG LIMITED,1000000001
CK WILLIAM AUSTRALIA BIDCO PTY LTD,1000000001
CK WILLIAM AUSTRALIA HOLDINGS PTY LTD,1000000001
DUET COMPANY PTY LIMITED,1000000001
The Trustee for DIVERSIFIED UTILITY AND ENERGY TRUST 1,1000000001
CHEETHAM SALT LIMITED,125000000
TRI-STAR E&P PTY LTD,125000000
PANAUST LIMITED,950000000
VENTIA SERVICES GROUP LIMITED,1000000001
KAROON ENERGY LTD,1000000001
The Trustee for GYPSUM RESOURCES TRUST,125000000
BURRUP TRAIN 1 PTY LTD,1000000001
WOODSIDE BURRUP PTY. LTD.,1000000001
WOODSIDE ENERGY PTY LTD,1000000001
WOODSIDE ENERGY GROUP LTD,1000000001
WOODSIDE ENERGY JULIMAR PTY LTD,1000000001
WOODSIDE ENERGY LTD.,1000000001
FUCHS LUBRICANTS PTY LTD,425000000
BOART LONGYEAR AUSTRALIA PTY LTD,225000000
BOART LONGYEAR DRILLING PRODUCTS AUSTRALIA PTY LTD,225000000
Syrah Resources Limited,50000000
ALCOA AUSTRALIAN HOLDINGS PTY LTD,1000000001
Alcoa of Australia Limited,1000000001
OSAKA GAS AUSTRALIA PTY LTD,125000000
Osaka Gas Gorgon Pty Ltd,125000000
ALBEMARLE LITHIUM PTY LTD,550000000
ALBEMARLE WODGINA PTY LTD,550000000
METROPOLITAN COLLIERIES PTY. LTD.,225000000
PEABODY AUSTRALIA MINING PTY LTD,225000000
PEABODY COALSALES PACIFIC PTY LTD,225000000
PEABODY COPPABELLA PTY LTD,225000000
PEABODY ENERGY AUSTRALIA PCI PTY LTD,225000000
PEABODY ENERGY AUSTRALIA PTY LTD,225000000
Peabody Investments Corp.,225000000
WAMBO COAL PTY LIMITED,225000000
Wilpinjong Coal Pty Ltd,225000000
ENERGY MATRIX GROUP PTY LIMITED,375000000
AMCI Pty Ltd,125000000
ONESUBSEA AUSTRALIA HOLDINGS PTY LTD,1000000001
ONESUBSEA AUSTRALIA PTY LTD,1000000001
SLB AUSTRALIA HOLDINGS PTY LTD,1000000001
VALMONT AUSTRALIA PTY LTD,475000000
A.C.N. 630 698 716 PTY LTD,175000000
GRAYMONT PTY LTD,175000000
FOSTERVILLE GOLD MINE PTY LTD,1000000001
KIRKLAND LAKE GOLD AUSTRALIA PTY LTD,1000000001
KIRKLAND LAKE GOLD VICTORIA HOLDINGS PTY LTD,1000000001
Earthling Investments Pty Ltd,1000000001
LIBERTY OIL AUSTRALIA HOLDINGS PTY LTD,1000000001
LIBERTY OIL AUSTRALIA PTY LTD,1000000001
LIBERTY OIL HOLDINGS PTY LTD,1000000001
Mogas Regional Pty Ltd,1000000001
ON THE RUN PTY LTD,1000000001
OTR 330 PTY LTD,1000000001
OTR ENERGY PTY LTD,1000000001
RELIABLE PETROLEUM PTY LTD,1000000001
VIVA ENERGY AUSTRALIA PTY LTD,1000000001
VIVA ENERGY AVIATION PTY LTD,1000000001
VIVA ENERGY GROUP LIMITED,1000000001
VIVA ENERGY HOLDING PTY LTD,1000000001
VIVA ENERGY POLYMERS HOLDINGS PTY LTD,1000000001
VIVA ENERGY POLYMERS PTY LTD,1000000001
VIVA ENERGY REFINING PTY LTD,1000000001
VIVA ENERGY RETAIL PTY LTD,1000000001
VIVA ENERGY RETAIL SMGB PTY LTD,1000000001
CHAMPION IRON LIMITED,1000000001
MARUBENI-ITOCHU STEEL OCEANIA PTY LTD,125000000
ALCAN HOLDINGS AUSTRALIA PTY LIMITED,1000000001
ALCAN PRIMARY METAL AUSTRALIA PTY LTD,1000000001
ALCAN SOUTH PACIFIC PTY LTD,1000000001
AUSTRALIAN COAL HOLDINGS PTY. LIMITED,1000000001
BOYNE SMELTERS LIMITED,1000000001
CATHJOH HOLDINGS PTY LIMITED,1000000001
CHANNAR MINING PTY. LIMITED,1000000001
DAMPIER SALT LIMITED,1000000001
GPS ENERGY PTY LIMITED,1000000001
GPS NOMINEE PTY LIMITED,1000000001
HAMERSLEY HOLDINGS LIMITED,1000000001
HAMERSLEY IRON PTY. LIMITED,1000000001
HAMERSLEY IRON - YANDI PTY LIMITED,1000000001
Hamersley WA Pty Ltd,1000000001
HOPE DOWNS MARKETING COMPANY PTY LTD,1000000001
MOUNT BRUCE MINING PTY LIMITED,1000000001
NORTH LIMITED,1000000001
NORTH MINING LIMITED,1000000001
PACIFIC ALUMINIUM PTY. LIMITED,1000000001
PECHINEY CONSOLIDATED AUSTRALIA PTY LIMITED,1000000001
PEKO-WALLSEND PTY LTD,1000000001
Pilbara Iron Company Pty Ltd,1000000001
Pilbara Iron Pty Ltd,1000000001
QUEENSLAND ALUMINA LIMITED,1000000001
RIO TINTO ALUMINIUM LIMITED,1000000001
RIO TINTO ALUMINIUM BELL BAY SALES PTY LIMITED,1000000001
RIO TINTO INVESTMENTS ONE PTY LIMITED,1000000001
RIO TINTO INVESTMENTS TWO PTY LIMITED,1000000001
RIO TINTO LIMITED,1000000001
RIO TINTO SERVICES LIMITED,1000000001
Rio Tinto Shared Services Pty Limited,1000000001
ROBE RIVER LIMITED,1000000001
ROBE RIVER MINING CO. PTY. LTD.,1000000001
RTA AAL AUSTRALIA LIMITED,1000000001
RTA BOYNE LIMITED,1000000001
RTA HOLDCO AUSTRALIA 1 PTY LTD,1000000001
RTA HOLDCO AUSTRALIA 5 PTY LTD,1000000001
RTA PACIFIC PTY LIMITED,1000000001
RTA Weipa Pty Ltd,1000000001
RTA Yarwun Pty Ltd,1000000001
RTPDS AUS PTY LTD,1000000001
SWISS ALUMINIUM AUSTRALIA LIMITED,1000000001
TECHNOLOGICAL RESOURCES PTY. LIMITED,1000000001
FLUOR AUSTRALIA PTY LTD,225000000
Boggabri Coal Pty Limited,1000000001
IDEMITSU AUSTRALIA PTY LTD,1000000001
Capstone Copper Corp.,1000000001
KESTREL COAL GROUP PTY LTD,1000000001
KESTREL COAL HOLDINGS PTY LTD,1000000001
KESTREL COAL MIDCO PTY LTD,1000000001
KESTREL COAL PTY LIMITED,1000000001
KESTREL COAL RESOURCES PTY LTD,1000000001
KESTREL COAL SALES PTY LIMITED,1000000001
KESTREL COAL SUBSIDIARY PTY LTD,1000000001
DWYER ENGINEERING & CONSTRUCTION PTY LTD,50000000
JERA AUSTRALIA PTY LTD,125000000
NESTE AUSTRALIA PTY LTD,1000000001
NESTE CORPORATION,1000000001
SIBANYE AUSTRALIA PTY LTD,325000000
NYRSTAR AUSTRALIA PTY LTD,1000000001
NYRSTAR HOBART PTY LTD,1000000001
NYRSTAR PORT PIRIE PTY LTD,1000000001
Nyrstar Sales &amp; Marketing AG,1000000001
BIG BEN HOLDINGS PTY. LIMITED,550000000
BAKER HUGHES AUSTRALIA PTY. LIMITED,1000000001
BAKER HUGHES GROUP AUSTRALIA PTY LTD,1000000001
BAKER HUGHES SERVICES AUSTRALIA PTY LTD,1000000001
COBAR MANAGEMENT PTY. LIMITED,375000000
METALS ACQUISITION CORP. PTY LTD,375000000
ILUKA MIDWEST LIMITED,1000000001
ILUKA RESOURCES LIMITED,1000000001
OceanaGold Corporation,1000000001
OCEANA GOLD PTY LTD,1000000001
MACH AUSTRALIA HOLDINGS PTY LTD,950000000
MACH ENERGY AUSTRALIA PTY LTD,950000000
RGF STAFFING ANZ PTY LTD,1000000001
PORT WARATAH COAL SERVICES LTD,425000000
JELLINBAH GROUP PTY LTD,1000000001
DIVERSEY AUSTRALIA PTY. LIMITED,50000000
INNOVATIVE WATER CARE INTERNATIONAL PTY LTD,50000000
SOLENIS AUSTRALIA PTY LTD,50000000
GROUNDED CONSTRUCTION GROUP PTY LTD,175000000
AUSTRALIAN TERMINAL OPERATIONS MANAGEMENT PTY LTD,125000000
Coranar Pty Ltd,225000000
J-POWER AUSTRALIA PTY. LTD.,750000000
THYSSENKRUPP MATERIALS AUSTRALIA PTY LTD,275000000
AGRYL HOLDINGS LIMITED,1000000001
MEDISUP SECURITIES LIMITED,1000000001
NUFARM AUSTRALIA LIMITED,1000000001
NUFARM LIMITED,1000000001
NUSEED GLOBAL HOLDINGS PTY LTD,1000000001
NUSEED INTERNATIONAL HOLDINGS PTY LTD,1000000001
SIEMENS LTD.,325000000
IX INFRASTRUCTURE PTY LTD,1000000001
IXOM HOLDCO PTY LTD,1000000001
IXOM HOLDINGS PTY LTD,1000000001
IXOM INTERNATIONAL HOLDINGS PTY LTD,1000000001
IXOM OPERATIONS PTY LTD,1000000001
IXOM PTY LTD,1000000001
ROCKWELL AUTOMATION AUSTRALIA LTD,225000000
JAPAN AUSTRALIA LNG PTY. LTD.,1000000001
DCL CORP PTY LTD,275000000
HAZELL BROS GROUP PTY LTD,375000000
SKF AUSTRALIA PTY. LTD.,125000000
COVENTRY GROUP LIMITED,375000000
SYNACO GLOBAL RECRUITMENT PTY LTD,125000000
SAYONA MINING LIMITED,225000000
CRUSHING SERVICES INTERNATIONAL PTY LTD,1000000001
IRON RESOURCES PTY LTD,1000000001
LITHCO LITHIUM CO LTD,1000000001
LITHCO NO.2 PTY LTD,1000000001
MINERAL RESOURCES TRANSPORT PTY LTD,1000000001
MRL ASSET MANAGEMENT PTY LTD,1000000001
MT MARION HOLDINGS PTY LTD,1000000001
MT MARION LITHIUM PTY LTD,1000000001
POLARIS METALS PTY LTD,1000000001
PROCESS MINERALS INTERNATIONAL PTY LTD,1000000001
RESOURCE DEVELOPMENT GROUP LIMITED,1000000001
WODGINA LITHIUM PTY LTD,1000000001
WONMUNNA IRON ORE PTY LTD,1000000001
YILGARN IRON PTY LTD,1000000001
ENVIROPACIFIC SERVICES LIMITED,275000000
CATEGORY 5 LABOUR MANAGEMENT PTY LTD,275000000
AMPCONTROL BURN BRITE PTY LTD,425000000
AMPCONTROL CABLES NSW PTY LTD,425000000
AMPCONTROL CSM PTY LIMITED,425000000
AMPCONTROL INTERNATIONAL HOLDINGS PTY LTD,425000000
AMPCONTROL LIMITED,425000000
AMPCONTROL PTY LIMITED,425000000
AMPCONTROL SERVICE PTY LTD,425000000
AMPCONTROL SWG PTY LIMITED,425000000
AMPCONTROL TRANSFORMERS PTY LTD,425000000
Androck Engineering And Mining Pty Ltd,425000000
ATF MINING ELECTRICS PTY LIMITED,425000000
CAPACITOR TECHNOLOGIES PTY LTD,425000000
COMPLETE POWER SOLUTIONS PTY LTD,425000000
RESTECH PTY LIMITED,425000000
VERICO GROUP PTY LTD,425000000
EVZ LIMITED,125000000
WASHINGTON H. SOUL PATTINSON AND COMPANY LIMITED,850000000
VERBREC LIMITED,50000000
ALKANE RESOURCES LTD,175000000
MITCHELL CREEK MINING PTY LTD,175000000
Tomingley Gold Operations Pty Ltd,175000000
AURORA GLOBAL PTY LTD,1000000001
AUSTWIDE COMMUNICATIONS PTY LTD,1000000001
LINK CONSTRUCT PTY LTD,1000000001
LINKFORCE CORPORATION PTY LTD,1000000001
LINKFORCE INDUSTRIAL MAINTENANCE PTY LTD,1000000001
The Trustee for Linkforce Work Trust,1000000001
The Trustee for Link Workforce Trust,1000000001
SANWA PTY LTD,475000000
SRG GLOBAL ASSET CARE PTY LTD,1000000001
SRG GLOBAL ASSETS PTY LTD,1000000001
SRG GLOBAL LTD,1000000001
SRG GLOBAL BUILDING PTY LTD,1000000001
SRG GLOBAL CASC PTY LTD,1000000001
SRG GLOBAL CIVIL PTY LTD,1000000001
SRG GLOBAL CORPORATE PTY LTD,1000000001
SRG GLOBAL FACADES PTY LTD,1000000001
SRG GLOBAL INDUSTRIAL SERVICES PTY LTD,1000000001
SRG GLOBAL INFRASTRUCTURE PTY LTD,1000000001
SRG GLOBAL INTEGRATED SERVICES PTY LTD,1000000001
SRG GLOBAL INVESTMENTS PTY LTD,1000000001
SRG GLOBAL LIMITED,1000000001
SRG GLOBAL MINING PTY LTD,1000000001
SRG GLOBAL PRODUCTS PTY LTD,1000000001
SRG GLOBAL SERVICES PTY LTD,1000000001
SRG GLOBAL STRUCTURES PTY LTD,1000000001
The Trustee for SRG Employee Share Trust,1000000001
MINPROVISE INTERNATIONAL PTY LTD,175000000
Enviro Pipes Pty Ltd,125000000
MLG OZ LIMITED,475000000
Emerson Process Management Australia Pty Ltd,325000000
MIDWAY METALS PTY LTD,225000000
U & D COAL LTD,125000000
CAPRICORN METALS LTD,375000000
BASE RESOURCES LIMITED,225000000
AUSTRALIAN STEEL TRADERS PTY LTD,175000000
SQUARE RESOURCES HOLDING PTY LTD,650000000
HILDITCH PTY. LTD.,125000000
The Trustee for Hilditch Oilchem Trust,125000000
The Trustee for Hilditch Oils Australia Trust,125000000
EMERALD RESOURCES NL,375000000
SAUNDERS INTERNATIONAL LIMITED,225000000
Perseus Mining Limited,1000000001
MACMAHON CONTRACTORS PTY LTD,1000000001
MACMAHON HOLDINGS LIMITED,1000000001
MACMAHON UNDERGROUND PTY LTD,1000000001
ABC REFINERY PTY LIMITED,1000000001
AUSTRALIAN BULLION COMPANY PTY LTD,1000000001
HANCOCK MINERALS PTY LTD,1000000001
HANCOCK PROSPECTING PTY LIMITED,1000000001
HANRINE HOLDINGS PTY LTD,1000000001
HOPE DOWNS IRON ORE PTY LTD,1000000001
REDSTONE CORPORATION PTY LTD,1000000001
BISALLOY STEEL GROUP LTD,175000000
ADCHEM PTY. LTD.,125000000
ROY HILL HOLDINGS PTY LTD,1000000001
DEXPLAN PTY LTD,1000000001
NEW HOPE BENGALLA PTY LTD,1000000001
NEW HOPE CORPORATION LIMITED,1000000001
HARMONY GOLD PTY LIMITED,650000000
ST BARBARA LIMITED,225000000
BELLEVUE GOLD LIMITED,275000000
ATLAS IRON PTY LTD,1000000001
CIVMEC CONSTRUCTION & ENGINEERING PTY LTD,1000000001
CIVMEC HOLDINGS PTY LTD,1000000001
CENTURION TRANSPORT CO. PTY LTD,1000000001
C.F.C. HOLDINGS PTY LTD,1000000001
LEONE FAMILY HOLDINGS PTY LTD,1000000001
WILLIAM ADAMS PTY. LTD.,550000000
CAVPOWER PTY LTD,375000000
BITUMEN IMPORTERS AUSTRALIA PTY LTD,175000000
DGL GROUP LIMITED,475000000
DGL WAREHOUSING & DISTRIBUTION PTY LTD,475000000
REGIS RESOURCES LIMITED,1000000001
VAULT MINERALS LIMITED,650000000
African Underground Mining Services Burkina Faso Sarl,1000000001
AMAX Ltd,1000000001
AUMS Geofields Tanzania Limited Limited),1000000001
Ausdrill Mining Surface Botswana Proprietary Ltd,1000000001
AUSDRILL PTY LTD,1000000001
BARMINCO LIMITED,1000000001
Barminco Mining Services Botswana Proprietary Ltd,1000000001
Barminco Mining Services Canada Limited,1000000001
BTP PARTS PTY LTD,1000000001
DDH 1 DRILLING PTY LIMITED,1000000001
PERENTI LIMITED,1000000001
SMS OPERATIONS PTY LTD,1000000001
Underground Mining Alliance Ltd,1000000001
Lynas Africa Holdings Pty Ltd,475000000
Lynas Africa Limited,475000000
LYNAS KALGOORLIE PTY LTD,475000000
Lynas Malaysia Sdn Bhd,475000000
LYNAS RARE EARTHS LIMITED,475000000
LYNAS SERVICES PTY LTD,475000000
Lynas USA LLC,475000000
MT WELD HOLDINGS LIMITED,475000000
MT WELD MINING PTY LIMITED,475000000
LIBERTY BELL BAY PTY LTD,1000000001
LIBERTY PRIMARY METALS AUSTRALIA PTY LTD,1000000001
MITCHELL SERVICES LIMITED,225000000
BOOM LOGISTICS LTD,275000000
NEPEAN BUILDING and INFRASTRUCTURE PTY LTD,750000000
NEPEAN NO1 PTY LTD,750000000
Mader Contracting Pty Ltd,750000000
MADER GROUP LIMITED,750000000
MADER QUEENSLAND PTY LTD,750000000
ARAGON RESOURCES PTY LTD,750000000
BIG BELL GOLD OPERATIONS PTY LTD,750000000
WESTGOLD MINING SERVICES PTY LTD,750000000
WESTGOLD RESOURCES LIMITED,750000000
CONSOLIDATED MINERALS PTY LIMITED,275000000
PILBARA MANGANESE PTY LTD,275000000
BEACH ENERGY LIMITED,1000000001
CLAREVILLE PTY LIMITED,125000000
Australian Renewable Energy Agency,325000000
AIC COPPER PTY LTD,175000000
AIC MINES LIMITED,175000000
REDOX LIMITED,1000000001
RJ LETTEN TRUST,125000000
OCWEN ENERGY PTY LTD,1000000001
WESTRAC PTY LTD,1000000001
Aston Coal 2 Pty Ltd,1000000001
NARRABRI COAL AUSTRALIA PTY LTD,1000000001
Narrabri Coal Pty Ltd,1000000001
Tarrawonga Coal Sales Pty Ltd,1000000001
WERRIS CREEK COAL SALES PTY LIMITED,1000000001
WHITEHAVEN BLACKWATER PTY LTD,1000000001
WHITEHAVEN COAL LIMITED,1000000001
WHITEHAVEN COAL MINING LIMITED,1000000001
WHITEHAVEN DAUNIA PTY LTD,1000000001
EMECO HOLDINGS LIMITED,850000000
EMECO INTERNATIONAL PTY LIMITED,850000000
FORCE EQUIPMENT PTY LTD,850000000
PIT N PORTAL MINING SERVICES PTY LTD,850000000
GRAYS.COM PTY LTD,325000000
CHICHESTER METALS PTY LTD,1000000001
FMG SOLOMON PTY LTD,1000000001
FORTESCUE LTD,1000000001
THE PILBARA INFRASTRUCTURE PTY LTD,1000000001
MT MAGNET GOLD PTY LTD,850000000
PENNY OPERATIONS PTY LTD,850000000
Ramelius Resources Ltd,850000000
TAMPIA OPERATIONS PTY LTD,850000000
NATIONAL PUMP & ENERGY PTY LTD,225000000
AERIS RESOURCES LIMITED,550000000
EXCO RESOURCES PTY LIMITED,550000000
LION MINING LIMITED,550000000
ROUND OAK JAGUAR PTY LTD,550000000
ROUND OAK STOCKMAN PTY LTD,550000000
TRITTON RESOURCES PTY LTD,550000000
BYERWEN COAL PTY LTD,1000000001
Sandfire Resources Botswana Pty Ltd,950000000
SANDFIRE RESOURCES LIMITED,950000000
SANDFIRE SPAIN HOLDINGS PTY LTD,950000000
JAX COAL PTY LTD,750000000
NORTHERN HUB PTY LTD,750000000
QCOAL PTY LTD,750000000
PROTECH GROUP PTY LTD,550000000
DEVELOP GLOBAL LIMITED,175000000
AJ Lucas Group Limited,175000000
IGO FORRESTANIA LIMITED,750000000
IGO Limited,750000000
IGO NOVA PTY LTD,750000000
KINGSGATE CAPITAL PTY LTD,125000000
KINGSGATE CONSOLIDATED LIMITED,125000000
API VICTORIA PTY. LTD.,1000000001
AUSTRALIAN GOLD REAGENTS PTY. LTD.,1000000001
AUSTRALIAN PHARMACEUTICAL INDUSTRIES PTY LTD,1000000001
AUSTRALIAN PHARMACEUTICAL INDUSTRIES PTY. LTD.,1000000001
AVC HOLDINGS PTY LTD,1000000001
AVC TRADING PTY LTD,1000000001
BULLIVANTS PTY LIMITED,1000000001
BUNNINGS GROUP LIMITED,1000000001
CATCH.COM.AU PTY LTD,1000000001
CATCH GROUP HOLDINGS LIMITED,1000000001
CHEMICAL HOLDINGS KWINANA PTY. LTD.,1000000001
COREGAS PTY LTD,1000000001
CSBP LIMITED,1000000001
CUMING SMITH AND COMPANY LIMITED,1000000001
HOWARD SMITH LIMITED,1000000001
J. BLACKWOOD & SON PTY LTD,1000000001
KMART AUSTRALIA LIMITED,1000000001
KMART HOLDINGS PTY LTD,1000000001
MANACOL PTY LIMITED,1000000001
NEW PRICE RETAIL FINANCE PTY LTD,1000000001
NEW PRICE RETAIL PTY LTD,1000000001
OFFICEWORKS HOLDINGS PTY LTD,1000000001
OFFICEWORKS LTD,1000000001
Priceline Proprietary Limited as trustee for THE PRICELINE UNIT TRUST,1000000001
R.J. BEAUMONT & CO. PTY. LTD.,1000000001
Synapse Finance Pty Ltd,1000000001
TARGET AUSTRALIA PTY. LTD.,1000000001
TARGET HOLDINGS PTY LTD,1000000001
THE WORKWEAR GROUP HOLDING PTY LTD,1000000001
THE WORKWEAR GROUP PTY LTD,1000000001
UCONE PTY LTD,1000000001
WESFARMERS BUNNINGS LIMITED,1000000001
WESFARMERS CHEMICALS,1000000001
ENERGY & FERTILISERS LIMITED,1000000001
WESFARMERS DEPARTMENT STORES HOLDINGS PTY LTD,1000000001
WESFARMERS FERTILIZERS PTY LTD,1000000001
Wesfarmers Industrial and Safety Pty Ltd,1000000001
WESFARMERS KLEENHEAT GAS PTY LTD,1000000001
WESFARMERS LIMITED,1000000001
WESFARMERS ONLINE RETAIL HOLDINGS PTY LTD,1000000001
WESFARMERS RETAIL HOLDINGS PTY LTD,1000000001
WESFARMERS RETAIL PTY LTD,1000000001
WFM INVESTMENTS PTY LTD,1000000001
PILBARA MINERALS LIMITED,1000000001
IMDEX LTD,425000000
GR ENGINEERING SERVICES LTD,425000000
KOOLAN IRON ORE PTY LTD,650000000
MOUNT GIBSON IRON LIMITED,650000000
MOUNT GIBSON MINING LIMITED,650000000
HASTINGS DEERING LIMITED,1000000001
Sime Darby Industrial Australia Pty ltd,1000000001
FARRELLY CONSTRUCTION SERVICES PTY LTD,125000000
FENIX RESOURCES LTD,275000000
HORIZON OIL LIMITED,125000000
LUCAS TOTAL CONTRACT SOLUTIONS PTY LTD,225000000
AUSTRALASIAN SOLVENTS AND CHEMICALS COMPANY PTY. LTD.,325000000
WICET HOLDINGS PTY LIMITED,550000000
WICET SERVICES PTY. LTD.,550000000
WIGGINS ISLAND COAL EXPORT TERMINAL PTY LIMITED,550000000
COMISKEY MINING SERVICES PTY LTD,125000000
GOLD CORPORATION,1000000001
ERNEST HENRY MINING PTY LTD,1000000001
EVOLUTION MINING PTY LIMITED,1000000001
Evolution Mining Gold Operations Ltd,1000000001
EVOLUTION MINING LIMITED,1000000001
EVOLUTION MINING PTY LTD,1000000001
Mt Rawdon Operations Pty Ltd,1000000001
AURELIA METALS LIMITED,325000000
EQ RESOURCES LIMITED,50000000
LOCHARD ENERGY PTY LTD,175000000
DENDROBIUM COAL PTY LTD,1000000001
ENDEAVOUR COAL PTY LIMITED,1000000001
GROOTE EYLANDT MINING COMPANY PROPRIETARY LIMITED,1000000001
ILLAWARRA COAL HOLDINGS PTY LTD,1000000001
ILLAWARRA SERVICES PROPRIETARY LIMITED,1000000001
SOUTH32 ALUMINIUM PTY LTD,1000000001
SOUTH32 AUSTRALIA INVESTMENT 3 PTY LTD,1000000001
SOUTH32 PTY LTD,1000000001
SOUTH32 CANNINGTON PROPRIETARY LIMITED,1000000001
SOUTH32 GROUP OPERATIONS PTY LTD,1000000001
SOUTH32 INTERNATIONAL INVESTMENT HOLDINGS PROPRIETARY LIMITED,1000000001
SOUTH32 INTERNATIONAL INVESTMENT PROPRIETARY LIMITED,1000000001
SOUTH32 LIMITED,1000000001
SOUTH32 TREASURY LIMITED,1000000001
ONSITE RENTAL GROUP LIMITED,375000000
DETERRA ROYALTIES LIMITED,225000000
AMPLITUDE ENERGY LIMITED,225000000
AUSTRALIA PACIFIC LNG PTY LIMITED,1000000001
FQM AUSTRALIA HOLDINGS PTY LTD,475000000
FQM AUSTRALIA NICKEL PTY LTD,475000000
AMARI METALS AUSTRALIA PTY LTD,425000000
QUEENSLAND NITRATES PTY LTD,175000000
CQ FIELD MINING SERVICES PTY LTD,125000000
UNDERGROUND CONSTRUCTION ALLIANCE PTY LTD,125000000
MITSUI & CO. MINERAL RESOURCES DEVELOPMENT PTY LTD,1000000001
Byrnecut Australia Pty Ltd,950000000
ACTION DRILL & BLAST PTY LTD,1000000001
DIAB ENGINEERING PTY LTD,1000000001
GOLDING CONTRACTORS PTY LTD,1000000001
NRW CONTRACTING PTY LTD,1000000001
NRW HOLDINGS LIMITED,1000000001
PRIMERO GROUP LIMITED,1000000001
RCR MINING TECHNOLOGIES PTY LTD,1000000001
The Trustee for NRW UNIT TRUST,1000000001
WORLEY LIMITED,1000000001
MITTWELL ENERGY RESOURCES PTY. LTD.,375000000
HEP AUSTRALIA HOLDINGS PTY LTD,275000000
BISLEY & CO PTY LTD,125000000
CITIC AUSTRALIA COAL PTY LTD,425000000
CITIC AUSTRALIA COPPABELLA PTY LTD,425000000
CITIC AUSTRALIA PTY. LIMITED,425000000
CITIC RESOURCES AUSTRALIA PTY LTD,425000000
CRH TRADING PTY LTD,425000000
SOJITZ DEVELOPMENT PTY LTD,1000000001
SUMISHO COAL AUSTRALIA HOLDINGS PTY LTD,475000000
MITSUI IRON ORE CORPORATION PTY. LTD.,1000000001
MITSUI & CO. IRON ORE EXPLORATION & MINING PTY. LTD.,325000000
MITSUI-ITOCHU IRON PTY LTD,1000000001
RYOWA DEVELOPMENT II PTY. LIMITED,175000000
RYOWA DEVELOPMENT PTY. LTD.,175000000
NSC PTY LTD,475000000
JOY GLOBAL AUSTRALIA HOLDING COMPANY PTY LTD,475000000
JOY GLOBAL AUSTRALIA PTY LTD,475000000
KOMATSU AUSTRALIA CORPORATE FINANCE PTY LTD,1000000001
KOMATSU AUSTRALIA PTY LTD,1000000001
KOMATSU FORKLIFT AUSTRALIA PTY LTD,1000000001
ADANI MINING PTY LTD,1000000001
HITACHI ENERGY AUSTRALIA HOLDINGS PTY LTD,325000000
HITACHI ENERGY AUSTRALIA PTY LTD,325000000
BM ALLIANCE COAL OPERATIONS PTY LIMITED,550000000
ICRA MC PTY LTD,1000000001
ICRA OC PTY LTD,1000000001
IM IRON HOLDING PTY LTD,1000000001
ITOCHU AUSTRALIA LTD.,1000000001
ITOCHU IRON ORE AUSTRALIA PTY LTD,1000000001
ITOCHU MINERALS & ENERGY OF AUSTRALIA PTY LTD,1000000001
MARUBENI-ITOCHU TUBULARS OCEANIA PTY LTD,275000000
J.C.D. AUSTRALIA PTY.LTD.,225000000
MITSUBISHI DEVELOPMENT PTY LTD,1000000001
QCT RESOURCES PTY LIMITED,1000000001
The Trustee for QUEENSLAND COAL TRUST,1000000001
MITSUI RESOURCES PTY. LTD.,1000000001
RSGX HOLDINGS PTY LTD,125000000
CONTRACT RESOURCES GROUP PTY LTD,275000000
MITSUI IRON ORE DEVELOPMENT PTY LTD,1000000001
SUMITOMO AUSTRALIA PTY LTD,50000000
WALLIS DRILLING PTY LTD,125000000
WALLIS INDUSTRIES PTY. LTD.,125000000
IOR TERMINAL HOLDINGS PTY LTD,1000000001
SMRM HOLDINGS PTY LTD,1000000001
GENESIS MINERALS LIMITED,425000000
AVANCO RESOURCES PTY LTD,1000000001
BHP BILLITON FINANCE LIMITED,1000000001
BHP COAL PTY LTD,1000000001
BHP ENERGY COAL AUSTRALIA PTY LTD,1000000001
BHP GROUP LIMITED,1000000001
BHP IRON ORE PTY LTD,1000000001
BHP LONSDALE INVESTMENTS PTY LTD,1000000001
BHP METCOAL HOLDINGS PTY LTD,1000000001
BHP MINERALS HOLDINGS PROPRIETARY LIMITED,1000000001
BHP MINERALS PTY LTD,1000000001
BHP NICKEL WEST PTY LTD,1000000001
BHP OLYMPIC DAM CORPORATION PTY LTD,1000000001
BHP QUEENSLAND COAL INVESTMENTS PTY LTD,1000000001
BHP QUEENSLAND COAL LIMITED,1000000001
BHP TITANIUM MINERALS PTY LTD,1000000001
BHP PTY LTD,1000000001
CARRAPATEENA PTY LTD,1000000001
HUNTER VALLEY ENERGY COAL PTY LTD,1000000001
MINOTAUR RESOURCES HOLDINGS PTY LTD,1000000001
OZ MINERALS BRAZIL PTY LTD,1000000001
OZ Minerals Carrapateena Pty Ltd,1000000001
OZ MINERALS PROMINENT HILL OPERATIONS PTY LTD,1000000001
OZ MINERALS PROMINENT HILL PTY LTD,1000000001
OZ MINERALS PTY LTD,1000000001
THE BROKEN HILL PROPRIETARY COMPANY PTY LTD,1000000001
UMAL CONSOLIDATED PTY LTD,1000000001
NORTHERN STAR RESOURCES LTD,1000000001
MM RESOURCES PTY. LTD.,1000000001
NIPPON COKE & ENGINEERING COMPANY,1000000001
LIMITED,1000000001
CALBAH INDUSTRIES PTY. LTD.,50000000
BATCHFIRE RESOURCES PTY LTD,650000000
ORIGIN ENERGY LIMITED,1000000001
VOESTALPINE HIGH PERFORMANCE METALS PTY LTD,125000000
EPIROC AUSTRALIA PTY LTD,1000000001
ECOLAB PTY LTD,550000000
BASF AUSTRALIA LTD.,650000000
SIKA AUSTRALIA PTY LTD,375000000
PON HOLDING AUSTRALIA PTY LTD,125000000
AUSTRALIAN AGRIBUSINESS PTY LTD,175000000
MANDALAY RESOURCES AUSTRALIA PTY LIMITED,125000000
Element Solutions Inc,50000000
QUALITY LOGISTIC SERVICES AUSTRALIA PTY LTD,175000000
BU12 AUSTRALIA PTY. LTD.,50000000
BU13 AUSTRALIA PTY. LTD.,50000000
PRISM DARWIN PIPELINE PTY LTD,50000000
SK E&S AUSTRALIA PTY LTD,50000000
ENSIGN HOLDINGS PTY LTD,125000000
ENSIGN AUSTRALIA PTY LIMITED,125000000
Kogas Australia Pty Ltd,1000000001
KOGAS PRELUDE PTY LTD,1000000001
Kansai Electric Power Australia Pty Ltd,650000000
KANSAI ELECTRIC POWER HOLDINGS AUSTRALIA PTY LTD,650000000
KANSAI ELECTRIC POWER ICHTHYS E&P PTY LTD,650000000
KANSAI ELECTRIC POWER ICHTHYS PTY LTD,650000000
CHEVRON AUSTRALIA HOLDINGS PTY LTD,1000000001
CHEVRON AUSTRALIA PTY LTD,1000000001
KARORA PTY LTD,475000000
KARORA RESOURCES PTY LTD,475000000
Marmon Construction Services Holdings Pty Ltd,375000000
GOLD FIELDS AUSTRALIA PTY LIMITED,1000000001
NORMET ASIA PACIFIC PTY. LTD.,175000000
VEOLIA WATER TECHNOLOGIES & SOLUTIONS PROCESS AUSTRALIA PTY LTD,125000000
TOTALENERGIES EP ICHTHYS B.V.,1000000001
YANCOAL AUSTRALIA LTD,1000000001
MITSUI MATSUSHIMA AUSTRALIA PTY. LIMITED,375000000
Mitsui Matsushima International Pty. Limited,375000000
BARRICK AUSTRALIA PTY LIMITED,1000000001
WEIR GROUP PTY LIMITED,125000000
WEIR MINERALS AUSTRALIA LTD,125000000
CATERPILLAR UNDERGROUND MINING PTY LTD,1000000001
CATERPILLAR USED EQUIPMENT SERVICES INC.,1000000001
CORONADO CURRAGH PTY LTD,1000000001
CURRAGH QUEENSLAND MINING PTY LTD,1000000001
Ausenco do Brasil Engenharia Ltda,550000000
Ausenco Peru S.R.L,550000000
Ausenco Rylson Asset Optimisation Pty Ltd,550000000
DUET EDL PTY LIMITED,275000000
EDL HOLDINGS PTY LTD,275000000
ENERGY DEVELOPMENTS PTY LIMITED,275000000
AMPOL AUSTRALIA PETROLEUM PTY LTD,1000000001
AMPOL LIMITED,1000000001
AMPOL PETROLEUM DISTRIBUTORS PTY LTD,1000000001
AMPOL RETAIL PTY LTD,1000000001
MITSUI E&P AUSTRALIA HOLDINGS PTY LTD,950000000
Apergy Artificial Lift Pty Ltd,50000000
ChampionX Australia Pty Ltd,50000000
CONOCOPHILLIPS AUSTRALIA INVESTMENTS PTY LTD,1000000001
CONOCOPHILLIPS AUSTRALIA PACIFIC LNG PTY LTD,1000000001
SIERRA RUTILE HOLDINGS LIMITED,275000000
BP Australia Investments Pty Ltd,1000000001
CASTROL HOLDINGS AUSTRALIA PTY LTD,1000000001
SGS AUSTRALIA PTY LTD,275000000
SGS SCIENTIFIC SERVICES PTY LTD,275000000
SGS SYSTEMS AND SERVICES CERTIFICATION PTY LTD,275000000
DALRYMPLE BAY INFRASTRUCTURE LIMITED,650000000
ALLNEX AUSTRALIA HOLDING PTY LTD,325000000
ALLNEX AUSTRALIA PTY. LTD.,325000000
ALLNEX RESINS AUSTRALIA PTY LTD,325000000
29METALS LIMITED,425000000
CAPRICORN COPPER HOLDINGS PTY LTD,425000000
CAPRICORN COPPER PTY LTD,425000000
GOLDEN GROVE HOLDINGS PTY LTD,425000000
GOLDEN GROVE OPERATIONS PTY LTD,425000000
INPEX NEW ENERGY BUSINESS AUSTRALIA PTY LTD,1000000001
PE WHEATSTONE PTY LTD,850000000
Deswik Mining Consultants Pty Ltd,1000000001
DSI UNDERGROUND AUSTRALIA PTY LIMITED,1000000001
FERO GROUP PTY LTD,1000000001
Fero Group Pty Ltd,1000000001
Fero Reinforcing Pty Ltd,1000000001
NTX AUSTRALIA PTY LTD,1000000001
SANDVIK AUSTRALIA PTY LTD,1000000001
SANDVIK FINANCIAL SERVICES PTY LTD,1000000001
SANDVIK MINING AND CONSTRUCTION AUSTRALIA PTY LTD,1000000001
SANDVIK MINING & CONSTRUCTION LOGISTICS LIMITED,1000000001
SECO TOOLS AUSTRALIA PTY LIMITED,1000000001
TERELION PTY LTD,1000000001
TRICON DRILLING SOLUTIONS PTY LTD,1000000001
CAPRAL LIMITED,650000000
Peabody Australia Holdco Pty Ltd,1000000001
CENTAMIN EGYPT LIMITED,1000000001
PHARAOH GOLD MINES NL,1000000001
WURTH AUSTRALIA PTY LTD,175000000
JERVOIS GLOBAL LIMITED,225000000
NEWCREST OPERATIONS LIMITED,1000000001
Boart Longyear Group Ltd.,1000000001
BOART LONGYEAR PTY LIMITED,1000000001
Simcoa Operations Pty Ltd,175000000
GROWTH STEEL AUSTRALIA PTY LTD,125000000
MARNCO PTY LTD,125000000
SOUTHERN CROSS ALUMINIUM PTY LTD,225000000
SOUTHERN CROSS GPS PTY LTD,225000000
ANGLO AMERICAN AUSTRALIA LIMITED,1000000001
NS BOGGABRI PTY LIMITED,950000000
NS Moranbah North Pty Ltd,950000000
THERMO ELECTRON AUSTRALIA PTY LIMITED,650000000
MMG Limited,1000000001
LH HOLDINGS NO.2 PTY LTD,1000000001
AngloGold Ashanti plc,1000000001
CHANNAR MINING PTY LIMITED,1000000001
GPS POWER PTY. LIMITED,1000000001
MAGONTEC LIMITED,125000000
ADBRI CONCRETE AND QUARRIES SA PTY LTD,1000000001
ADBRI LIMITED,1000000001
ADBRI MASONRY GROUP PTY LTD,1000000001
ADBRI MASONRY PTY LTD,1000000001
ADELAIDE BRIGHTON CEMENT LIMITED,1000000001
COCKBURN CEMENT LIMITED,1000000001
HY-TEC INDUSTRIES PTY LTD,1000000001
PREMIER RESOURCES LIMITED,1000000001
SCREENINGS PROPRIETARY LIMITED,1000000001
SOUTHERN QUARRIES HOLDINGS PTY LTD,1000000001
H.B. FULLER COMPANY AUSTRALIA PTY LIMITED,125000000
The Trustee for The Radlink Unit Trust,175000000
Applied Australia,750000000
Consumer AU,750000000
Danley Construction Products,750000000
Databuild,750000000
Hobart Australia,750000000
Industrial AU,750000000
Instron,750000000
ITW AAMTECH,750000000
ITW Buildex,750000000
ITW Construction Asia Pacific,750000000
ITW Construction Systems,750000000
ITW Construction Systems International,750000000
ITW Corporate Australia,750000000
ITW Fastex,750000000
ITW Paslode,750000000
ITW Polymers & Fluids Australia,750000000
ITW Proline,750000000
ITW Residential,750000000
ITW Retail Group,750000000
ITW Zip-Pak Australia,750000000
Paslode,750000000
Pryda,750000000
Pryda Australia,750000000
Ramset,750000000
RamsetReid,750000000
Reid Construction Systems,750000000
Welding Industries of Australia,750000000
Wet AU,750000000
Zip-Pak,750000000
CNOOC Australia E & P Pty Ltd,375000000
CNOOC AUSTRALIA INTERNATIONAL HOLDINGS PRIVATE LIMITED,375000000
CNOOC NWS PRIVATE LIMITED,375000000
OX MOUNTAIN LIMITED,50000000
RSK ENVIRONMENT AUSTRALIA PTY LTD,225000000
Westgold Resources Limited,650000000
BLIGH COAL LIMITED,1000000001
Kyushu Electric Australia Pty Ltd,275000000
CLARKE ENERGY PTY. LTD.,125000000
UON PTY LTD,125000000
METALS X LIMITED,175000000
Heathgate Resources Pty Ltd,550000000
DYNO NOBEL MORANBAH PTY LTD,1000000001
DYNO NOBEL PTY LIMITED,1000000001
INCITEC FERTILISERS OPERATIONS PTY LTD,1000000001
INCITEC PIVOT EXPLOSIVES HOLDINGS PTY LIMITED,1000000001
INCITEC PIVOT FERTILISERS LIMITED,1000000001
INCITEC PIVOT INVESTMENTS 1 PTY LTD,1000000001
INCITEC PIVOT INVESTMENTS 2 PTY LTD,1000000001
INCITEC PIVOT LIMITED,1000000001
LINKFORCE ENGINEERING PTY LTD,750000000
LINKFORCE EQUIPMENT HIRE PTY LTD,750000000
LINKFORCE FIELD SERVICES PTY LTD,750000000
LINKFORCE INDUSTRIAL SERVICES PTY LTD,750000000
LINKFORCE MAINTENANCE SERVICES PTY LTD,750000000
LINKFORCE PROCUREMENT PTY LTD,750000000
Linkforce Projects Pty Ltd,750000000
LINKFORCE SHARED SERVICES PTY LTD,750000000
LINKFORCE SITE SERVICES PTY LTD,750000000
NIGHTHAWK NOMINEES PTY LTD,750000000
MIDDLEMOUNT COAL PTY LTD,750000000
SILVER LAKE PTY LTD,750000000
Silver Lake Resources Limited,750000000
FES COAL PTY LTD,175000000
OKR TECHNICAL SERVICES AUSTRALIA PTY LTD,175000000
One Key Holdings Pty Ltd,175000000
ONE KEY RESOURCES PTY LTD,175000000
Orbinox Pty Ltd,50000000
QMETCO LIMITED,650000000
Ampcontrol Limited,325000000
VERICO TRAINING SERVICES PTY LTD,325000000
OLIVER J. NILSEN LIMITED,375000000
ENERGY POWER SYSTEMS AUSTRALIA PTY. LIMITED.,275000000
Edna May Operations Pty Ltd,550000000
Vantage Fuels Pty Ltd,225000000
The Trustee for SFT trust,1000000001
NEPEAN BUILDING & INFRASTRUCTURE PTY LTD,750000000
CQMS RAZER PTY LTD,225000000
SIMS LIMITED,1000000001
PRL GLOBAL LTD,950000000
GERALDTON BULK HANDLING PTY LTD,475000000
VITRINITE PTY LTD,225000000
DGL MANUFACTURING AUSTRALIA PTY LTD,475000000
IGO LIMITED,1000000001
MACMAHON CONTRACTING INTERNATIONAL PTE LTD,1000000001
PT MACMAHON INDONESIA,1000000001
Newcastle Coal Infrastructure Group Pty Ltd,850000000
COOGEE CHEMICALS PTY LTD,325000000
PUMA ENERGY ASSETS HOLDINGS PTY LTD,50000000
PUMA ENERGY BITUMEN PTY LTD,50000000
ORICA AUSTRALIA PTY LTD,1000000001
ORICA INVESTMENTS PTY LTD,1000000001
ORICA LIMITED,1000000001
ORICA MINING SERVICES PILBARA PTY LTD,1000000001
African Mining Services Senegal Suarl,1000000001
AUMS Limited,1000000001
BISALLOY STEELS PTY. LTD.,125000000
NRW PTY LTD,1000000001
COOPER ENERGY LIMITED,175000000
ALLKEM LIMITED,1000000001
GALAXY RESOURCES LIMITED,1000000001
KINETIC CHEMICALS PTY LTD,750000000
KINETIC FLUID MANAGEMENT AND PRODUCTION SERVICES PTY LTD,750000000
KINETIC WELL INTERVENTION SERVICES PTY LTD,750000000
MPC GROUP PTY LTD,750000000
MPC KINETIC HOLDINGS LIMITED,750000000
RPMGLOBAL HOLDINGS LIMITED,50000000
CAREY GROUP HOLDINGS PTY LTD,125000000
The Trustee for THE PRICELINE UNIT TRUST,1000000001
WESFARMERS ENERGY LIMITED,1000000001
WESFARMERS LPG PTY LTD,1000000001
PRO-PAC GROUP PTY LIMITED,325000000
PRO-PAC PACKAGING LIMITED,325000000
GOLDCORP AUSTRALIA,1000000001
ABELLE LIMITED,425000000
AURORA GOLD AUSTRALIA PTY LIMITED,425000000
AURORA GOLD FINANCE LIMITED,425000000
AURORA GOLD LTD,425000000
AURORA GOLD PTY. LTD.,425000000
AURORA GOLD PTY LTD,425000000
AUSTRALIAN ORES & MINERALS PTY LIMITED,425000000
CARR BOYD MINERALS PTY LIMITED,425000000
EVA COPPER MINE PTY LTD,425000000
HARMONY EVA COPPER PTY LTD,425000000
HARMONY EVA COPPER SERVICES PTY LTD,425000000
HARMONY GOLD OPERATIONS LIMITED,425000000
HARMONY GOLD EXPLORATION LIMITED,425000000
HARMONY GOLD SECURITIES PTY LIMITED,425000000
HARMONY GOLD W.A. PTY LIMITED,425000000
HARMONY MINERALS PTY LTD,425000000
MOROBE CONSOLIDATED GOLDFIELDS LIMITED,425000000
MOROBE EXPLORATION LIMITED,425000000
NEW HAMPTON GOLDFIELDS LIMITED,425000000
ROSEBY COPPER PTY LTD,425000000
Roseby Copper Pty Ltd,425000000
WAFI MINING LIMITED,425000000
MINERAL RESOURCES LIMITED,1000000001
AUSTRALIA PACIFIC LNG CSG MARKETING PTY LIMITED,1000000001
Australia Pacific LNG Marketing Pty Limited,1000000001
AUSTRALIA PACIFIC LNG PROCESSING PTY LIMITED,1000000001
BARALABA COAL COMPANY PTY LTD,125000000
Redpath Holdings Pty Limited,325000000
HATCHCOS HOLDINGS PTY LTD,50000000
HATCH PTY LTD,50000000
SOUTH32 CHILE COPPER HOLDINGS PTY LTD,1000000001
SOUTH32 ROYALTY INVESTMENTS PTY LTD,1000000001
PERKAL PTY LTD,125000000
RDO EQUIPMENT PTY LTD,1000000001
COMMONWEALTH STEEL COMPANY PTY LIMITED,950000000
DONHAD PTY LTD,950000000
GRINDING MEDIA PTY LTD,950000000
MOLYCOP TECHNOLOGIES PTY LTD,950000000
RYOWA II GPS PTY. LIMITED,175000000
MITSUI & CO. LTD.,475000000
LIHIR GOLD LIMITED,1000000001
SCAP OAKY CREEK PTY LTD,850000000
KALGOORLIE CONSOLIDATED GOLD MINES PTY LTD,1000000001
NORTHERN STAR PTY LTD,1000000001
NORTHERN STAR LIMITED,1000000001
LYCOPODIUM LIMITED,325000000
RED 5 LIMITED,475000000
THE TRUSTEE FOR CAY'S FAMILY TRUST,50000000
ABBOT POINT BULKCOAL PTY. LTD.,225000000
ABBOT POINT OPERATIONS PTY LTD,225000000
AMTRADE INTERNATIONAL PTY LTD,125000000
CATALYST CHEMICALS PTY LTD,50000000
QLSA Innovation Sdn Bhd,50000000
Quality Logistic Services Asia Pte Ltd,50000000
MGM BULK PTY LTD,125000000
IOR TERMINAL NOMINEES PTY LTD,50000000
EAST AFRICAN GOLD MINES LIMITED,1000000001
TETHYAN COPPER COMPANY LIMITED,1000000001
SUBSEA 7 AUSTRALIA CONTRACTING PTY LTD,225000000
MMA OFFSHORE LIMITED,650000000
MMA OFFSHORE VESSEL OPERATIONS PTY LTD,650000000
NT MINING OPERATIONS PTY LTD,1000000001
FLSMIDTH INDUSTRIAL SOLUTIONS PTY LTD,475000000
FLSMIDTH PTY LTD,475000000
TOKYO TIMOR SEA RESOURCES PTY LTD,175000000
CLARENCE COAL INVESTMENTS PTY. LIMITED,1000000001
Tronox Limited,1000000001
TRONOX MANAGEMENT PTY LTD,1000000001
TRONOX MINING AUSTRALIA LIMITED,1000000001
TRONOX PIGMENT BUNBURY LTD,1000000001
FMC,225000000
PERILYA LIMITED,425000000
M MINING PTY LTD,550000000
CAMERON APME HOLDING PTY LTD,950000000
SCHLUMBERGER AUSTRALIA PTY LTD,950000000
BILLABONG GOLD PTY LTD,175000000
ABELSHORE PTY LIMITED,1000000001
ANOTERO PTY LIMITED,1000000001
AZSA HOLDINGS PTY LIMITED,1000000001
CUMNOCK COAL PTY LIMITED,1000000001
CUMNOCK NO. 1 COLLIERY PTY LIMITED,1000000001
ENEX FOYDELL PTY LIMITED,1000000001
ENEX LIDDELL PTY LIMITED,1000000001
ENEX OAKBRIDGE PTY LIMITED,1000000001
ENEX ULAN PTY LIMITED,1000000001
GABUME PTY. LIMITED,1000000001
GILA PTY. LIMITED,1000000001
GLENCORE AUSTRALIA OIL PTY LIMITED,1000000001
GLENCORE COAL ASSETS QUEENSLAND PTY LIMITED,1000000001
GLENCORE COAL HOLDINGS PTY LIMITED,1000000001
GLENCORE COAL INVESTMENTS AUSTRALIA PTY LIMITED,1000000001
GLENCORE COAL PTY LIMITED,1000000001
GLENCORE COAL SALES PTY LIMITED,1000000001
GLENCORE HOLDINGS PTY LIMITED,1000000001
GLENCORE INVESTMENT PTY LIMITED,1000000001
GLENCORE OPERATIONS AUSTRALIA PTY LIMITED,1000000001
GLENCORE TECHNOLOGY PTY LIMITED,1000000001
GLENDELL MINING PTY LTD,1000000001
GS COAL HOLDINGS PTY LTD,1000000001
GS COAL PTY LTD,1000000001
HAIL CREEK COAL HOLDINGS PTY LIMITED,1000000001
Helios Australia Pty Limited,1000000001
HV COKING COAL PTY LIMITED,1000000001
HVO COAL SALES PTY LTD,1000000001
JONSHA PTY. LIMITED,1000000001
MANGOOLA COAL OPERATIONS PTY LIMITED,1000000001
MCARTHUR RIVER MINING PTY. LTD.,1000000001
MOUNT ISA MINES LIMITED,1000000001
MT OWEN PTY LIMITED,1000000001
MURRIN MURRIN OPERATIONS PTY LTD,1000000001
NC COAL COMPANY PTY LIMITED,1000000001
NICIAS INVESTMENTS PTY LTD,1000000001
NORANDA PACIFIC NO. 2 PTY LIMITED,1000000001
NORANDA PACIFIC PTY LIMITED,1000000001
OAKBRIDGE PTY LIMITED,1000000001
OAKY CREEK HOLDINGS PTY LIMITED,1000000001
OWLJURA PTY. LTD.,1000000001
ROLLESTON COAL HOLDINGS PTY LIMITED,1000000001
SAXONVALE COAL PTY. LIMITED,1000000001
THE NEWCASTLE WALLSEND COAL CO PTY LTD,1000000001
ULAN COAL MINES PTY LIMITED,1000000001
VISTAJURA PTY. LTD,1000000001
XT CO PTY LTD,1000000001
MAGOTTEAUX AUSTRALIA PTY LTD,125000000
ARROW CSG PTY LTD,1000000001
ARROW CSG HOLDCO PTY LTD,1000000001
ARROW PTY. LTD.,1000000001
ARROW ENERGY PTY LTD,1000000001
Arrow Surat Pty Ltd,1000000001
GENUITY PTY LTD,425000000
QUEENSLAND POWER COMPANY PTY LTD,425000000
CA STEEL PRODUCTS PTY LTD,1000000001
CB&I AUSTRALIA PTY LTD,1000000001
CBI CONSTRUCTORS PTY LTD,1000000001
J. RAY MCDERMOTT HOLDING PTY. LIMITED.,1000000001
Ausenco do Brasil Engenharia Ltda.,750000000
Ausenco Engineering Canada Inc.,750000000
Ausenco Peru S.A.C,750000000
Ausenco Sustainability Inc,750000000
ASHTON COAL MINES LIMITED,1000000001
AUSTRALIAN COAL RESOURCES LIMITED,1000000001
CNA RESOURCES LIMITED,1000000001
CNA WARKWORTH AUSTRALASIA PTY LIMITED,1000000001
COAL & ALLIED INDUSTRIES LIMITED,1000000001
COAL & ALLIED OPERATIONS PTY LTD,1000000001
GLOUCESTER PTY LTD,1000000001
KALAMAH PTY LTD,1000000001
MOOLARBEN COAL MINES PTY LIMITED,1000000001
MOUNT THORLEY OPERATIONS PTY LIMITED,1000000001
PREMIER COAL LIMITED,1000000001
R.W. MILLER LIMITED,1000000001
STRATFORD COAL PTY. LTD.,1000000001
SYNTECH RESOURCES PTY LTD,1000000001
YANCOAL AUSTRALIA SALES PTY LTD,1000000001
YANCOAL MOOLARBEN PTY LTD,1000000001
YANCOAL RESOURCES LIMITED,1000000001
YARRABEE COAL COMPANY PTY. LTD.,1000000001
DALRYMPLE BAY INFRASTRUCTURE MANAGEMENT PTY LTD,1000000001
CUMMINS SOUTH PACIFIC PTY. LTD.,175000000
Intertek Australia Holdings Pty Ltd,175000000
Kirkland Lake Gold Ltd.,1000000001
CNOOC Australia International Holdings Private Limited,1000000001
CNOOC NWS Private Limited,1000000001
METAL MANUFACTURES PTY LIMITED,1000000001
JADESTONE ENERGY PTY LTD,650000000
ALBRIGHT & WILSON LIMITED,125000000
AMPOLEX PTY. LIMITED,1000000001
ESSO AUSTRALIA PTY LTD,1000000001
ESSO AUSTRALIA RESOURCES PTY LTD,1000000001
MOBIL AUSTRALIA RESOURCES COMPANY PTY LIMITED,1000000001
MOBIL EXPLORATION & PRODUCING AUSTRALIA PTY LTD,1000000001
MOBIL OIL AUSTRALIA PTY LTD,1000000001
MOBIL REFINING AUSTRALIA PTY. LTD.,1000000001
SILICON METAL COMPANY OF AUSTRALIA PTY LTD,325000000
BROKEN HILL OPERATIONS PTY LTD,175000000
CBH PANORAMA PTY LTD,175000000
CBH RESOURCES LIMITED,175000000
CBH WESTERN AUSTRALIA PTY LTD,175000000
COBAR INFRASTRUCTURE PTY. LTD.,175000000
Cobar Operations Pty Ltd,175000000
ENDEAVOR OPERATIONS PTY LTD,175000000
TRIAKO RESOURCES LIMITED,175000000
ALCOA OF AUSTRALIA LIMITED,950000000
YARA PILBARA FERTILISERS PTY LTD,1000000001
YARA PILBARA NITRATES PTY LTD,1000000001
FUGRO HOLDINGS PTY LTD,175000000
ERA POLYMERS PTY LTD,125000000
FITZROY PTY LTD,1000000001
Ranges Mining Pty Ltd,1000000001
SOUTHERN QUARRIES PTY. LTD.,1000000001
ANZON ENERGY LTD,1000000001
ROC OIL AUSTRALIA HOLDINGS PTY LTD,1000000001
ROC OIL PTY LIMITED,1000000001
Roc Oil Pty Limited,1000000001
ROC OIL INTERNATIONAL HOLDINGS PTY LTD,1000000001
TRI-STAR AUSTRALIA HOLDING COMPANY,175000000
SNF PTY. LIMITED,175000000
ENSHAM COAL SALES PTY. LTD.,1000000001
IDEMITSU COAL MARKETING AUSTRALIA PTY LTD,1000000001
MUSWELLBROOK COAL COMPANY LTD,1000000001
HB Fuller Company Australia Pty Ltd,125000000
J-POWER AUSTRALIA PTY LTD,1000000001
SGS Australia,225000000
Tokyo Gas Gorgon Pty Ltd,1000000001
TOKYO GAS ICHTHYS PTY LTD,1000000001
Tokyo Gas Pluto Pty Ltd,1000000001
Tokyo Gas QCLNG Pty Ltd,1000000001
XYLEM WATER SOLUTIONS AUSTRALIA LIMITED,225000000
INDORAMA VENTURES OXIDES AUSTRALIA PTY LIMITED,125000000
Woodside Energy Trading Singapore Pte Ltd,1000000001
PANORAMIC RESOURCES LIMITED,50000000
BRENNTAG AUSTRALIA PTY LTD,125000000
OZ Exploration Pty Ltd,1000000001
OZ MINERALS LIMITED,1000000001
OZ MINERALS MUSGRAVE OPERATIONS PTY LTD,1000000001
OZ MINERALS SERVICES PTY LTD,1000000001
LIBERTY OIL CORPORATION PTY LTD,1000000001
VIVA ENERGY AUSTRALIA GROUP PTY LTD,1000000001
MC MARDIE PTY LTD,125000000
MCNALLY GROUP CONTRACTING PTY LTD,125000000
MCNALLY GROUP HOLDINGS PTY LTD,125000000
MCNALLY GROUP PTY LTD,125000000
CMOC MINING PTY LIMITED,225000000
DARLOT MINING COMPANY PTY LTD,275000000
GREENSTONE RESOURCES PTY LTD,275000000
BIS Finance Pty Limited,1000000001
BIS INDUSTRIES HOLDINGS LIMITED,1000000001
BIS Industries Limited,1000000001
FOXLEIGH COAL PTY LTD,650000000
NEW ACLAND COAL PTY. LTD.,1000000001
L.H. PERRY & SONS PTY. LTD.,175000000
Bisalloy Steel Group Limited,125000000
DYNO NOBEL ASIA PACIFIC PTY LIMITED,1000000001
CIVMEC LIMITED,850000000
RAMELIUS RESOURCES LIMITED,650000000
CI RESOURCES LIMITED,550000000
AUSTIN ENGINEERING LIMITED,225000000
BLONDIE TRADING PTY LTD,1000000001
RIVET ENERGY AVIATION PTY LIMITED,1000000001
RIVET ENERGY PTY LTD,1000000001
RIVET MINING SERVICES PTY LTD,1000000001
SMS Rental Pty Ltd,1000000001
SUNSHINE REFUELLERS PTY LTD,1000000001
LIBERTY INFRABUILD LTD,1000000001
AUSTRALIAN NICKEL INVESTMENTS PTY LTD,1000000001
BIOHEAP LIMITED,1000000001
FLINDERS PROSPECTING PTY LTD,1000000001
IGO Canada Holdings B.C. Ltd,1000000001
IGO LITHIUM HOLDINGS PTY LTD,1000000001
IGO NEWSEARCH PTY LTD,1000000001
IGO NICKEL HOLDINGS PTY LTD,1000000001
IGO NOVA HOLDINGS PTY LTD,1000000001
IGO STOCKMAN PARENT PTY LTD,1000000001
IGO STOCKMAN PROJECT PTY LTD,1000000001
IGO WINDWARD PTY LTD,1000000001
WESTERN AREAS LIMITED,1000000001
WESTERN AREAS NICKEL PTY LTD,1000000001
WESTERN PLATINUM NL,1000000001
African Underground Mining Services Burkina Faso SARL,1000000001
African Underground Mining Services Limited,1000000001
African Underground Mining Services Tanzania,1000000001
Barminco Mining Services Botswana Pty Ltd,1000000001
AJ LUCAS GROUP LIMITED,125000000
WRIGHT PROSPECTING PTY LTD,425000000
PEREGRINE ENERGY PTY LTD,1000000001
SEPL Pty Ltd as trustee for SFT,1000000001
PT Macmahon Indonesia,1000000001
EMERSON PROCESS MANAGEMENT AUSTRALIA PTY LTD,125000000
GENESIS ENERGIES CONSULTANTS PTY LTD,175000000
T.EN AUSTRALIA AND NEW ZEALAND PTY LTD,175000000
LENNON ENGINEERING AND CONSTRUCTION PTY LTD,1000000001
LOWES AIR SERVICES PTY LTD,1000000001
REVIR PTY LTD,1000000001
Karoon Energy Ltd,375000000
MONDIUM PTY LTD,125000000
COAL MINING INDUSTRY CORPORATION,125000000
Whitehaven Coal Limited,1000000001
Whitehaven Coal Mining Limited,1000000001
FORTESCUE METALS GROUP LTD,1000000001
Pit N Portal Equipment Hire Pty Ltd,750000000
COAL MINES INSURANCE PTY LTD,325000000
COAL SERVICES PTY LIMITED,325000000
MINES RESCUE PTY LIMITED,325000000
Hanlon Engineering & Associates,650000000
MIPAC PTY. LTD.,650000000
UPSTREAM PRODUCTION SOLUTIONS PTY LTD,650000000
METAROCK GROUP LIMITED,475000000
KOMATSU TA PTY LTD,1000000001
ASCC PROPERTY CUSTODIAN PTY LTD,175000000
NEW CENTURY RESOURCES LIMITED,425000000
DDH1 LIMITED,650000000
RANGER EXPLORATION DRILLING PTY LTD,650000000
STRIKE DRILLING PTY LTD,650000000
AUSTECH INSTRUMENTS PTY LIMITED,425000000
EX TESTING AND CERTIFICATION PTY LTD,425000000
ULLRICH ALUMINIUM PTY. LIMITED,1000000001
VULCAN STEEL PTY LTD,1000000001
Vulcan Steel Limited,1000000001
EROC HOLDINGS PTY LIMITED,275000000
REDPATH AUSTRALIA COAL PTY LTD,275000000
REDPATH AUSTRALIA PTY LIMITED,275000000
REDPATH CONTRACT SERVICES PTY LTD,275000000
Underaus Group Holdings Pty Ltd,275000000
ADVISIAN PTY LTD,1000000001
ENERGY RESOURCING AUSTRALIA PTY LIMITED,1000000001
INTECSEA PTY LTD,1000000001
WORLEY ENGINEERING PTY LIMITED,1000000001
WORLEY FINANCIAL SERVICES PTY LIMITED,1000000001
WORLEY SERVICES PTY LIMITED,1000000001
Stanley Black and Decker Australia Pty Ltd,375000000
SHARK BAY SALT PTY LTD,175000000
ICRA Cumnock Pty Ltd,1000000001
Vermilion Oil & Gas Australia Pty Ltd,125000000
KARARA MINING LIMITED,1000000001
Safety Mate Pty Ltd,50000000
OE JV CO PTY LIMITED,1000000001
ORIGIN ENERGY ELECTRICITY LIMITED,1000000001
ORIGIN ENERGY ERARING PTY LIMITED,1000000001
ORIGIN ENERGY HOLDINGS PTY LIMITED,1000000001
ORIGIN ENERGY LNG PORTFOLIO PTY LTD,1000000001
ORIGIN ENERGY LPG LIMITED,1000000001
ORIGIN ENERGY POWER LIMITED,1000000001
ORIGIN ENERGY RETAIL LIMITED,1000000001
ORIGIN ENERGY PTY LIMITED,1000000001
BARRICK ADMINISTRATION COMPANY PTY LTD,475000000
SARACEN MINERAL HOLDINGS LIMITED,1000000001
Lucas Total Contract Solutions,175000000
MEARS GROUP PTY LTD,650000000
TOTALENERGIES EP AUSTRALIA SAS,1000000001
TOTALENERGIES EP ICHTHYS BV,1000000001
TOTALENERGIES GLNG AUSTRALIA SAS,1000000001
ACELIGHT PTY. LIMITED,1000000001
CADELAN PTY LIMITED,1000000001
COPPER REFINERIES PTY. LTD.,1000000001
CUMNOCK COAL PTY LTD,1000000001
Glencore Investment Pty Limited,1000000001
GLENMURRIN PTY LIMITED,1000000001
GLIDECO Pty LIMITED,1000000001
HELIOS HAWK PTY LTD,1000000001
ISOKIND PTY. LIMITED,1000000001
MIDAS HAWK PTY LTD,1000000001
MINARA RESOURCES PTY LTD,1000000001
NORANDA PACIFIC No. 2 PTY LIMITED,1000000001
Ichthys LNG PL,1000000001
INPEX Alpha Ltd,1000000001
INPEX Holdings Australia Pty Ltd,1000000001
INPEX Ichthys Pty Ltd,1000000001
INPEX Oil and Gas Australia Pty Ltd,1000000001
INPEX Operations Australia Pty Ltd,1000000001
J RAY MCDERMOTT HOLDING PTY LTD,550000000
TRELLEBORG HOLDINGS AUSTRALIA PTY LTD,125000000
Ausenco Engineers Private Limited,950000000
Hemmera Envirochem Inc,950000000
ANGLO AMERICAN METALLURGICAL COAL PTY LTD,1000000001
CENTENNIAL AIRLY PTY LTD,1000000001
HUDSON GLOBAL RESOURCES PTY LIMITED,325000000
CATERPILLAR GLOBAL MINING EXPANDED PRODUCTS PTY LTD,1000000001
Osaka Gas Australia Pty Ltd,175000000
FMC AUSTRALASIA PTY LTD,225000000
DKSH AUSTRALIA PTY. LTD.,425000000
FLEETCO HOLDINGS PTY LIMITED,1000000001
FLEETCO RENTALS PTY LIMITED,1000000001
THIESS MONGOLIA HOLDINGS PTY LTD,1000000001
DIC AUSTRALIA PTY LIMITED,50000000
MITSUI E&P AUSTRALIA PTY LIMITED,750000000
3M AUSTRALIA PTY LTD,475000000
CHEVRON PTY LTD,1000000001
DIRECTHAUL PTY LIMITED,1000000001
Howden Australia Pty Ltd,125000000
PERILYA BROKEN HILL LIMITED,850000000
AGNEW GOLD MINING COMPANY PTY LIMITED,1000000001
AGNEW HOLDING COMPANY PTY LTD,1000000001
GRUYERE HOLDINGS PTY LTD,1000000001
GRUYERE MANAGEMENT PTY LTD,1000000001
GRUYERE MINING COMPANY PTY LTD,1000000001
GSM HOLDING COMPANY PTY LTD,1000000001
GSM MINING COMPANY PTY LTD,1000000001
ST IVES GOLD MINING COMPANY PTY LIMITED,1000000001
ST IVES HOLDING COMPANY PTY LTD,1000000001
ARGYLE DIAMONDS LIMITED,1000000001
Borax Europe Limited,1000000001
ENERGY RESOURCES OF AUSTRALIA LTD.,1000000001
Rio Tinto Escondida Ltd,1000000001
Rio Tinto European Holdings Ltd,1000000001
Rio Tinto London Limited,1000000001
Rio Tinto OT Management Limited,1000000001
Rio Tinto PLC,1000000001
BOGGABRI COAL PTY LIMITED,1000000001
AVFI PTY LTD,275000000
Callidus New Caledonia SARL,275000000
Callidus Process Solutions Madagascar SARL,275000000
CALLIDUS PROCESS SOLUTIONS PTY LTD,275000000
CALLIDUS WELDING SOLUTIONS PTY LTD,275000000
ENERGY CONSERVATION TECHNOLOGIES PTY LTD,275000000
Fire Protection Technologies Ltd New Zealand,275000000
FIRE PROTECTION TECHNOLOGIES PTY LTD,275000000
PON.BIKE PTY LTD,275000000
Prochem Group New Zealand Pty Ltd,275000000
PROCHEM PIPELINE PRODUCTS PTY LTD,275000000
FLSMIDTH ABON PTY LTD,550000000
WOODSIDE PETROLEUM LTD.,1000000001
Emerson automation solutions final control australia pty ltd,225000000
DOWNER EDI ENGINEERING POWER PTY LTD,1000000001
DOWNER EDI ENGINEERING PTY LIMITED,1000000001
DOWNER EDI LIMITED,1000000001
DOWNER EDI MINING PTY LTD,1000000001
DOWNER EDI RAIL PTY LTD,1000000001
DOWNER EDI SERVICES PTY LTD,1000000001
DOWNER EDI WORKS PTY LTD,1000000001
DOWNER UTILITIES HOLDINGS AUSTRALIA PTY LTD,1000000001
MINERAL TECHNOLOGIES PTY LTD,1000000001
SPOTLESS GROUP HOLDINGS LIMITED,1000000001
SPOTLESS GROUP LIMITED,1000000001
Bis Industries Holdings Limited,1000000001
GARNET INTERNATIONAL RESOURCES PTY LTD,425000000
Jadestone Energy Pty Ltd,1000000001
INCITEC FERTILIZERS PTY LIMITED,1000000001
SOUTHERN CROSS FERTILISERS PTY LTD,1000000001
WESTSIDE PETROLEUM CONSOLIDATED HOLDINGS PTY LIMITED,1000000001
PUMA ENERGY KWINANA PTY LTD,50000000
Metarock Group Ltd,475000000
Pybar,475000000
OMYA AUSTRALIA PTY LIMITED,175000000
AUSTRALIA PACIFIC LNG CSG PROCESSING PTY LIMITED,1000000001
AUSTRALIA PACIFIC LNG CSG TRANSMISSIONS PTY LIMITED,1000000001
AUSTRALIA PACIFIC LNG DOWNSTREAM HOLDINGS PTY LIMITED,1000000001
Australia Pacific LNG Gladstone Pipeline Pty Limited,1000000001
PALLION GROUP PTY LIMITED,1000000001
TASMANIAN ELECTRO METALLURGICAL COMPANY PROPRIETARY LIMITED,1000000001
BCI MINERALS LIMITED,175000000
GBF MINING AND INDUSTRIAL SERVICES PTY LTD,1000000001
GF HOLDINGS PTY LTD,1000000001
SEPL PTY LTD,1000000001
ACROW FORMWORK AND CONSTRUCTION SERVICES LIMITED,50000000
MYNBOU PTY LTD,275000000
NATIONAL GROUP CORPORATION PTY LTD,275000000
NATIONAL MINING SERVICES PTY LTD,275000000
NATIONAL PLANT AND EQUIPMENT PTY LIMITED,275000000
National Plant Services Pty Ltd,275000000
RESOLUTE EQUIPMENT PTY LTD,275000000
SAFECROSS PTY LTD,275000000
Wolff Equipment Pty Ltd,275000000
WOLFF GROUP PTY LTD,275000000
WOLFF MINING PTY LTD,275000000
FUJIFILM AUSTRALIA PTY LTD,650000000
FUJIFILM BUSINESS INNOVATION AUSTRALIA PTY LTD,650000000
FUJIFILM CSG LIMITED,650000000
FUJIFILM HOLDINGS AUSTRALASIA PTY LTD,650000000
AUSTRALIAN MUD COMPANY PTY LTD,375000000
Flexit Australia Pty Ltd,375000000
IMDEX INTERNATIONAL PTY LTD,375000000
Imdex Nominees Pty Ltd,375000000
Reflex Instruments Asia Pacific Pty Ltd,375000000
GLOBAL ADVANCED METALS PTY LTD,125000000
WILUNA MINING CORPORATION LIMITED,125000000
Cardno Limited,950000000
PERENTI GLOBAL LIMITED,1000000001
REDOX PTY LTD,750000000
Senex Energy Limited,125000000
EMECO INTERNATIONAL PTY LTD,1000000001
BAKER HUGHES DIGITAL SOLUTIONS AUSTRALIA PTY LTD,1000000001
BAKER HUGHES PRESSURE CONTROL AUSTRALIA PTY LTD,1000000001
PROCESS & PIPELINE SERVICES PTY LTD,1000000001
BOART LONGYEAR LIMITED,650000000
HSE GROUP HOLDINGS PTY LTD,425000000
KALARI PROPRIETARY LIMITED,425000000
KOMATSU MARKETING SUPPORT AUSTRALIA PTY LTD,1000000001
MITSUI COAL HOLDINGS PTY LTD,950000000
MITSUBISHI AUSTRALIA LIMITED,50000000
AMEC FOSTER WHEELER AUSTRALIA PTY LTD,175000000
AUS-OPS PTY LTD,175000000
INNOFIELD SERVICES PTY LTD,175000000
RIDER HUNT INTERNATIONAL PTY LTD,175000000
SVT Holdings Pty Ltd,175000000
WOOD AUSTRALIA PTY LTD,175000000
WOOD BECA LIMITED,175000000
WOOD GROUP KENNY AUSTRALIA PTY LTD,175000000
Nippon Coke & Engineering Co.,1000000001
Ltd.,1000000001
SUN RETAIL PTY LTD,1000000001
Peabody Investment Corporation,1000000001
WORLEYPARSONS FINANCIAL SERVICES PTY LIMITED,1000000001
CONTRACT GROUP PTY LTD,125000000
GILT-EDGED MINING NL,1000000001
Northern Star Pty Ltd,1000000001
AUSTRAL GOLD LIMITED,125000000
AIR LIQUIDE HEALTHCARE PTY. LTD.,325000000
RESOLUTE MINING LIMITED,750000000
Savanna Energy Services Pty Ltd,125000000
ME ELECMETAL AUSTRALIA PTY LTD,50000000
ERM POWER LIMITED,1000000001
Ausenco Africa Limited,425000000
Ausenco Americas LLC,425000000
Ausenco Beijing Limited,425000000
Ausenco Business Services Sdn Bhd,425000000
Ausenco Canada Inc,425000000
Ausenco Engineering Canada Inc,425000000
Ausenco Engineers private Limited,425000000
AUSENCO GLOBAL PTY LTD,425000000
Ausenco Global Services Limited,425000000
Ausenco Peru SAC,425000000
Ausenco Projects Limited,425000000
Ausenco PSI Inc,425000000
Ausenco Saudi Arabia Ltd,425000000
Ausenco Senegal SARL,425000000
Ausenco Sierra Leone Pty Ltd,425000000
AUSENCO SOLUTIONS PTY LTD,425000000
Ausenco Solutions Quebec Inc,425000000
Ausenco South Africa Pty Ltd,425000000
Ausenco USA Inc.,425000000
Forestal Enterprises Ltd,425000000
Forestal International Consultant Inc,425000000
Pipelines Systems Incorporated Ltd,425000000
Pipeline Systems International Australia Pty Ltd,425000000
PSI Engineering Ltd,425000000
PT Ausenco Indonesia,425000000
Sandwell Engineers Pty Ltd,425000000
The trustee for Ausenco Foundation,425000000
Vector Argentina S.A.,425000000
Vector Engineering Inc,425000000
Fire Protection Technologies Pty Ltd,375000000
TOTALENERGIES EP AUSTRALIA S.A.S.,1000000001
TOTAL E&P ICHTHYS B.V.,1000000001
TOTAL GLNG AUSTRALIA S.A.S.,1000000001
NEWMONT GOLDCORP TANAMI PTY LTD,1000000001
DOF Management Australia Pty Ltd,50000000
DOF SUBSEA AUSTRALIA PTY LTD,50000000
KELLOGG BROWN & ROOT PTY LTD,475000000
INPEX ALPHA LTD,1000000001
CITIC Portland Holdings Pty Ltd,750000000
CADELAN PTY LTD,1000000001
GLIDECO PTY LIMITED,1000000001
HELIOS AUSTRALIA PTY LIMITED,1000000001
JONSHA PTY LIMITED,1000000001
NORANDA PACIFIC NO 2 PTY LIMITED,1000000001
LYONDELLBASELL AUSTRALIA PTY LTD,225000000
Weir Group Limited,1000000001
Weir Minerals Australia Limited,1000000001
GOLD ROAD RESOURCES LIMITED,275000000
BP DEVELOPMENTS AUSTRALIA PTY LTD,1000000001
QMAG PTY LIMITED,175000000
QMCH Pty Ltd,175000000
QMC PTY LIMITED,175000000
QMC REFMAG PTY LTD,175000000
QUEENSLAND MAGNESIA PTY LTD,175000000
PanAust Limited,750000000
WORMALD AUSTRALIA PTY LTD,275000000
ANGLO AMERICAN METALLURGICAL COAL ASSETS EASTERN AUSTRALIA LIMITED,1000000001
ANGLO AMERICAN METALLURGICAL COAL ASSETS PTY LTD,1000000001
ANGLO AMERICAN METALLURGICAL COAL HOLDINGS LIMITED,1000000001
ANGLO COAL HOLDINGS PTY LTD,1000000001
ANGLO COAL LIMITED,1000000001
ANGLO COAL PTY LTD,1000000001
MORANBAH NORTH COAL PTY LTD,1000000001
WESTERN AUSTRALIAN SPECIALTY ALLOYS PTY. LTD.,175000000
TAIPOWER BENGALLA PTY. LIMITED,175000000
MACH Australia Holdings Pty Ltd,750000000
MACH Energy Australia Pty Ltd,750000000
Coronado Global Resources Inc.,1000000001
IDEMITSU AUSTRALIA RESOURCES PTY LTD,1000000001
CHANDLER MACLEOD GROUP LIMITED,1000000001
Ampol Limited,1000000001
HARVEST ROAD GROUP PTY LTD,1000000001
TATTARANG CAPITAL PTY LTD,1000000001
THE MSPC TRUST,1000000001
The Trustee for THE PEEPINGEE TRUST,1000000001
STANMORE COAL LIMITED,275000000
SEPL Pty Ltd,1000000001
INCYCLE SHOTCRETE PTY LIMITED,325000000
RUC CEMENTATION MINING CONTRACTORS PTY LTD,325000000
ENERGY WORLD CORPORATION LTD,225000000
Lucas Total Contract Solutions Pty Ltd,175000000
Orocobre Limited,125000000
CONV AUSTRALIA HOLDING PTY LTD,375000000
RONALD E. GRAHAM PTY LTD,375000000
E & A LIMITED,175000000
Boom Logistics Limited,175000000
Gold Corporation,1000000001
EMERSON AUTOMATION SOLUTIONS FINAL CONTROL AUSTRALIA PTY LIMITED,225000000
LYNAS AFRICA HOLDINGS PTY LTD,650000000
MARUBENI COAL PTY. LTD.,325000000
DITH AUSTRALIA PTY LTD,275000000
SENEX ENERGY LIMITED,125000000
KUNDANA GOLD PTY LIMITED,1000000001
JEEBROPILLY COLLIERIES PTY. LTD.,1000000001
NEW HOPE COAL MARKETING PTY LTD,1000000001
JOY GLOBAL SURFACE PTY LTD,650000000
P & H MINE PRO SERVICES PTY LTD,650000000
MODULAR MINING SYSTEMS PTY. LIMITED,125000000
SOJITZ MOOLARBEN RESOURCES PTY LTD,175000000
NEWCREST INTERNATIONAL PTY LTD,1000000001
MINOVA AUSTRALIA PTY LTD,1000000001
CALIBRE GROUP PTY LTD,475000000
Brenntag Australia Pty. Ltd.,125000000
SUMISHO COAL AUSTRALIA PTY LIMITED,175000000
REDOX GROUP PTY LTD,750000000
WORLEY ECR PTY LTD,1000000001
EnerMech Pty Limited,125000000
MINTEG PTY LTD,125000000
AUSENCO LIMITED,425000000
Amari Metals Australia Pty Ltd,275000000
BLIGH RESOURCES LIMITED,1000000001
SARACEN GOLDFIELDS PTY LTD,1000000001
SARACEN GOLD MINES PTY LIMITED,1000000001
SARACEN KALGOORLIE PTY LIMITED,1000000001
SARACEN METALS PTY LIMITED,1000000001
SARACEN NICKEL PTY LTD,1000000001
S R Mining Pty Ltd,1000000001
TALISMAN NICKEL PTY LTD,1000000001
