Ticker,Name, Market Cap , Revenue:Y , Tot Assets:Y ,Number of Employees:Y,Sec Type,BICS L1 Sect Nm,BICS L2 IG Nm,BICS L3 Ind Nm,BICS L4 Sub Ind Nm,BICS L5 Seg Nm,BICS L6 Seg Nm,CIE_DES_BULK
WOR AU Equity,WORLEY LTD,7344458650,11222000000,11018999808,45500,Common Stock,Industrials,Industrial Services,Engineering & Construction,Infrastructure Construction,Energy Infra Construction,Oil & Gas Infra Construction,"Worley Limited provides consulting and advisory services. The Company offersproject and asset services in the energy, chemicals, and resources sectors.Worley serves customers worldwide."
DOW AU Equity,DOWNER EDI LTD,4875624910,10481500000,6479000064, ,Common Stock,Industrials,Industrial Services,Engineering & Construction,Infrastructure Construction,Transportation Infra Const, ,"Downer EDI Limited provides engineering and infrastructure management servicesto the public and private rail, road, power, telecommunications, mining andresources sectors in Australia, New Zealand, Asia and the Pacific.  Downerprovides rolling stock services, drilling services for the exploration industry,mine planning and management services and highway maintenance."
VNT AU Equity,VENTIA SERVICES GROUP PTY LT,4431865127,6105500000,2941799936, ,Common Stock,Industrials,Industrial Services,Engineering & Construction,Infrastructure Construction, , ,"Ventia Services Group Pty Limited provides infrastructure services. The Companyoffers asset management, capital works, operations and maintenance, networkdesign, architecture, facility management, and environmental services. VentiaServices Group serves customers in Australia and New Zealand."
LLC AU Equity,LENDLEASE GROUP,3761551158,7749000000,14133000192, ,Stapled Security,Industrials,Industrial Services,Engineering & Construction,Building Construction, , ,"Lendlease Group designs, develops, and manages property and infrastructureassets. The Company constructs apartments, commercial buildings, governmentoffices, retirement living, and educational facilities. Lendlease servescustomers worldwide."
MND AU Equity,MONADELPHOUS GROUP LTD,2132499774,2153156000,1005230016,7375,Common Stock,Industrials,Industrial Services,Engineering & Construction,Engineering Services, , ,"Monadelphous Group Limited provides engineering and construction services to theresources and petrochemical industries. The Company provides mining andprocessing industry maintenance, mining equipment refurbishment, projectmanagement, construction, and airport ground handling services. MonadelphousGroup serves customers in Australia."
DBI AU Equity,DALRYMPLE BAY INFRASTRUCTURE,2111944701,766542000,3418258944, ,Stapled Security,Industrials,Industrial Services,Engineering & Construction,Infrastructure Construction, , ,Dalrymple Bay Infrastructure Limited provides infrastructure constructionservices. The Company offers port infrastructure and services for producers andconsumers of coal exports. Dalrymple Bay Infrastructure serves clients inAustralia.
MGH AU Equity,MAAS GROUP HOLDINGS LTD,1597490519,1040011000,1992478976, ,Common Stock,Industrials,Industrial Services,Engineering & Construction,Infrastructure Construction, , ,"Maas Group Holdings Limited is a construction materials, equipment, andrelated services providing company. The Company focuses on civil,infrastructure, and mining end markets. Maas Group Holdings serves customers inAustralia."
SSM AU Equity,SERVICE STREAM LTD,1422851647,2326464000,1045945984,5300,Common Stock,Industrials,Industrial Services,Engineering & Construction,Infrastructure Construction,Communication Infra Const, ,"Service Stream Limited is a specialized fixed, wireless and broadbandtelecommunications service provider. The Company acquires property, plans,approves, designs, constructs, installs, commissions, and provides ongoingmaintenance forwireless communications facilities. The Company also providesinstallation, construction and maintenance services for the telecom industry."
SRG AU Equity,SRG GLOBAL LTD,1195837864,1323307000,855316992, ,Common Stock,Industrials,Industrial Services,Engineering & Construction,Infrastructure Construction, , ,"SRG Global Limited operates as a construction services company. The Companyconstructs skyscrapers, bridges, dams, structures, transport infrastructures,and oil and gas projects, as well as offers drilling support, civil engineering,and industrial maintenance services. SRG Global serves customers worldwide."
TEA AU Equity,TASMEA LTD,1165490693,547914000,493556000, ,Common Stock,Industrials,Industrial Services,Engineering & Construction,Engineering Services, , ,"Tasmea Limited is a skilled services company. The Company provides essentialmaintenance, engineering, and specialized project services and solutions.Tasmea serves mining, resources, oil, gas, waste, water, power, renewableenergy, defense, and infrastructure industries in Australia."
JLG AU Equity,JOHNS LYNG GROUP LTD,1117662980,1179887000,1029160000, ,Common Stock,Industrials,Industrial Services,Engineering & Construction,Building Construction, , ,"Johns Lyng Group Limited provides non-residential construction services. TheCompany offers construction, building, and support services, as well assoftware products, home maintenance, and call center services. Johns Lyng Groupserves clients in Australia."
CVL AU Equity,CIVMEC LTD,676342240,810586000,911899008, ,Common Stock,Industrials,Industrial Services,Engineering & Construction,Engineering Services, , ,"Civmec Australia Limited operates as an engineering service firm. The Companyoffers an end-to-end integrated heavy engineering, construction, andmaintenance services. Civmec Australia serves customers worldwide."
GNG AU Equity,GR ENGINEERING SERVICES LTD,658013545,479020483,192505920, ,Common Stock,Industrials,Industrial Services,Engineering & Construction,Engineering Services, , ,"GR Engineering Services Ltd is an engineering consulting and contractingcompany. The Company specializes in providing process engineering design andconstruction services to the mining and minerals processing industries. GR'sservices cover all aspects of the project life cycle from the initial evaluationand study phase through to design, construction, commissioning and support."
SXE AU Equity,SOUTHERN CROSS ELECTRICAL,520595986,801454000,421044000,1900,Common Stock,Industrials,Industrial Services,Engineering & Construction,Building Construction, , ,"Southern Cross Electrical Engineering Limited provides electrical engineeringand communications technology solutions. The Company offers electrical,instrumentation, communication and maintenance services for constructionprojects. Southern Cross Electrical Engineering serves customers in Australia."
DUR AU Equity,DURATEC LTD,517458683,573028000,251374000, ,Common Stock,Industrials,Industrial Services,Engineering & Construction,Infrastructure Construction, , ,"Duratec Limited provides construction services. The Company specializes inthe protection and re-mediation of steel and concrete structures, as well asoffers asset protection, building refurbishment, infrastructure upgrading,recladding, and durability engineering services. Duratec serves customersworldwide."
WGN AU Equity,WAGNERS HOLDING CO LTD,509295761,431268000,417560000, ,Common Stock,Industrials,Industrial Services,Engineering & Construction,Infrastructure Construction, , ,"Wagners Holding Company Ltd operates as a holding company. The Company, throughits subsidiaries, provides infrastructure construction services. WagnersHolding constructs roads and tunnels, bridges, airports, mining and gas plants,dams, and other infrastructure projects. Wagners Holding also offersconstruction materials and mining services in Australia and worldwide."
LYL AU Equity,LYCOPODIUM LTD,482048941,333935642,241082752, ,Common Stock,Industrials,Industrial Services,Engineering & Construction,Engineering Services, , ,"Lycopodium Limited is an engineering consulting firm. The Company, through itssubsidiaries, provides consulting engineering services to both themining and manufacturing industries as well as provides specialist services tothe minerals resource industry. Lycopodium serves customers worldwide."
SYL AU Equity,SYMAL GROUP LTD,405015630,879600000,362372192, ,Common Stock,Industrials,Industrial Services,Engineering & Construction,Infrastructure Construction, , ,"Symal Group Limited operates as a construction services. The Company offersconstruction contracting and engineering services, specializing in the roads,rail, defence, justice, ports, and energy sectors. Symal Group serves customersin Australia."
SHA AU Equity,SHAPE AUSTRALIA PTY LTD,375701670,956853000,275065984,686,Common Stock,Industrials,Industrial Services,Engineering & Construction,Building Construction,Commercial Building Const, ,"Shape Australia Pty Limited provides construction services. The Companyoffers general contracting, design, construction management, consulting, valueengineering, and contract delivery services. Shape Australia serves customers inAustralia."
ACF AU Equity,ACROW LTD,317241618,241660570,406143040, ,Common Stock,Industrials,Industrial Services,Engineering & Construction,Infrastructure Construction, , ,"Acrow Limited provides engineered industrial and construction services. TheCompany offers formwork, scaffolding, falsework and shoring, and screensolutions to residential, commercial, civil, and industrial sectors, as well asin house engineering and industrial labour services. Acrow serves customers inAustralia."
AAL AU Equity,ALFABS AUSTRALIA LTD,157623405,95498020,131813680, ,Common Stock,Industrials,Industrial Services,Engineering & Construction,Engineering Services, , ,"Alfabs Australia Limited provides mining and engineering services. The Companyoffers fabrication of heavy structural steel, detailed pipe duct work, forkliftand access, mining equipment, and protective coatings, as well as transport andlogistics services. Alfabs Australia serves customers in Australia."
KOV AU Equity,KORVEST LTD,153113689,119568000,90380000,262,Common Stock,Industrials,Industrial Services,Engineering & Construction,Building Construction, , ,"Korvest Limited manufactures and distributes hot dip galvanizing, painting, andpowder coating and related products to the heating, air conditioning, andbuilding industries.  The Company also makes aluminum castings, Ezy Strut cableand pipe support systems and fittings."
MYG AU Equity,MAYFIELD GROUP HOLDINGS LTD,141328990,118144726,65950476, ,Common Stock,Industrials,Industrial Services,Engineering & Construction,Infrastructure Construction, , ,"Mayfield Group Holdings Limited operates as a holding company. The Company,through its subsidiaries, owns and operates an extensive fleet of heavyearthmoving equipment and provides operational solutions such as overburdenremoval, bulk dozer push, coal and reject haulage, stockpile management, and pitservices management. Mayfield Group Holdings serves customers in Australia."
EGL AU Equity,ENVIRONMENTAL GROUP LTD/THE,104636894,111921268,91059784,250,Common Stock,Industrials,Industrial Services,Engineering & Construction,Engineering Services,Environmental Engineering Svcs, ,"The Environmental Group Limited supplies gas and vapor emission control systems,water treatment systems and engineering services to a variety of industries.The Company provides flaring systems for disposal of gases from offshore rigsand plants, provides low emission burners and combustion systems, watertreatment and purification and other environmental control services."
TWD AU Equity,TAMAWOOD LTD,99075950,100692000,53030000, ,Common Stock,Industrials,Industrial Services,Engineering & Construction,Building Construction, , ,"Tamawood Limited builds residential homes and has arrangements with affiliatedbuilders to construct Tamawood homes in Queensland.  Tamawood also aids buyersand clients with design, color selections, estimating, certification, financeapprovals, land selection, site costings, supplier negotiations and buildingcontracts between the two parties."
VBC AU Equity,VERBREC LTD,32138707,85617000,49408000, ,Common Stock,Industrials,Industrial Services,Engineering & Construction,Engineering Services,Construction Engineering Svcs, ,"Verbrec Limited designs, builds, installs, and services electrical and controlsystems for major projects primarily for the resources, energy, and utilitiesindustries."
AVD AU Equity,AVADA GROUP LTD,18685706,183095000,108175000, ,Common Stock,Industrials,Industrial Services,Engineering & Construction,Engineering Services,Ind & Traffic Engineering Svcs, ,Avada Group Limited operates as an engineering firm. The Firm offers trafficmanagement and ancillary services to the civil infrastructure and maintenancesectors. Avada Group serves clients in Australia.
ECT AU Equity,ENVIRONMENTAL CLEAN TECHNOLO,16597264,14464,3264430, ,Common Stock,Industrials,Industrial Services,Engineering & Construction,Engineering Services,Environmental Engineering Svcs, ,"Environmental Clean Technologies Limited provides clean coal technology throughits patented Coldry process which produces upgraded, clean, dewatered, highenergy coal in pellet form.  The Company, through its Matmor process, producessteel from iron ore tailings, brown coal and limestone."
SOP AU Equity,SYNERTEC CORP LTD,14541364,17797096,16876602,103,Common Stock,Industrials,Industrial Services,Engineering & Construction,Engineering Services, , ,"Synertec Corp Ltd provides engineering consultancy services. The Company offersfeasibility studies, commissioning, project management, scheduling,installation, building management, inspection, and maintenance services.Synertec serves oil and gas, pharmaceutical, and petrochemical sectorsworldwide."
BSA AU Equity,BSA LTD,9789034,286983000,46601000, ,Common Stock,Industrials,Industrial Services,Engineering & Construction,Building Construction, , ,"BSA Limited is an Australian communications and technical services companyprimarily providing services to the telecommunications, broadcast, and utilitiessectors. The Company's services includes installation, repair, maintenance, andsupport to its customers."
HYD AU Equity,HYDRIX LTD,4091533,10092472,8624474,60,Common Stock,Industrials,Industrial Services,Engineering & Construction,Engineering Services, , ,"Hydrix Ltd designs and manufactures medical devices. The Company offersprogrammable cochlear modules, ventricular assist devices, biosensors, x-raymachines, sensing eyewear, and clever culture systems. Hydrix serves customersworldwide."
OLH AU Equity,OLDFIELDS HOLDINGS LTD,3195887,24188000,20884000, ,Common Stock,Industrials,Industrial Services,Engineering & Construction,Infrastructure Construction, , ,"Oldfields Holdings Limited manufactures and sells paint application products,painters tools and related products to the hardware and paint industry.  TheCompany also constructs and rents out scaffolding and scaffolding equipment tothe building and construction industry."
2183Z AU Equity,7C HOLDINGS PTY LTD,   ,   ,   ,50,Private Comp,Industrials,Industrial Services,Engineering & Construction,Engineering Services,Architectural Services, ,"7C Holdings Pty. Ltd., doing business as Woods Bagot, operates as a holdingcompany. The Company offers interior designing, residential and workplacearchitecture, master planning, and other related services. Woods Bagot servesclients worldwide."
BRS AU Equity,BROADSPECTRUM PTY LTD,   ,3790000000,2509700096, ,Common Stock,Industrials,Industrial Services,Engineering & Construction,Engineering Services,Construction Engineering Svcs, ,"Broadspectrum Pty Ltd design, fund, construct, operate, and maintain projectsand infrastructure assets. The Company provides logistics, consulting,facilities management, construction,operations, maintenance, well servicing,and business support services. Broadspectrum serves customers in Australia."
1704Z AU Equity,GSA GROUP,   ,   ,   ,699,Private Comp,Industrials,Industrial Services,Engineering & Construction,Building Construction, , ,GSA Group Pty. Ltd. provides plumbing services. The Company operates worldwide.
40626Z AU Equity,BISHOP TECHNOLOGY GROUP LTD,   ,   ,   ,127,Private Comp,Industrials,Industrial Services,Engineering & Construction,Engineering Services, , ,"Bishop Technology Group Limited provides engineering services. The Companyoffers intellectual property, tooling, special purpose machines, and componentsto automotive original equipment manufacturers."
APK AU Equity,AUSTRALIAN POWER & GAS CO LT,   ,483643000,225459008,140,Common Stock,Industrials,Industrial Services,Engineering & Construction,Infrastructure Construction,Utility Line Construction, ,"Australian Power and Gas Company Limited is a retail energy provider.  TheCompany buys energy from the traded market at wholesale rates, pays networkcompanies to deliver it and bills it's customers at retail rates."
3497311Z AU Equity,SPECIALISED WELDING AUSTRALI,   ,   ,   , ,Private Comp,Industrials,Industrial Services,Engineering & Construction,Engineering Services, , ,Specialised Welding Australia Pty Ltd was founded in 2003. The Company's lineof business includes manufacturing fabricated structural metal and steel orother metal products for structural purposes.
2258679Z AU Equity,POSITRON GROUP PTY LTD,   ,   ,   , ,Private Comp,Industrials,Industrial Services,Engineering & Construction,Engineering Services, , ,Positron Group Pty Ltd operates as an engineering service company.
2733849Z AU Equity,GOLDING CONTRACTORS PTY LTD,   ,   ,   , ,Private Comp,Industrials,Industrial Services,Engineering & Construction,Infrastructure Construction, , ,"Golding Contractors Pty Ltd offers construction services. The Company providesconstruction, mining, civil, and marine construction services. GoldingContractors operates in Australia."
3598621Z AU Equity,KT PTY LTD,   ,   ,   , ,Private Comp,Industrials,Industrial Services,Engineering & Construction,Building Construction, , ,"K & T Pty Ltd provides construction services. The Company constructs bridges,roads, railway lines, live gas lines and high voltage power lines, as well aspipelines for the oil and gas industry. K & T serves customers in Australia."
THO AU Equity,THO SERVICES LTD,   ,368283,2287367, ,Common Stock,Industrials,Industrial Services,Engineering & Construction,Building Construction, , ,"THO Services Ltd is a building contractor which provides constructioncontracting and design and construction management services.  The Company alsoprovides services for the upgrade, repair and maintenance for industrial andmining companies along with electrical and building services for the propertyand facility management industries."
9629767Z AU Equity,PAZ NO 2 PTY LTD,   ,   ,   , ,Private Comp,Industrials,Industrial Services,Engineering & Construction,Building Construction, , ,Paz No. 2 Pty. Ltd. provides Building Construction services.
9849534Z AU Equity,FUGRO AG PTY LTD,   ,   ,   , ,Private Comp,Industrials,Industrial Services,Engineering & Construction,Engineering Services, , ,"Fugro AG Pty Ltd offers engineering services. The Company providesgeotechnical, designing, testing, route survey, site assessment,geo-monitoring, flood risk mapping, groundwater, water defense, and otherengineering services. Fugro Ag serves customers worldwide."
GNV AU Equity,GREEN INVEST LTD,   ,238563,1902698, ,Common Stock,Industrials,Industrial Services,Engineering & Construction,Engineering Services,Environmental Engineering Svcs, ,"Green Invest Ltd., through subsidiaries, offers environmental assessments forbusinesses, installs water and energy saving devices and solar hot watersystems, and brokers carbon credits and renewable energy certificates."
0674585D AU Equity,NORMAN DISNEY YOUNG & PARTNE,   ,   ,   , ,Private Comp,Industrials,Industrial Services,Engineering & Construction,Engineering Services,Architectural Services, ,Norman Disney Young & Partners Pty Ltd provides professional architecturalservices.
315083Z AU Equity,IT ENVIRONMENTAL AUSTRALIA P,   ,   ,   , ,Private Comp,Industrials,Industrial Services,Engineering & Construction,Engineering Services,Environmental Engineering Svcs, ,IT Environmental (Australia) Pty Ltd provides environmental engineeringservices.
2860717Z AU Equity,GOREY & COLE DRILLERS PTY LT,   ,   ,   , ,Private Comp,Industrials,Industrial Services,Engineering & Construction,Building Construction, , ,"Gorey & Cole Drillers Pty. Ltd. provides water well drilling services. TheCompany conducts drilling programs, pump installation, testing, mud drillingservices, and wire line diamond coring, while also specializing in drilling andconstructing of water bores. Gorey & Cole Drillers serves customers throughoutAustralia."
6028758Z AU Equity,INDARA INFRASTRUCTURE HOLDIN,   ,   ,   , ,Private Comp,Industrials,Industrial Services,Engineering & Construction,Infrastructure Construction,Communication Infra Const, ,"Indara Infrastructure Holdings Pty Ltd operates as a digital infrastructurecompany. The Company owns, builds, operates, and manages physical anddigital infrastructure. Indara Infrastructure Holdings serves customers inAustralia."
0509904D AU Equity,DOWNER GROUP FINANCE PTY LTD,   ,   ,   , ,Private Comp,Industrials,Industrial Services,Engineering & Construction,Engineering Services,Construction Engineering Svcs, ,"Downer Group Finance Pty Limited operates as a construction engineeringservices company. The Company offers infrastructure, asset management, designs,builds, sustains assets, and contract mining services. Downer Group Financeserves clients in Australia and New Zealand."
0498135D AU Equity,C2CE PTY LTD,   ,   ,   , ,Private Comp,Industrials,Industrial Services,Engineering & Construction,Engineering Services, , ,"Wabtec Control Systems Pty Ltd provides engineering services. The Companyprovides value-added, technology-based products and services for rail and otherindustrial markets."
9747745Z AU Equity,ACN 056 583 183 PTY LTD,   ,   ,   , ,Private Comp,Industrials,Industrial Services,Engineering & Construction,Engineering Services, , ,A.C.N. 056 583 183 Pty Ltd provides engineering services. The Company operatesin Australia.
0365098D AU Equity,WORKBOATS NORTHERN AUSTRALIA,   ,   ,   , ,Private Comp,Industrials,Industrial Services,Engineering & Construction,Engineering Services, , ,Workboats Northern Australia Pty Ltd was founded in 2005. The company's line ofbusiness includes providing professional engineering services.
0364719D AU Equity,JOHN HOLLAND PTY LTD,   ,   ,   , ,Private Comp,Industrials,Industrial Services,Engineering & Construction,Engineering Services, , ,"John Holland Pty. Ltd. provides construction and engineering services. TheCompany offers requirements analysis and specification development, tendermanagement and evaluation, project management, procurement options analysis,training program development, calibration, and tunneling services. John Hollandserves customers throughout Australia."
0364061D AU Equity,LCT MRE NOMINEES PTY LTD,   ,   ,   , ,Private Comp,Industrials,Industrial Services,Engineering & Construction,Building Construction, , ,LCT-MRE Nominees Pty Limited provides building construction services.
NFK AU Equity,RCR INFRASTRUCTURE GROUP XNF,   ,936672000,330608000,2931,Common Stock,Industrials,Industrial Services,Engineering & Construction,Infrastructure Construction, , ,#N/A N/A
0278417D AU Equity,BROOKFIELD AUSTRALIA INVESTM,   ,   ,   ,1221,Private Comp,Industrials,Industrial Services,Engineering & Construction,Infrastructure Construction, , ,"Brookfield Australia Investments Ltd. offers infrastructure, commercial office,construction, and services. The Company activities includes constructionservices and project management, property development, and property relatedfunds management."
0356591D AU Equity,MANCALA HOLDINGS PTY LTD,   ,   ,   , ,Private Comp,Industrials,Industrial Services,Engineering & Construction,Engineering Services, , ,Mancala Holdings Pty Ltd was founded in 1991. The company's line of businessincludes providing general contracting services such as constructing heavyconstruction projects.
0366598D AU Equity,TRIVANTAGE GROUP PTY LTD,   ,   ,   , ,Private Comp,Industrials,Industrial Services,Engineering & Construction,Building Construction, , ,"Trivantage Group Pty. Ltd. provides electrical work and services. The Companyoffers audio visual, CCTV, data communications, facilities management, firedetection, light and power, mechanical services, refrigeration,security, and switchboards."
0366175D AU Equity,A1 EARTHWORX PTY LTD,   ,   ,   , ,Private Comp,Industrials,Industrial Services,Engineering & Construction,Engineering Services, , ,"A1 Earthworx Pty Ltd provides civil earthworks services. The Company offersearthworks, road construction rehabilitation services, wet and dry equipmenthire, subdivision development, and demolition. A1 Earthworx serves customers inAustralia."
6037206Z AU Equity,QUEST GLOBAL ENGINEERING PTY,   ,   ,   , ,Private Comp,Industrials,Industrial Services,Engineering & Construction,Engineering Services, , ,Quest Global Engineering Pty Ltd provides professional engineering services.
9855162Z AU Equity,ACROW INDUSTRIAL SERVICES GR,   ,   ,   , ,Private Comp,Industrials,Industrial Services,Engineering & Construction,Engineering Services,Architectural Services, ,"Acrow Industrial Services Group Pty Ltd, doing business as Acrow Limited,provides architectural  construction services. The Company offers falsework,shoring, scaffolding, hardware,and consumables products, as well as ATECtraining, education centre, engineering, and design services. Acrow Limitedserves customers in Australia."
9744233Z AU Equity,FERO GROUP PTY LTD,   ,   ,   , ,Private Comp,Industrials,Industrial Services,Engineering & Construction,Infrastructure Construction, , ,Fero Group Pty Ltd was founded in 1983. The company's line of business includesproviding general contracting services such as constructing heavy constructionprojects.
9642175Z AU Equity,BLOOMER CONSTRUCTIONS QLD PT,   ,   ,   , ,Private Comp,Industrials,Industrial Services,Engineering & Construction,Building Construction, , ,Bloomer Constructions (Qld) Pty Ltd provides construction services.
0611046D AU Equity,ENERGY INFRASTRUCTURE MANAGE,   ,   ,   , ,Private Comp,Industrials,Industrial Services,Engineering & Construction,Infrastructure Construction, , ,"Energy Infrastructure Management Pty Ltd provides infrastructure constructionservices. The Company offers engineering, project execution, operations, andmaintenance of pipelines. Energy Infrastructure Management serves customers inAustralia."
9712963Z AU Equity,AIRMASTER CORP PTY LTD,   ,   ,   , ,Private Comp,Industrials,Industrial Services,Engineering & Construction,Building Construction, , ,"Airmaster Australia Pty. Ltd. was founded in 1987. The company's line ofbusiness includes providing plumbing, heating, air-conditioning, and similarwork."
WTP AU Equity,WATPAC LTD,   ,1080003000,457823008, ,Common Stock,Industrials,Industrial Services,Engineering & Construction,Building Construction,Commercial Building Const, ,"Watpac Limited is an Australia-wide company focusing on construction, civilinfrastructure, civil landscaping, mining, property development, specialtyservices construction, & refurbishments. The Company's clients include local,State & Federal Government agencies, private developers, retailers, commercial &industrial entities, mining companies, sports & community organisations."
6926157Z AU Equity,CTEC PTY LTD,   ,   ,   , ,Private Comp,Industrials,Industrial Services,Engineering & Construction,Engineering Services, , ,Ctec Pty Ltd was founded in 2003. The Company's line of business includesproviding professional engineering services.
6923869Z AU Equity,ROBERT BIRD GROUP PTY LTD,   ,   ,   , ,Private Comp,Industrials,Industrial Services,Engineering & Construction,Engineering Services, , ,Robert Bird Group Pty Ltd was founded in 1982. The Company's line of businessincludes providing professional engineering services.
6916661Z AU Equity,DOWNER UTILITIES HOLDINGS AU,   ,   ,   , ,Private Comp,Industrials,Industrial Services,Engineering & Construction,Infrastructure Construction,Utility Line Construction, ,"Downer Utilities Holdings Australia Pty Ltd. operates as a holding company. TheCompany, through its subsidiaries, provides engineering services which includestransport, utilities, technology and communication, rail, mining, commercialand leisure, construction, network management, and logistics services. DownerUtilities Holdings Australia serves customers in Australia and New Zealand."
6046854Z AU Equity,ROB CARR PTY LTD,   ,   ,   , ,Private Comp,Industrials,Industrial Services,Engineering & Construction,Infrastructure Construction, , ,Rob Carr Pty. Ltd. provides general contracting services such as constructingbridges and tunnels. The Company offers pipe jacking and microtunnelingprojects covering a range of tunnel diameters. Rob Carr serves customers inAustralia.
6034486Z AU Equity,NACAP PTY LTD,   ,   ,   , ,Private Comp,Industrials,Industrial Services,Engineering & Construction,Infrastructure Construction,Energy Infra Construction, ,"Nacap Pty Ltd constructs steel transmission pipelines. The Companydesigns pipelines for oil and gas, water, slurry, power, and telecommunicationsectors. Nacap serves LNG, oil, gas, and mining markets throughoutAustralia."
0374199D AU Equity,INTEGRATED WIRELESS PTY LTD,   ,   ,   , ,Private Comp,Industrials,Industrial Services,Engineering & Construction,Building Construction, , ,Integrated Wireless Pty Ltd was founded in 1988. The company's line of businessincludes providing special trade contracting services.
6027246Z AU Equity,SMEC HOLDINGS LTD,   ,   ,   , ,Private Comp,Industrials,Industrial Services,Engineering & Construction,Engineering Services, , ,Smec Holdings Ltd. was founded in 1949. The Company's line of businessincludes providing professional engineering services.
7725736Z AU Equity,ARMSTRONG CEILING SOLUTIONS,   ,   ,   , ,Private Comp,Industrials,Industrial Services,Engineering & Construction,Building Construction, , ,"Armstrong World Industries Pty Ltd was founded in 1961. The Company's line ofbusiness includes providing plastering, drywall, and insulation services andinstallation."
SDM AU Equity,SEDGMAN PTY LTD,   ,350818000,274894016,648,Common Stock,Industrials,Industrial Services,Engineering & Construction,Engineering Services, , ,"Sedgman Pty Limited provides mineral processing and infrastructuresolutions. The Company offers procurement, planning, engineering, projectdevelopment, and operation services to coal industry, as well as renderscoal processing and materials handling technologies. Sedgman serves customersin Australia."
724864Z AU Equity,TRELLEBORG MARINE SYSTEMS AU,   ,   ,   , ,Private Comp,Industrials,Industrial Services,Engineering & Construction,Engineering Services, , ,Trelleborg Marine Systems Melbourne Pty Ltd was founded in 2001. The company'sline of business includes providing various business services.
966002Z AU Equity,DECMIL AUSTRALIA PTY LTD,   ,   ,   , ,Private Comp,Industrials,Industrial Services,Engineering & Construction,Building Construction, , ,"Decmil Australia Pty. Ltd. provides construction services. The Company offersengineering, construction, maintenance, and industrial services to mining, andenergy projects. Decmil Australia operates in Australia."
6056574Z AU Equity,DECMIL SOUTHERN PTY LTD,   ,   ,   , ,Private Comp,Industrials,Industrial Services,Engineering & Construction,Engineering Services, , ,Cut And Fill Pty. Limited was founded in 1978. The Company's line of businessincludes providing professional engineering services.
CGH AU Equity,CONMAS GROUP PTY LTD,   ,49000,284192000, ,Common Stock,Industrials,Industrial Services,Engineering & Construction,Infrastructure Construction, , ,"Conmas Group Pty Ltd is an engineering services and project delivery group,servicing the resources and infrastructure markets. The Group offer clients anintegrated range of services from early-stage asset evaluation and projectfeasibility studies, through design and delivery, to ongoing support andoptimisation of mine, rail and infrastructure assets."
604446Z AU Equity,CARDNO EPPELL OLSEN PTY LTD,   ,   ,   , ,Private Comp,Industrials,Industrial Services,Engineering & Construction,Engineering Services, , ,"Cardno Eppell Olsen provides engineering services. The Company offers planning,feasibility, design, project management, construction and asset management,management consulting, development assistance, and other services. CardnoEppell operates in Australia."
0839303D AU Equity,BONACCI GROUP PTY LTD,   ,   ,   , ,Private Comp,Industrials,Industrial Services,Engineering & Construction,Engineering Services, , ,Bonacci Group Pty Ltd provides engineering services.
9607679Z AU Equity,DKMSPP PTY LTD,   ,   ,   , ,Private Comp,Industrials,Industrial Services,Engineering & Construction,Engineering Services, , ,T M e Group Pty Ltd was founded in 1952. The company's line of businessincludes providing professional engineering services.
HST AU Equity,HASTIE GROUP LTD,   ,1848843000,965700992, ,Common Stock,Industrials,Industrial Services,Engineering & Construction,Building Construction, , ,"Hastie Group Limited provides technical services to the building andinfrastructure sectors. The Company offers mechanical, electrical, commercialplumbing, fire, and refrigeration systems installation and maintenanceservices."
8288746Q AU Equity,MINPROC LIMITED,   ,   ,26523000, ,Common Stock,Industrials,Industrial Services,Engineering & Construction,Engineering Services, , ,"Minproc Limited provides engineering and construction services for mining,resource and chemical projects.  The Company's services are used in gold miningand base metal extraction operations, metal refining, chemical manufacturing andcoal mining operations.  Minproc operates in Australia, South-East Asia, WestAfrica and the Middle East."
0365963D AU Equity,GOLDING GROUP PTY LTD,   ,   ,   , ,Private Comp,Industrials,Industrial Services,Engineering & Construction,Engineering Services, , ,"Golding Group Pty. Ltd. provides contract mining and civil constructionservices. The Company markets its services to mining, infrastructureconstruction companies, and governmental entities throughoutAustralia."
0364334D AU Equity,CIMIC FINANCE LTD,   ,   ,   ,55990,Private Comp,Industrials,Industrial Services,Engineering & Construction,Engineering Services, , ,CIMIC Finance Limited provides engineering services.
6047454Z AU Equity,DIAB ENGINEERING PTY LTD,   ,   ,   , ,Private Comp,Industrials,Industrial Services,Engineering & Construction,Building Construction, , ,Diab Engineering Pty. Ltd. was founded in 1990. The Company's line of businessincludes providing special trade contracting services.
CEU AU Equity,CONNECTEAST GROUP,   ,208947000,3143962112,277,Misc.,Industrials,Industrial Services,Engineering & Construction,Infrastructure Construction, , ,"ConnectEast Group provides construction services. The Company offers civil andinfrastructure construction such as roads, tollways, bridges, tunnels, and otherinfrastructure projects. ConnectEast also provides the operation andmaintenance of the Eastlink Freeway for the transportation industry."
0509002D AU Equity,TOTAL SPORT AND FLOOR PTY LT,   ,   ,   , ,Private Comp,Industrials,Industrial Services,Engineering & Construction,Engineering Services, , ,Total Sport And Floor Pty Ltd provides engineering services.
CIM AU Equity,CIMIC GROUP LTD,   ,16757600000,17100800000,38394,Common Stock,Industrials,Industrial Services,Engineering & Construction,Infrastructure Construction, , ,"CIMIC Group Limited offers engineering and construction services. The Companyprovides mining, mineral processing, concessions, infrastructure construction,operations, maintenance, and other services. CIMIC Group serves customers inAustralia."
CDD AU Equity,CARDNO LTD,   ,8390000,9332000, ,Common Stock,Industrials,Industrial Services,Engineering & Construction,Infrastructure Construction,Transportation Infra Const, ,"Cardno Limited is an international professional services company operating inthe infrastructure and environmental sectors, for both government and privatesector clients.  Cardno provides planning, engineering and environmentalservices within a number of market sectors including water, environment, miningand energy, coastal and ocean, buildings, land, and transportation."
MCG AU Equity,FREQUENCY INFRASTRUCTURE PTY,   ,1971667000,12425414656, ,Misc.,Industrials,Industrial Services,Engineering & Construction,Infrastructure Construction, , ,Frequency Infrastructure Pty Ltd provides infrastructure construction services.
6051398Z AU Equity,JOHN WILSON & PARTNERS PTY L,   ,   ,   , ,Private Comp,Industrials,Industrial Services,Engineering & Construction,Engineering Services, , ,John Wilson & Partners Pty. Ltd. was founded in 1990. The Company's line ofbusiness includes providing professional engineering services.
1020772D AU Equity,EQUANS CORPORATE SERVICES PT,   ,   ,   , ,Private Comp,Industrials,Industrial Services,Engineering & Construction,Building Construction, , ,Equans Corporate Services Pty Limited operates as an building constructioncompany.
6036270Z AU Equity,AUSTRAL CONSTRUCTION PTY LTD,   ,   ,   , ,Private Comp,Industrials,Industrial Services,Engineering & Construction,Engineering Services, , ,Austral Construction Pty. Ltd. provides professional engineering services. TheCompany offers marine piling and civil construction works. Austral Constructionserves customers in the Australia.
628062Z AU Equity,VITRA CONSTRUCTIONS & ENGINE,   ,   ,   , ,Private Comp,Industrials,Industrial Services,Engineering & Construction,Building Construction, , ,Vitra Constructions & Engineering Pty Ltd provides building and constructionservices.
3551441Z AU Equity,SLR CONSULTING AUSTRALIA PTY,   ,   ,   , ,Private Comp,Industrials,Industrial Services,Engineering & Construction,Engineering Services,Environmental Engineering Svcs, ,Heggies Pty Ltd was founded in 1978. The Company's line of business includesproviding professional engineering services.
EVS AU Equity,ENVIROSUITE LTD,   ,59378000,119258000,4516,Common Stock,Industrials,Industrial Services,Engineering & Construction,Engineering Services,Environmental Engineering Svcs, ,"EnviroSuite Limited operates as an environmental sciences company. The Companyprovides environmental consulting, monitoring, predictive management, andautomated reporting solutions through a management system that providesreal-time monitoring and predictive modeling. EnviroSuite conducts itsbusiness worldwide."
9649727Z AU Equity,CAMPBELL MINING SERVICES PTY,   ,   ,   , ,Private Comp,Industrials,Industrial Services,Engineering & Construction,Building Construction, , ,Campbell Mining Services Pty Ltd was founded in 2002. The company's line ofbusiness includes providing special trade contracting services.
2253451Z AU Equity,MCCOURT DANDO PTY LTD,   ,   ,   , ,Private Comp,Industrials,Industrial Services,Engineering & Construction,Building Construction, , ,"Mccourt Dando Pty Limited provides civil engineering services. The Companymarkets it services in building highway, bridges, and other infrastructure."
0513770D AU Equity,NOVENTUS PTY LTD,   ,   ,   , ,Private Comp,Industrials,Industrial Services,Engineering & Construction,Engineering Services, , ,"Noventus Pty. Ltd. operates as a project management, logistics and engineeringadvisory services company. The Company provides capability improvements, managedservices, information and communications technology, integrated logisticssupport, and management services. Noventus serves government, defence,telecommunications and rail industries in Australia."
CEG AU Equity,CEC GROUP LTD,   ,103372161,   , ,Common Stock,Industrials,Industrial Services,Engineering & Construction,Engineering Services, , ,"CEC Group Limited is a construction and development company operating inAustralia.  The Company's activities include supply of building and constructionmaterials, civil engineering, building construction and property development.The Company has operations mainly in Queensland."
MXG AU Equity,MULTIPLEX PTY LTD,   ,3019500000,7914699776,1377,REIT,Industrials,Industrial Services,Engineering & Construction,Building Construction, , ,"Multiplex Pty Ltd, doing business as Multiplex, operates as a constructioncompany. The Company constructs large-scale and complex landmarkbuildings, commercial structures, and infrastructure projects. Multiplex servescustomers worldwide."
6040166Z AU Equity,EASTCOAST DEVELOPMENT ENGINE,   ,   ,   , ,Private Comp,Industrials,Industrial Services,Engineering & Construction,Engineering Services, , ,Eastcoast Development Engineering Pty Ltd was founded in 2000. The Company'sline of business includes providing professional engineering services.
6916917Z AU Equity,EPTEC PTY LTD,   ,   ,   , ,Private Comp,Industrials,Industrial Services,Engineering & Construction,Engineering Services, , ,"Eptec Pty Ltd is an engineering contractor in asset preservation andrehabilitation. The Company offers corrosion protection, insulation, concreterehabilitation, disinfection, sanitation, and other related solutions. Eptecserves customers in Australia."
392961Z AU Equity,STELFORM ENGINEERING GROUP,   ,   ,   , ,Private Comp,Industrials,Industrial Services,Engineering & Construction,Engineering Services, , ,Steelform Engineering Pty. Ltd. offers engineering services.
2736778Z AU Equity,BEAVIS & BARTELS PTY LTD,   ,   ,   , ,Private Comp,Industrials,Industrial Services,Engineering & Construction,Building Construction, , ,Beavis & Bartels installs plumbing and drainage systems. The Company fixthese systems in large non-residential buildings and facilities. Beavis &Bartels operates in the Brisbane region of the United Kingdom.
2064969D AU Equity,WDS LTD,   ,367140000,241231008, ,Common Stock,Industrials,Industrial Services,Engineering & Construction,Infrastructure Construction,Energy Infra Construction,Oil & Gas Infra Construction,"WDS Ltd. offers services to the underground coal mining industry, and buildsoil, natural gas, and water pipelines."
0821636D AU Equity,WOOD GROUP WAGNERS PTY LTD,   ,   ,   , ,Private Comp,Industrials,Industrial Services,Engineering & Construction,Engineering Services, , ,WGPSN Queensland Pty Ltd provides engineering services.
3513937Q AU Equity,BRISCONNECTIONS,   ,641148000,4601171968, ,ADR,Industrials,Industrial Services,Engineering & Construction,Infrastructure Construction,Transportation Infra Const,Airport & Highway Const,"BrisConnections Unit Trust develops and operates road infrastructure projectsin Brisbane, Australia."
338562Z AU Equity,OP INDUSTRIES PTY LTD,   ,   ,   , ,Private Comp,Industrials,Industrial Services,Engineering & Construction,Building Construction, , ,"O.P. Industries Pty. Ltd. provides building construction services. The Companyoffers mechanical services and air-conditioning solutions in support ofdevelopers, builders and commercial tenants as well as industrial clients. O.P.Industries serves customers in Australia."
328687Z AU Equity,BOWMAN BISHAW GORHAM PTY LTD,   ,   ,   , ,Private Comp,Industrials,Industrial Services,Engineering & Construction,Engineering Services,Environmental Engineering Svcs, ,Bowman Bishaw Gorham Pty Ltd provides environmental engineering and consultingservices.
0564041D US Equity,CIMIC FINANCE USA PTY LTD,   ,   ,   , ,Private Comp,Industrials,Industrial Services,Engineering & Construction,Infrastructure Construction, , ,CIMIC Finance (USA) Pty Ltd provides infrastructure construction services.
1492968D AU Equity,VENTIA FINCO PTY LTD,   ,   ,   , ,Private Comp,Industrials,Industrial Services,Engineering & Construction,Infrastructure Construction, , ,"Ventia Finco Pty Limited provides infrastructure construction services. TheCompany constructs road networks, motorways, power generation facilities,telecommunication infrastructure, transmission and distribution assets, pumpingstations, treatment plants, and tunnels."
346014Z AU Equity,AUSCLAD GROUP OF COS LTD,   ,   ,   , ,Private Comp,Industrials,Industrial Services,Engineering & Construction,Engineering Services, , ,Ausclad Group of Cos Ltd provides engineering service.
990404Z AU Equity,VISION ENERGY PTY LTD,   ,   ,   , ,Private Comp,Industrials,Industrial Services,Engineering & Construction,Engineering Services, , ,UXC Infrastructure Constructions Pty Ltd. was founded in 2007. The Company'sline of business includes providing electrical work and services.
779680Z AU Equity,PILING CONTRACTORS PTY LTD,   ,   ,   , ,Private Comp,Industrials,Industrial Services,Engineering & Construction,Engineering Services, , ,"Piling Contractors Pty Ltd offers engineering and contracting solutions.The Company provides foundation engineering, including piling, retentionsystems, ground improvement, reservoir construction, and drainage systems.Piling Contractors offers solutions to civil, commercial, government, anddomestic clients worldwide."
VMX AU Equity,VALMEC LTD,   ,137451000,77900000, ,Common Stock,Industrials,Industrial Services,Engineering & Construction,Infrastructure Construction,Energy Infra Construction, ,"Valmec Limited, through its subsidiaries, provides specialised packagedequipment, construction, and maintenance, services to the resources, energy andinfrastructure sectors. The Company also offers oil and gasprocessing equipment and original equipment manufacturing services."
833802Z AU Equity,DANUM ENGINEERING PTY LTD,   ,   ,   , ,Private Comp,Industrials,Industrial Services,Engineering & Construction,Engineering Services, , ,Danum Engineering Pty Ltd was founded in 2006. The Company's line of businessincludes providing professional engineering services.
RTA AU Equity,BBI GROUP PTY LTD,   , $- ,38572524,16,Common Stock,Industrials,Industrial Services,Engineering & Construction,Infrastructure Construction,Transportation Infra Const, ,"BBI Group Pty Ltd, doing business as BBI Group, provides infrastructureconstruction. The Company constructs harbour, transhipment, port out loading,stockyard, power generation, and train unloader. BBI Group serves customers inAustralia."
839679Z AU Equity,ATF CONSOLIDATED GROUP PTY L,   ,   ,   , ,Private Comp,Industrials,Industrial Services,Engineering & Construction,Building Construction, , ,ATF Consolidated Group Pty Limited provides construction services.
3334763Z AU Equity,CONICS PTY LTD,   ,   ,   , ,Private Comp,Industrials,Industrial Services,Engineering & Construction,Engineering Services,Environmental Engineering Svcs, ,Conics Ltd was founded in 2005. The Company's line of business includesproviding management services on a contract or fee basis.
0365472D AU Equity,NUVO SOLUTIONS PTY LTD,   ,   ,   , ,Private Comp,Industrials,Industrial Services,Engineering & Construction,Engineering Services, , ,"A.C.N. 121 020 764 Pty Ltd, doing business as Nuvo Solutions Pty Ltd, providesengineering services. The Company offers design, construction, engineering,service contracts, energy management, and technology services. Nuvo Solutionsserves hospitality, education, health, gaming, airports, and government sector."
2280689Z AU Equity,ROCKTEC CONTRACTING,   ,   ,   , ,Private Comp,Industrials,Industrial Services,Engineering & Construction,Infrastructure Construction, , ,Rocktec Contracting provides infrastructure construction services.
0496670D AU Equity,KL PRODUCTS PTY LTD,   ,   ,   , ,Private Comp,Industrials,Industrial Services,Engineering & Construction,Engineering Services, , ,K.L. Products Pty Ltd was founded in 1958. The Company's line of businessincludes providing professional engineering services.
FGE AU Equity,FORGE GROUP LTD,   ,1054100000,464209984, ,Common Stock,Industrials,Industrial Services,Engineering & Construction,Building Construction,Industrial Buildings Const, ,Forge Group Limited offers construction services. The Company builds industrialbuildings.
0534107D AU Equity,CIVIC NEXUS FINANCE PTY LTD,   ,   ,   , ,Private Comp,Industrials,Industrial Services,Engineering & Construction,Building Construction,Industrial Buildings Const, ,"Civic Nexus Finance Pty Ltd operates as a special purpose entity. The Companywas formed for the purpose of issuing debt securities to repay existing creditfacilities, refinance indebtedness, and for acquisition purposes."
962527Z AU Equity,NATIONAL ENGINEERING PTY LTD,   ,   ,   , ,Private Comp,Industrials,Industrial Services,Engineering & Construction,Engineering Services, , ,"A.C.N. 124 919 508 Pty Ltd provides engineering services. The Companyspecializes in the fabrication and surface coating of structural steelwork forcommercial, industrial, and retail projects in Australia. National Engineeringprojects include shopping centers, distribution facilities, sports stadiums,car parks, rail stations, and bridges."
6022982Z AU Equity,AW EDWARDS PTY LTD,   ,   ,   , ,Private Comp,Industrials,Industrial Services,Engineering & Construction,Building Construction, , ,"A.W. Edwards Pty Ltd provides construction services. The Company offerscommercial offices, industrial, health and aged care, transport,infrastructure, tourism and leisure, government, scientific, multi-unitresidential, retail, and heritage sectors. AW Edwards operates throughoutAustralia."
6926197Z AU Equity,TSMARINE PTY LTD,   ,   ,   , ,Private Comp,Industrials,Industrial Services,Engineering & Construction,Engineering Services, , ,"TSmarine Group Holdings Pty Ltd operates as a holding company. The Company,through its subsidiaries, provides intervention, decommissioning, trenching,tooling, inspection, structural analysis, installation, and designing. TSmarineGroup Holdings conducts its business worldwide."
1363895D KS Equity,WCX M5 FINCO PTY LTD,   ,   ,   , ,Private Comp,Industrials,Industrial Services,Engineering & Construction,Engineering Services,Architectural Services, ,"WCX M5 FinCo Pty Ltd provides engineering and construction services. TheCompany offers architectural, designing, landscaping, and building inspectionservices."
6019666Z AU Equity,RCR ENERGY SERVICE PTY LTD,   ,   ,   , ,Private Comp,Industrials,Industrial Services,Engineering & Construction,Engineering Services, , ,"Rcr Energy Service Pty. Ltd. provides professional engineering services. TheCompany focuses on fabricate plate work. Rcr conducts business in Welshpool,West Australia."
1109315Z AU Equity,MACCORMICK CIVIL & TUNNELLIN,   ,   ,   , ,Private Comp,Industrials,Industrial Services,Engineering & Construction,Building Construction, , ,"MacCormick Civil & Tunnelling Pty Ltd operates as an engineering andconstruction company. The Company offers design, construction, commissioning,and maintenance services for the tunnelling and civil engineering industry.MacCormick Civil & Tunnelling serves customers in Australia."
0813947D AU Equity,TGM GROUP PTY LTD,   ,   ,   , ,Private Comp,Industrials,Industrial Services,Engineering & Construction,Engineering Services, , ,Tgm Group Pty Ltd was founded in 2007. The company's line of business includesproviding professional engineering services.
307754Q AU Equity,CHESS INDUSTRIES LTD,   ,   ,   ,90,Private Comp,Industrials,Industrial Services,Engineering & Construction,Engineering Services, , ,Chess Industries Limited is a manufacturing and engineering services companybased in Australia.
7724608Z AU Equity,RWH FINANCE PTY LTD,   ,   ,   ,6,Private Comp,Industrials,Industrial Services,Engineering & Construction,Building Construction, , ,"RWH Finance Pty Ltd operates as a special purpose entity. The Company wasformed for the purpose of issuing debt securities to repay existing creditfacilities, refinance indebtedness, and for acquisition purposes."
DGX AU Equity,DIPLOMA GROUP LTD,   ,90159000,117487000,77,Common Stock,Industrials,Industrial Services,Engineering & Construction,Building Construction,Commercial Building Const, ,Diploma Group Limited is a commercial and property development company. TheCompany offers a complete vertically integrated business by managing the entiredesign process of a project from initial conception through to final handoverof the completed product.
2736786Z AU Equity,IVANCIC DANIEL,   ,   ,   , ,Private Comp,Industrials,Industrial Services,Engineering & Construction,Building Construction, , ,"GTS Plumbing provides construction services. The Company designs, manufactures,and installs plumbing equipment and related products and services. GTSPlumbing serves customers throughout Australia."
6923245Z AU Equity,IRWINCONSULT PTY LTD,   ,   ,   , ,Private Comp,Industrials,Industrial Services,Engineering & Construction,Engineering Services, , ,Irwinconsult Pty Ltd was founded in 1990. The Company's line of businessincludes providing professional engineering services.
9694931Z AU Equity,KCS OLD PTY LTD,   ,   ,   , ,Private Comp,Industrials,Industrial Services,Engineering & Construction,Engineering Services, , ,KCS Old Pty Ltd provides engineering services.
2736794Z AU Equity,HSA SYSTEMS PTY LTD,   ,   ,   , ,Private Comp,Industrials,Industrial Services,Engineering & Construction,Engineering Services, , ,Hsa Systems Pty Limited provides engineering services.
1680459D AU Equity,SRG GLOBAL AUSTRALIA PTY LTD,   ,239220000,140624000, ,Common Stock,Industrials,Industrial Services,Engineering & Construction,Engineering Services,Construction Engineering Svcs, ,"SRG Global Australia Pty Ltd is a diversified infrastructure services company.The Company specializes in engineering and construction services in key marketsincluding water, transport, defence, resources, energy, health, and education.SRG Global Australia serves customers globally."
AAX AU Equity,AUSENCO LTD,   ,245468000,267644992, ,Common Stock,Industrials,Industrial Services,Engineering & Construction,Engineering Services, , ,"Ausenco Pty Ltd operates as an engineering service provider company. The Companyprovides consulting, project delivery and asset operations, management andoptimization solutions, as well as offers maintenance startegies, operationalreadiness, reliability engineering, operations improvement, and trainingservices. Ausenco serves customers worldwide."
3449693Z AU Equity,INDUSTRIAL CONTRACT DESIGNER,   ,   ,   , ,Private Comp,Industrials,Industrial Services,Engineering & Construction,Engineering Services, , ,"ICD (Asia Pacific) Pty Limited provides engineering services. The Company offersproject management, process, design, engineering, procurement, and assetmanagement."
772294Z AU Equity,INFRASTRUCTURE CONSTRUCTIONS,   ,   ,   , ,Private Comp,Industrials,Industrial Services,Engineering & Construction,Infrastructure Construction, , ,Infrastructure Constructions Pty Ltd offers heavy civil infrastructureconstruction services. The Company provides general contracting services suchas constructing water and sewer mains. Infrastructure Constructions servescustomers in Australia.
0358458D AU Equity,CENTRAL SYSTEMS PTY LTD,   ,   ,   , ,Private Comp,Industrials,Industrial Services,Engineering & Construction,Engineering Services, , ,Central Systems Pty Ltd was founded in 2003. The company's line of businessincludes providing professional engineering services.
395104Z AU Equity,BSD CONSULTANTS,   ,   ,   , ,Private Comp,Industrials,Industrial Services,Engineering & Construction,Engineering Services, , ,Cardno (Wa) Pty Ltd was founded in 1985. The company's line of businessincludes providing management consulting services.
BEC AU Equity,BECTON PROPERTY GROUP,   ,140002000,261332000, ,Misc.,Industrials,Industrial Services,Engineering & Construction,Building Construction, , ,"Becton Property Group is a diversified property group involved in retirement,property funds management, and holiday ownership clubs, as well as propertydevelopment and construction."
6917661Z AU Equity,DIONA PTY LTD,   ,   ,   , ,Private Comp,Industrials,Industrial Services,Engineering & Construction,Engineering Services,Construction Engineering Svcs, ,"Diona Pty Ltd provides engineering services. The Company specializes ininfrastructure for water, wastewater, gas, electricity, and transport withdesign, construction, renewals, and maintenance services. Diona servescustomers in Australia."
SWL AU Equity,SEYMOUR WHYTE LTD,   ,432810000,144448000, ,Common Stock,Industrials,Industrial Services,Engineering & Construction,Infrastructure Construction,Transportation Infra Const, ,"Seymour Whyte Limited is an infrastructure development company.  The Companyprovides construction solutions with a focus on road and bridge projects.Seymour Whyte Ltd also provides heavy industrial concrete works, aquaticfacilities, community infrastructure, and major traffic management schemes."
AE1 AU Equity,AERISON GROUP LTD,   ,208921000,91321000, ,Common Stock,Industrials,Industrial Services,Engineering & Construction,Engineering Services, , ,"Aerison Group Ltd operates as an environmental engineering company. The Companyoffers engineering and design, fabrication, mechanical piping, instrumentation,and asset maintenance services. Aerison Group serves customers in Australia."
6019342Z AU Equity,ENERFLEX AUSTRALASIA HOLDING,   ,   ,   ,460,Private Comp,Industrials,Industrial Services,Engineering & Construction,Infrastructure Construction, , ,Enerflex Australasia Holdings Pty Ltd was founded in 2005. The Company's lineof business includes providing general contracting services such asconstructing heavy construction projects.
1236132D AU Equity,VICTORIA INTERNATIONAL CONTA,   ,   ,   , ,Private Comp,Industrials,Industrial Services,Engineering & Construction,Infrastructure Construction,Transportation Infra Const, ,"Victoria International Container Terminal Limited designs and builds terminalsand ports. The Company constructs, operates, and maintains terminal and emptycontainer park at dock. Victoria International Container Terminal servescustomers in Australia."
2325329D AU Equity,MPC KINETIC HOLDINGS LTD,   ,   ,   , ,Common Stock,Industrials,Industrial Services,Engineering & Construction,Infrastructure Construction,Utility Line Construction, ,"MPC Kinetic Holdings Limited provides utility line construction services. TheCompany offers construction and installation of pipelines for water, oil, andgas network, as well as develops mining properties. MPC Kinetic Holdings servescustomers in Australia."
0811166D AU Equity,CAPELLA PARKING FINANCE PTY,   ,   ,   , ,Private Comp,Industrials,Industrial Services,Engineering & Construction,Infrastructure Construction, , ,Capella Parking Finance Pty Ltd operates as an infrastructure constructioncompany.
0811780D AU Equity,AUSGROUP COS PTY LTD,   ,   ,   , ,Private Comp,Industrials,Industrial Services,Engineering & Construction,Engineering Services, , ,#N/A N/A
1024583Z AU Equity,METPLANT ENGINEERING SERVICE,   ,   ,   , ,Private Comp,Industrials,Industrial Services,Engineering & Construction,Engineering Services, , ,Metplant Engineering Services Pty. Ltd. operates as a engineering processingdesign and project management company serving the mining industry.
NBH AU Equity,NORTH LIMITED,   ,1704724976,3856153088,6424,Common Stock,Industrials,Industrial Services,Engineering & Construction,Building Construction, , ,"North Limited of Australia provides construction services. The Companyconstructs hospitals, colleges, commercial buildings, and retirementfacilities, as well as offers engineering, cost planning, and constrictionmanagement services. North serves clients in Australia."
6931237Z AU Equity,CIP CONSTRUCTIONS AUSTRALIA,   ,   ,   , ,Private Comp,Industrials,Industrial Services,Engineering & Construction,Building Construction, , ,"CIP Constructions (Australia) Pty Ltd operates as a construction company. TheCompany specializes in commercial and industrial construction facilities withcomprehensive design, renovations, and construct services for wide range ofprojects. CIP Constructions (Australia) serves customers in Australia."
CLO AU Equity,CLOUGH LTD,   ,617395000,685009984, ,Common Stock,Industrials,Industrial Services,Engineering & Construction,Infrastructure Construction, , ,"Clough Limited is an integrated engineering and construction company whichoffers contract services in Australia and internationally, including Asia, theSouth Pacific and the Middle East.  The Company also provides specialistonshore and offshore construction fleets for drilling rigs and petroleumconstruction projects."
0908418D AU Equity,CIVMEC HOLDINGS PTY LTD,   ,   ,   , ,Private Comp,Industrials,Industrial Services,Engineering & Construction,Engineering Services,Ind & Traffic Engineering Svcs, ,"Civmec Holdings Pty Ltd provides engineering constructor services. The Companyoffers heavy engineering, modularisation, site civil work, pre-cast concrete,structural, mechanical, piping, electrical instrumentation, offshore logistics,maintenance, and other related services. Civmec Holdings serves oil and gas,minerals, infrastructure, and defense industries."
3620656Z AU Equity,RPS AQUATERRA PTY LTD,   ,   ,   , ,Private Comp,Industrials,Industrial Services,Engineering & Construction,Engineering Services,Environmental Engineering Svcs, ,Aquaterra Consulting Pty Ltd operates as an environmental engineering servicecompany.
1030964D AU Equity,HEYDAY5 PTY LTD,   ,   ,   , ,Private Comp,Industrials,Industrial Services,Engineering & Construction,Building Construction, , ,Heyday5 Pty Limited was founded in 2012. The company's line of businessincludes providing electrical work and services.
1783715D AU Equity,COFFEY INTERNATIONAL LTD,   ,556328000,290948992,1630,Common Stock,Industrials,Industrial Services,Engineering & Construction,Engineering Services,Construction Engineering Svcs, ,"Coffey International Limited is a specialist professional services consultancywith expertise in geosciences, international development, and projectmanagement."
1075101D AU Equity,ODT AUSTRALIS PTY LTD,   ,   ,   , ,Private Comp,Industrials,Industrial Services,Engineering & Construction,Infrastructure Construction, , ,Odt Australis Pty Ltd was founded in 1986. The company's line of businessincludes providing general contracting services such as constructing heavyconstruction projects.
1081418D AU Equity,MORRISON GEOTECHNIC PTY LTD,   ,   ,   , ,Private Comp,Industrials,Industrial Services,Engineering & Construction,Engineering Services, , ,Morrison Geotechnic Pty Limited was founded in 1972. The company's line ofbusiness includes providing professional engineering services.
HWE AU Equity,HENRY WALKER ELTIN GROUP LTD,   ,   ,   , ,Common Stock,Industrials,Industrial Services,Engineering & Construction,Engineering Services, , ,"Henry Walker Eltin Group Limited provides civil engineering contract and con-tract mining services throughout Australia and internationally. The Group pro-vides mine development, blasting and related services, civil engineering, landdevelopment, motor vehicle dealerships, and operation and maintenance servicesto various clients in the oil and gas, water and power generation industries."
1082351D AU Equity,CLANCY CORP PTY LTD,   ,   ,   ,65,Common Stock,Industrials,Industrial Services,Engineering & Construction,Building Construction, , ,"Clancy Corporation Pty. Ltd. operates as an electrical, air conditioning andrefrigeration, and signage company. The Company specializes in the installationand service of switchboard, safety switches, pre-purchase electricalinspections, hot water system repairs, aria telephone systems, fiber optics,network cabling, solar street lighting, and security surveillance cameras."
0366272D AU Equity,CHEUNG KONG INFRASTRUCTURE F,   ,   ,   ,1430,Private Comp,Industrials,Industrial Services,Engineering & Construction,Infrastructure Construction, , ,Cheung Kong Infrastructure Finance (Australia) Pty Limited was founded in 1999.The company's line of business includes providing various business services.
2102Z AU Equity,PROBUILD CONSTRUCTIONS AUST,   ,   ,   ,300,Private Comp,Industrials,Industrial Services,Engineering & Construction,Building Construction, , ,"Probuild Constructions Australia Pty Ltd. operates as a building contractor.The Company focuses on commercial, educational and institutional, industrial,residential, retail and entertainment, sport, and leisure contractions.Probuild Constructions serves customers throughout Australia."
1273947D AU Equity,IONIC INDUSTRIES LTD,   ,   ,   , ,Common Stock,Industrials,Industrial Services,Engineering & Construction,Engineering Services,Environmental Engineering Svcs, ,"Ionic Industries Limited is an Australian-based company that focuses on thecommercialization of graphene technologies. The Company develops realapplications for graphene-based technologies in the fields of energy storage,nano-filtration, and water treatment."
ENC AU Equity,ENICE HOLDING CO LTD-CDI,   ,510162000,976560000, ,CDI,Industrials,Industrial Services,Engineering & Construction,Infrastructure Construction,Communication Infra Const,Network Construction,"Enice Holding Company Limited operates as a wireless telecommunicationstechnology enterprise. The Company provides telecommunications infrastructureservices to mobile carriers and also offers antenna alignment tool to assistin mobile network planning, construction, optimization, and maintenance, aswell as supports various networks. Enice serves customers worldwide."
1316181D AU Equity,MACQUARIE GEOTECHNICAL PTY L,   ,   ,   , ,Private Comp,Industrials,Industrial Services,Engineering & Construction,Engineering Services, , ,"Macquarie Geotechnical Pty Limited operates as a geotechnical company.The Company offers laboratory testing, drilling, and geotechnical services.Macquarie Geotechnical serves customers in Australia."
2655Z AU Equity,FINN INTERNATIONAL PTY LTD,   ,   ,   , ,Common Stock,Industrials,Industrial Services,Engineering & Construction,Infrastructure Construction, , ,#N/A N/A
875140Z AU Equity,HEYDAY GROUP PTY LTD,   ,   ,   , ,Private Comp,Industrials,Industrial Services,Engineering & Construction,Building Construction, , ,"Ricdav Pty Limited operates as a project delivery company. The Companyprovides includes electrical infrastructure, fire detection and suppressionsystems, building controls, energy management systems, security, voice and datanetworking systems, and structured cabling systems."
9636599Z AU Equity,WINWARD GROUP PTY LTD,   ,   ,   , ,Private Comp,Industrials,Industrial Services,Engineering & Construction,Engineering Services, , ,"WSP Structures Pty Ltd provides engineering services. The Companyprovides cutting edge engineering designing, documentation, and constructionphase services. WSP Structures serves clients worldwide."
1248678D AU Equity,AUTOMATION PARTNERS PTY LTD,   ,   ,   , ,Private Comp,Industrials,Industrial Services,Engineering & Construction,Building Construction, , ,Automation Partners Pty Ltd constructs buildings.
6914069Z AU Equity,MALD PTY LTD,   ,   ,   ,36512,Private Comp,Industrials,Industrial Services,Engineering & Construction,Building Construction, , ,"Mald Pty Ltd was founded in 2007. The Company providesbusiness services such as bondspersons, drafting, lecture bureaus, andnotaries."
9675995Z AU Equity,AHRENS EASTERN AUSTRALIA PTY,   ,   ,   , ,Private Comp,Industrials,Industrial Services,Engineering & Construction,Engineering Services,Construction Engineering Svcs, ,"Ahrens Eastern Australia Pty Ltd provides construction services. The Companyoffers design, refurbishment, mining, steel fabrication, sheds, silos, storage,engineering, and other services. Ahrens Eastern Australia serves clientsworldwide."
DRA AU Equity,DRA GLOBAL LTD,   ,902928000,524252000, ,Common Stock,Industrials,Industrial Services,Engineering & Construction,Engineering Services, , ,"DRA Global Limited operates as a diversified global engineering, projectdelivery, and operations management group. The Company offers pre-feasibilityplanning and assessment through design, project management, and constructionsupervision, as well as consulting, project development, and financing. DRAGlobal serves customers worldwide."
1933311D AU Equity,137 GO DEVELOPMENT PTY LTD,   ,   ,   , ,Private Comp,Industrials,Industrial Services,Engineering & Construction,Building Construction, , ,137 Go Development Pty Ltd provides building construction services.
1949489D AU Equity,STELLA NEL FINANCE PTY LTD,   ,   ,   , ,Private Comp,Industrials,Industrial Services,Engineering & Construction,Infrastructure Construction,Transportation Infra Const, ,Stella Nel Finance Pty Limited builds transportation infrastructure.
SH2 AU Equity,SYNERGEN MET LTD,   ,   ,   , ,Common Stock,Industrials,Industrial Services,Engineering & Construction,Engineering Services,Environmental Engineering Svcs, ,"Synergen Met Limited operates as a thermal plasma technology company. TheCompany offers clean treatment and destruction, blue and green hydrogenproduction, and other sustainable solutions to environmental problems. SynergenMet serves customers worldwide."
OTR AU Equity,ONTERRAN LTD,   ,265352000,70316000, ,Common Stock,Industrials,Industrial Services,Engineering & Construction,Building Construction,Industrial Buildings Const, ,"Onterran Limited manufactures modular building solutions utilizedby companies operating in the resources (mining, oil and gas), infrastructure,building, construction, tourism and leisure sectors."
1847635D AU Equity,RCR TOMLINSON LTD,   ,1998455000,962164992, ,Common Stock,Industrials,Industrial Services,Engineering & Construction,Building Construction, , ,"RCR Tomlinson Limited provides a range of engineering services to the Australianresources and construction industries.  The Company provides integratedengineering which includes design, project management, ferrous castings,machining, fabrication, construction, installation and maintenance."
KGH AU Equity,UNITED KG NO 1 LTD,   ,   ,   , ,Common Stock,Industrials,Industrial Services,Engineering & Construction,Engineering Services, , ,"Kilpatrick Green Holdings Limited, through subsidiaries, provides various ser-vices for companies in the engineering, facilities management and constructionindustries.  The Company's services include design and engineering for powergeneration,distribution and transmission systems, water systems and wastewatertreatment, communications and electrical and mechanical contracting."
0908587D AU Equity,WEARX PTY LTD,   ,   ,   , ,Private Comp,Industrials,Industrial Services,Engineering & Construction,Engineering Services, , ,Wearx Pty Ltd was founded in 2012. The company's line of business includesproviding professional engineering services.
1081657D AU Equity,STANAWAY PTY LTD,   ,   ,   , ,Private Comp,Industrials,Industrial Services,Engineering & Construction,Building Construction, , ,Stanaway Pty. Limited was founded in 1991. The Company's line of businessincludes the construction of nonresidential buildings.
TTI AU Equity,TRAFFIC TECHNOLOGIES LTD,   ,31858000,21027000, ,Common Stock,Industrials,Industrial Services,Engineering & Construction,Engineering Services,Ind & Traffic Engineering Svcs, ,Traffic Technologies Limited develops and manufactures energy efficient trafficlights in Australia.  The Company uses the light emitting diode technology inits traffic lights which makes them more energy efficient and cheaper to run.
2297645D AU Equity,ABIGROUP LIMITED,   ,   ,   ,9004,Common Stock,Industrials,Industrial Services,Engineering & Construction,Building Construction, , ,"Abigroup Ltd. provides engineering, building, water, energy, and constructionservices. The Company offers water infrastructure, mining services that includedesign, construction, ore extraction, processing, and supplies infrastructureto the telecommunication and energy sectors."
138626Q AU Equity,TRANSURBAN GROUP - SET UP FO,   ,150852005,1962807040,244,Common Stock,Industrials,Industrial Services,Engineering & Construction,Building Construction, , ,"Transurban Group is involved in the Melbourne City Link freeway project.  Theproject involves the design, financing, construction, operation and maintenanceof 22 kilometers of privately-developed tollroad linking the north-western andsouth-eastern suburbs of Melbourne.  There are two main sections of the Project,the Western and Southern Link."
EIM AU Equity,EL CORP LTD,   ,1,756773, ,Common Stock,Industrials,Industrial Services,Engineering & Construction,Building Construction, , ,"El Corp Ltd. imports, designs, sells, services, and support computers andcommunication systems and equipment."
1055842Z AU Equity,PATTERSON BRITTON & PARTNERS,   ,   ,   , ,Private Comp,Industrials,Industrial Services,Engineering & Construction,Engineering Services,Environmental Engineering Svcs, ,Patterson Britton & Partners Pty Ltd was founded in 1987. The company's line ofbusiness includes providing professional engineering services.
60960Q AU Equity,MONTORO RESOURCES LIMITED,   ,   ,   , ,Common Stock,Industrials,Industrial Services,Engineering & Construction,Engineering Services, , ,Belridge Enterprises Pty Ltd was founded in 1992. The company's line ofbusiness includes providing professional engineering services.
GRD AU Equity,GRD LTD,   ,245656000,   ,300,Common Stock,Industrials,Industrial Services,Engineering & Construction,Engineering Services,Environmental Engineering Svcs, ,"GRD Ltd. offers construction, and specialized manufacturing services.  TheCompany offers design and construction services of mineral resource andwaste-to-resource projects, and offers fabrication services to the resources,infrastructure, and oil and natural gas industries."
0513441D AU Equity,SUSTAINABLE BUSINESS ENERGY,   ,   ,   , ,Private Comp,Industrials,Industrial Services,Engineering & Construction,Building Construction, , ,"Solgen Energy Pty Ltd was founded in 2008. The company's line of businessincludes providing plumbing, heating, air-conditioning, and similar work."
UGL AU Equity,UGL LTD,   ,1939479000,1183174016,10000,Common Stock,Industrials,Industrial Services,Engineering & Construction,Engineering Services,Construction Engineering Svcs, ,"UGL Pty Limited, doing business as United Group Ltd provides diversifiedengineering, construction and maintenance company. The Company offers railwaymanufacturing, maintenance, and engineering, as well as design, construction,operating and maintenance services. United Group Ltd serves customers worldwide."
CHA AU Equity,CHAUCER ENERGY LTD,   ,   ,   , ,Common Stock,Industrials,Industrial Services,Engineering & Construction,Infrastructure Construction,Energy Infra Construction, ,Chaucer Energy Limited operates as a resources company. The Company focuses ondevelopment and installation of commercial In-Situ Gasification (ISG) facilitiesto convert the energy of stranded resources into electrical power withoutphysical extraction from the ground. Chaucer Energy serves customers inAustralia.
GPE AU Equity,GREEN PACIFIC ENERGY LTD,   ,593079,12012897, ,Common Stock,Industrials,Industrial Services,Engineering & Construction,Engineering Services,Environmental Engineering Svcs, ,Green Pacific Energy Limited develops renewable green electricity generatingfacilities.  The Company's activities include conversion of municipal greenwaste to electricity through a licensed fluid bed combustion integratedgasification combustion process. The Company also operates environmentalremediation projects such as coal gasification project in Dalian in China.
2576444D AU Equity,STRARCH INTERNATIONAL LTD,   ,17144547,6311669,8,Common Stock,Industrials,Industrial Services,Engineering & Construction,Building Construction, , ,"Strarch International Limited designs, engineers and produces Strarch buildingsystem components.  The Company, through this system, constructs aircraftmaintenance facilities, bulk storage facilities and owns the licensing of thetechnology.  The Company's operations are located in South East Asia, NorthAmerica, Australia and Europe."
BYL AU Equity,BRIERTY LTD,   ,107240840,73776504,353,Common Stock,Industrials,Industrial Services,Engineering & Construction,Building Construction,Industrial Buildings Const, ,"Brierty Ltd is a construction company. The Company offers mining and mine siteinfrastructure, road construction and maintenance, civil infrastructureincluding bulk and structural earthworks, rail formation, airport runways,concrete, and pavement works. Brierty Contractors also provides sewer  and waterreticulation, retaining walls, brick paving and landscaping."
636181Z AU Equity,BLUE RIDGE WA PTY LTD,   ,   ,   , ,Private Comp,Industrials,Industrial Services,Engineering & Construction,Building Construction, , ,Blue Ridge WA Pty Ltd operates as a building construction company.
1010606Z AU Equity,INTERMET ENGINEERING PTY LTD,   ,   ,   , ,Private Comp,Industrials,Industrial Services,Engineering & Construction,Engineering Services, , ,Intermet Engineering Pty. Ltd. was founded in 1979. The Company's line ofbusiness includes providing professional engineering services.
ORH AU Equity,ORH LTD,   ,11835801,3404730, ,Common Stock,Industrials,Industrial Services,Engineering & Construction,Building Construction, , ,"ORH Ltd., through a subsidiary, designs and supplies service trucks and watercarts to the mining and construction industries, and rents heavy earth movingequipment for mining, civil and marine infrastructure projects."
,,,,,,,,,,,,,
,,,,,,,,,,,,,
,,,,,,,,,,,,,
,,,,,,,,,,,,,
,,,,,,,,,,,,,
,,,,,,,,,,,,,
,,,,,,,,,,,,,
,,,,,,,,,,,,,
,,,,,,,,,,,,,
,,,,,,,,,,,,,
,,,,,,,,,,,,,
,,,,,,,,,,,,,
,,,,,,,,,,,,,
,,,,,,,,,,,,,
,,,,,,,,,,,,,
,,,,,,,,,,,,,
,,,,,,,,,,,,,
,,,,,,,,,,,,,
,,,,,,,,,,,,,
,,,,,,,,,,,,,
,,,,,,,,,,,,,
,,,,,,,,,,,,,
,,,,,,,,,,,,,
,,,,,,,,,,,,,
,,,,,,,,,,,,,
,,,,,,,,,,,,,
,,,,,,,,,,,,,
,,,,,,,,,,,,,
,,,,,,,,,,,,,
,,,,,,,,,,,,,
,,,,,,,,,,,,,
,,,,,,,,,,,,,
,,,,,,,,,,,,,
,,,,,,,,,,,,,
,,,,,,,,,,,,,
,,,,,,,,,,,,,
,,,,,,,,,,,,,
,,,,,,,,,,,,,
,,,,,,,,,,,,,
,,,,,,,,,,,,,
,,,,,,,,,,,,,
,,,,,,,,,,,,,
,,,,,,,,,,,,,
,,,,,,,,,,,,,
,,,,,,,,,,,,,
,,,,,,,,,,,,,
,,,,,,,,,,,,,
,,,,,,,,,,,,,
,,,,,,,,,,,,,
,,,,,,,,,,,,,
,,,,,,,,,,,,,
,,,,,,,,,,,,,
,,,,,,,,,,,,,
,,,,,,,,,,,,,
,,,,,,,,,,,,,
,,,,,,,,,,,,,
,,,,,,,,,,,,,
,,,,,,,,,,,,,
,,,,,,,,,,,,,
,,,,,,,,,,,,,
,,,,,,,,,,,,,
,,,,,,,,,,,,,
,,,,,,,,,,,,,
,,,,,,,,,,,,,
,,,,,,,,,,,,,
,,,,,,,,,,,,,
,,,,,,,,,,,,,
,,,,,,,,,,,,,
,,,,,,,,,,,,,
,,,,,,,,,,,,,
,,,,,,,,,,,,,
,,,,,,,,,,,,,
,,,,,,,,,,,,,
,,,,,,,,,,,,,
,,,,,,,,,,,,,
,,,,,,,,,,,,,
,,,,,,,,,,,,,
,,,,,,,,,,,,,
,,,,,,,,,,,,,
,,,,,,,,,,,,,
,,,,,,,,,,,,,
,,,,,,,,,,,,,
,,,,,,,,,,,,,
,,,,,,,,,,,,,
,,,,,,,,,,,,,
,,,,,,,,,,,,,
,,,,,,,,,,,,,
,,,,,,,,,,,,,
,,,,,,,,,,,,,
,,,,,,,,,,,,,
,,,,,,,,,,,,,
,,,,,,,,,,,,,
,,,,,,,,,,,,,
,,,,,,,,,,,,,
,,,,,,,,,,,,,
,,,,,,,,,,,,,
,,,,,,,,,,,,,
,,,,,,,,,,,,,
,,,,,,,,,,,,,
,,,,,,,,,,,,,
,,,,,,,,,,,,,
,,,,,,,,,,,,,
,,,,,,,,,,,,,
,,,,,,,,,,,,,
,,,,,,,,,,,,,
,,,,,,,,,,,,,
,,,,,,,,,,,,,
,,,,,,,,,,,,,
,,,,,,,,,,,,,
,,,,,,,,,,,,,
,,,,,,,,,,,,,
,,,,,,,,,,,,,
,,,,,,,,,,,,,
,,,,,,,,,,,,,
,,,,,,,,,,,,,
,,,,,,,,,,,,,
,,,,,,,,,,,,,
,,,,,,,,,,,,,
,,,,,,,,,,,,,
,,,,,,,,,,,,,
,,,,,,,,,,,,,
,,,,,,,,,,,,,
,,,,,,,,,,,,,
,,,,,,,,,,,,,
,,,,,,,,,,,,,
,,,,,,,,,,,,,
,,,,,,,,,,,,,
,,,,,,,,,,,,,
,,,,,,,,,,,,,
,,,,,,,,,,,,,
,,,,,,,,,,,,,
,,,,,,,,,,,,,
,,,,,,,,,,,,,
,,,,,,,,,,,,,
,,,,,,,,,,,,,
,,,,,,,,,,,,,
,,,,,,,,,,,,,
,,,,,,,,,,,,,
,,,,,,,,,,,,,
,,,,,,,,,,,,,
,,,,,,,,,,,,,
,,,,,,,,,,,,,
,,,,,,,,,,,,,
,,,,,,,,,,,,,
,,,,,,,,,,,,,
,,,,,,,,,,,,,
,,,,,,,,,,,,,
,,,,,,,,,,,,,
,,,,,,,,,,,,,
,,,,,,,,,,,,,
,,,,,,,,,,,,,
,,,,,,,,,,,,,
,,,,,,,,,,,,,
,,,,,,,,,,,,,
,,,,,,,,,,,,,
,,,,,,,,,,,,,
,,,,,,,,,,,,,
,,,,,,,,,,,,,
,,,,,,,,,,,,,
,,,,,,,,,,,,,
,,,,,,,,,,,,,
,,,,,,,,,,,,,
,,,,,,,,,,,,,
,,,,,,,,,,,,,
,,,,,,,,,,,,,
,,,,,,,,,,,,,
,,,,,,,,,,,,,
,,,,,,,,,,,,,
,,,,,,,,,,,,,
,,,,,,,,,,,,,
,,,,,,,,,,,,,
,,,,,,,,,,,,,
,,,,,,,,,,,,,
,,,,,,,,,,,,,
,,,,,,,,,,,,,
,,,,,,,,,,,,,
,,,,,,,,,,,,,
,,,,,,,,,,,,,
,,,,,,,,,,,,,
,,,,,,,,,,,,,
,,,,,,,,,,,,,
,,,,,,,,,,,,,
,,,,,,,,,,,,,
,,,,,,,,,,,,,
,,,,,,,,,,,,,
,,,,,,,,,,,,,
,,,,,,,,,,,,,
,,,,,,,,,,,,,
,,,,,,,,,,,,,
,,,,,,,,,,,,,
,,,,,,,,,,,,,
,,,,,,,,,,,,,
,,,,,,,,,,,,,
,,,,,,,,,,,,,
,,,,,,,,,,,,,
,,,,,,,,,,,,,
,,,,,,,,,,,,,
,,,,,,,,,,,,,
,,,,,,,,,,,,,
,,,,,,,,,,,,,
,,,,,,,,,,,,,
,,,,,,,,,,,,,
,,,,,,,,,,,,,
,,,,,,,,,,,,,
,,,,,,,,,,,,,
,,,,,,,,,,,,,
,,,,,,,,,,,,,
,,,,,,,,,,,,,
,,,,,,,,,,,,,
,,,,,,,,,,,,,
,,,,,,,,,,,,,
,,,,,,,,,,,,,
,,,,,,,,,,,,,
,,,,,,,,,,,,,
,,,,,,,,,,,,,
,,,,,,,,,,,,,
,,,,,,,,,,,,,
,,,,,,,,,,,,,
,,,,,,,,,,,,,
,,,,,,,,,,,,,
,,,,,,,,,,,,,
,,,,,,,,,,,,,
,,,,,,,,,,,,,
,,,,,,,,,,,,,
,,,,,,,,,,,,,
,,,,,,,,,,,,,
,,,,,,,,,,,,,
,,,,,,,,,,,,,
,,,,,,,,,,,,,
,,,,,,,,,,,,,
,,,,,,,,,,,,,
,,,,,,,,,,,,,
,,,,,,,,,,,,,
,,,,,,,,,,,,,
,,,,,,,,,,,,,
,,,,,,,,,,,,,
,,,,,,,,,,,,,
,,,,,,,,,,,,,
,,,,,,,,,,,,,
,,,,,,,,,,,,,
,,,,,,,,,,,,,
,,,,,,,,,,,,,
,,,,,,,,,,,,,
,,,,,,,,,,,,,
,,,,,,,,,,,,,
,,,,,,,,,,,,,
,,,,,,,,,,,,,
,,,,,,,,,,,,,
,,,,,,,,,,,,,
,,,,,,,,,,,,,
,,,,,,,,,,,,,
,,,,,,,,,,,,,
,,,,,,,,,,,,,
,,,,,,,,,,,,,
,,,,,,,,,,,,,
,,,,,,,,,,,,,
,,,,,,,,,,,,,
,,,,,,,,,,,,,
,,,,,,,,,,,,,
,,,,,,,,,,,,,
,,,,,,,,,,,,,
,,,,,,,,,,,,,
,,,,,,,,,,,,,
,,,,,,,,,,,,,
,,,,,,,,,,,,,
,,,,,,,,,,,,,
,,,,,,,,,,,,,
,,,,,,,,,,,,,
,,,,,,,,,,,,,
,,,,,,,,,,,,,
,,,,,,,,,,,,,
,,,,,,,,,,,,,
,,,,,,,,,,,,,
,,,,,,,,,,,,,
,,,,,,,,,,,,,
,,,,,,,,,,,,,
,,,,,,,,,,,,,
,,,,,,,,,,,,,
,,,,,,,,,,,,,
,,,,,,,,,,,,,
,,,,,,,,,,,,,
,,,,,,,,,,,,,
,,,,,,,,,,,,,
,,,,,,,,,,,,,
,,,,,,,,,,,,,
,,,,,,,,,,,,,
,,,,,,,,,,,,,
,,,,,,,,,,,,,
,,,,,,,,,,,,,
,,,,,,,,,,,,,
,,,,,,,,,,,,,
,,,,,,,,,,,,,
,,,,,,,,,,,,,
,,,,,,,,,,,,,
,,,,,,,,,,,,,
,,,,,,,,,,,,,
,,,,,,,,,,,,,
,,,,,,,,,,,,,
,,,,,,,,,,,,,
,,,,,,,,,,,,,
,,,,,,,,,,,,,
,,,,,,,,,,,,,
,,,,,,,,,,,,,
,,,,,,,,,,,,,
,,,,,,,,,,,,,
,,,,,,,,,,,,,
,,,,,,,,,,,,,
,,,,,,,,,,,,,
,,,,,,,,,,,,,
,,,,,,,,,,,,,
,,,,,,,,,,,,,
,,,,,,,,,,,,,
,,,,,,,,,,,,,
,,,,,,,,,,,,,
,,,,,,,,,,,,,
,,,,,,,,,,,,,
,,,,,,,,,,,,,
,,,,,,,,,,,,,
,,,,,,,,,,,,,
,,,,,,,,,,,,,
,,,,,,,,,,,,,
,,,,,,,,,,,,,
,,,,,,,,,,,,,
,,,,,,,,,,,,,
,,,,,,,,,,,,,
,,,,,,,,,,,,,
,,,,,,,,,,,,,
,,,,,,,,,,,,,
,,,,,,,,,,,,,
,,,,,,,,,,,,,
,,,,,,,,,,,,,
,,,,,,,,,,,,,
,,,,,,,,,,,,,
,,,,,,,,,,,,,
,,,,,,,,,,,,,
,,,,,,,,,,,,,
,,,,,,,,,,,,,
,,,,,,,,,,,,,
,,,,,,,,,,,,,
,,,,,,,,,,,,,
,,,,,,,,,,,,,
,,,,,,,,,,,,,
,,,,,,,,,,,,,
,,,,,,,,,,,,,
,,,,,,,,,,,,,
,,,,,,,,,,,,,
,,,,,,,,,,,,,
,,,,,,,,,,,,,
,,,,,,,,,,,,,
,,,,,,,,,,,,,
,,,,,,,,,,,,,
,,,,,,,,,,,,,
,,,,,,,,,,,,,
,,,,,,,,,,,,,
,,,,,,,,,,,,,
,,,,,,,,,,,,,
,,,,,,,,,,,,,
,,,,,,,,,,,,,
,,,,,,,,,,,,,
,,,,,,,,,,,,,
,,,,,,,,,,,,,
,,,,,,,,,,,,,
,,,,,,,,,,,,,
,,,,,,,,,,,,,
,,,,,,,,,,,,,
,,,,,,,,,,,,,
,,,,,,,,,,,,,
,,,,,,,,,,,,,
,,,,,,,,,,,,,
,,,,,,,,,,,,,
,,,,,,,,,,,,,
,,,,,,,,,,,,,
,,,,,,,,,,,,,
,,,,,,,,,,,,,
,,,,,,,,,,,,,
,,,,,,,,,,,,,
,,,,,,,,,,,,,
,,,,,,,,,,,,,
,,,,,,,,,,,,,
,,,,,,,,,,,,,
,,,,,,,,,,,,,
,,,,,,,,,,,,,
,,,,,,,,,,,,,
,,,,,,,,,,,,,
,,,,,,,,,,,,,
,,,,,,,,,,,,,
,,,,,,,,,,,,,
,,,,,,,,,,,,,
,,,,,,,,,,,,,
,,,,,,,,,,,,,
,,,,,,,,,,,,,
,,,,,,,,,,,,,
,,,,,,,,,,,,,
,,,,,,,,,,,,,
,,,,,,,,,,,,,
,,,,,,,,,,,,,
,,,,,,,,,,,,,
,,,,,,,,,,,,,
,,,,,,,,,,,,,
,,,,,,,,,,,,,
,,,,,,,,,,,,,
,,,,,,,,,,,,,
,,,,,,,,,,,,,
,,,,,,,,,,,,,
,,,,,,,,,,,,,
,,,,,,,,,,,,,
,,,,,,,,,,,,,
,,,,,,,,,,,,,
,,,,,,,,,,,,,
,,,,,,,,,,,,,
,,,,,,,,,,,,,
,,,,,,,,,,,,,
,,,,,,,,,,,,,
,,,,,,,,,,,,,
,,,,,,,,,,,,,
,,,,,,,,,,,,,
,,,,,,,,,,,,,
,,,,,,,,,,,,,
,,,,,,,,,,,,,
,,,,,,,,,,,,,
,,,,,,,,,,,,,
,,,,,,,,,,,,,
,,,,,,,,,,,,,
,,,,,,,,,,,,,
,,,,,,,,,,,,,
,,,,,,,,,,,,,
,,,,,,,,,,,,,
,,,,,,,,,,,,,
,,,,,,,,,,,,,
,,,,,,,,,,,,,
,,,,,,,,,,,,,
,,,,,,,,,,,,,
,,,,,,,,,,,,,
,,,,,,,,,,,,,
,,,,,,,,,,,,,
,,,,,,,,,,,,,
,,,,,,,,,,,,,
,,,,,,,,,,,,,
,,,,,,,,,,,,,
,,,,,,,,,,,,,
,,,,,,,,,,,,,
,,,,,,,,,,,,,
,,,,,,,,,,,,,
,,,,,,,,,,,,,
,,,,,,,,,,,,,
,,,,,,,,,,,,,
,,,,,,,,,,,,,
,,,,,,,,,,,,,
,,,,,,,,,,,,,
,,,,,,,,,,,,,
,,,,,,,,,,,,,
,,,,,,,,,,,,,
,,,,,,,,,,,,,
,,,,,,,,,,,,,
,,,,,,,,,,,,,
,,,,,,,,,,,,,
,,,,,,,,,,,,,
,,,,,,,,,,,,,
,,,,,,,,,,,,,
,,,,,,,,,,,,,
,,,,,,,,,,,,,
,,,,,,,,,,,,,
,,,,,,,,,,,,,
,,,,,,,,,,,,,
,,,,,,,,,,,,,
,,,,,,,,,,,,,
,,,,,,,,,,,,,
,,,,,,,,,,,,,
,,,,,,,,,,,,,
,,,,,,,,,,,,,
,,,,,,,,,,,,,
,,,,,,,,,,,,,
,,,,,,,,,,,,,
,,,,,,,,,,,,,
,,,,,,,,,,,,,
,,,,,,,,,,,,,
,,,,,,,,,,,,,
,,,,,,,,,,,,,
,,,,,,,,,,,,,
,,,,,,,,,,,,,
,,,,,,,,,,,,,
,,,,,,,,,,,,,
,,,,,,,,,,,,,
,,,,,,,,,,,,,
,,,,,,,,,,,,,
,,,,,,,,,,,,,
,,,,,,,,,,,,,
,,,,,,,,,,,,,
,,,,,,,,,,,,,
,,,,,,,,,,,,,
,,,,,,,,,,,,,
,,,,,,,,,,,,,
,,,,,,,,,,,,,
,,,,,,,,,,,,,
,,,,,,,,,,,,,
,,,,,,,,,,,,,
,,,,,,,,,,,,,
,,,,,,,,,,,,,
,,,,,,,,,,,,,
,,,,,,,,,,,,,
,,,,,,,,,,,,,
,,,,,,,,,,,,,
,,,,,,,,,,,,,
,,,,,,,,,,,,,
,,,,,,,,,,,,,
,,,,,,,,,,,,,
,,,,,,,,,,,,,
,,,,,,,,,,,,,
,,,,,,,,,,,,,
,,,,,,,,,,,,,
,,,,,,,,,,,,,
,,,,,,,,,,,,,
,,,,,,,,,,,,,
,,,,,,,,,,,,,
,,,,,,,,,,,,,
,,,,,,,,,,,,,
,,,,,,,,,,,,,
,,,,,,,,,,,,,
,,,,,,,,,,,,,
,,,,,,,,,,,,,
,,,,,,,,,,,,,
,,,,,,,,,,,,,
,,,,,,,,,,,,,
,,,,,,,,,,,,,
,,,,,,,,,,,,,
,,,,,,,,,,,,,
,,,,,,,,,,,,,
,,,,,,,,,,,,,
,,,,,,,,,,,,,
,,,,,,,,,,,,,
,,,,,,,,,,,,,
,,,,,,,,,,,,,
,,,,,,,,,,,,,
,,,,,,,,,,,,,
,,,,,,,,,,,,,
,,,,,,,,,,,,,
,,,,,,,,,,,,,
,,,,,,,,,,,,,
,,,,,,,,,,,,,
,,,,,,,,,,,,,
,,,,,,,,,,,,,
,,,,,,,,,,,,,
,,,,,,,,,,,,,
,,,,,,,,,,,,,
,,,,,,,,,,,,,
,,,,,,,,,,,,,
,,,,,,,,,,,,,
,,,,,,,,,,,,,
,,,,,,,,,,,,,
,,,,,,,,,,,,,
,,,,,,,,,,,,,
,,,,,,,,,,,,,
,,,,,,,,,,,,,
,,,,,,,,,,,,,
,,,,,,,,,,,,,
,,,,,,,,,,,,,
,,,,,,,,,,,,,
,,,,,,,,,,,,,
,,,,,,,,,,,,,
,,,,,,,,,,,,,
,,,,,,,,,,,,,
,,,,,,,,,,,,,
,,,,,,,,,,,,,
,,,,,,,,,,,,,
,,,,,,,,,,,,,
,,,,,,,,,,,,,
,,,,,,,,,,,,,
,,,,,,,,,,,,,
,,,,,,,,,,,,,
,,,,,,,,,,,,,
,,,,,,,,,,,,,
,,,,,,,,,,,,,
,,,,,,,,,,,,,
,,,,,,,,,,,,,
,,,,,,,,,,,,,
,,,,,,,,,,,,,
,,,,,,,,,,,,,
,,,,,,,,,,,,,
,,,,,,,,,,,,,
,,,,,,,,,,,,,
,,,,,,,,,,,,,
,,,,,,,,,,,,,
,,,,,,,,,,,,,
,,,,,,,,,,,,,
,,,,,,,,,,,,,
,,,,,,,,,,,,,
,,,,,,,,,,,,,
,,,,,,,,,,,,,
,,,,,,,,,,,,,
,,,,,,,,,,,,,
,,,,,,,,,,,,,
,,,,,,,,,,,,,
,,,,,,,,,,,,,
,,,,,,,,,,,,,
,,,,,,,,,,,,,
,,,,,,,,,,,,,
,,,,,,,,,,,,,
,,,,,,,,,,,,,
,,,,,,,,,,,,,
,,,,,,,,,,,,,
,,,,,,,,,,,,,
,,,,,,,,,,,,,
,,,,,,,,,,,,,
,,,,,,,,,,,,,
,,,,,,,,,,,,,
,,,,,,,,,,,,,
,,,,,,,,,,,,,
,,,,,,,,,,,,,
,,,,,,,,,,,,,
,,,,,,,,,,,,,
,,,,,,,,,,,,,
,,,,,,,,,,,,,
,,,,,,,,,,,,,
,,,,,,,,,,,,,
,,,,,,,,,,,,,
,,,,,,,,,,,,,
,,,,,,,,,,,,,
,,,,,,,,,,,,,
,,,,,,,,,,,,,
,,,,,,,,,,,,,
,,,,,,,,,,,,,
,,,,,,,,,,,,,
,,,,,,,,,,,,,
,,,,,,,,,,,,,
,,,,,,,,,,,,,
,,,,,,,,,,,,,
,,,,,,,,,,,,,
,,,,,,,,,,,,,
,,,,,,,,,,,,,
,,,,,,,,,,,,,
,,,,,,,,,,,,,
,,,,,,,,,,,,,
,,,,,,,,,,,,,
,,,,,,,,,,,,,
,,,,,,,,,,,,,
,,,,,,,,,,,,,
,,,,,,,,,,,,,
,,,,,,,,,,,,,
,,,,,,,,,,,,,
,,,,,,,,,,,,,
,,,,,,,,,,,,,
,,,,,,,,,,,,,
,,,,,,,,,,,,,
,,,,,,,,,,,,,
,,,,,,,,,,,,,
,,,,,,,,,,,,,
,,,,,,,,,,,,,
,,,,,,,,,,,,,
,,,,,,,,,,,,,
,,,,,,,,,,,,,
,,,,,,,,,,,,,
,,,,,,,,,,,,,
,,,,,,,,,,,,,
,,,,,,,,,,,,,
,,,,,,,,,,,,,
,,,,,,,,,,,,,
,,,,,,,,,,,,,
,,,,,,,,,,,,,
,,,,,,,,,,,,,
,,,,,,,,,,,,,
,,,,,,,,,,,,,
,,,,,,,,,,,,,
,,,,,,,,,,,,,
,,,,,,,,,,,,,
,,,,,,,,,,,,,
,,,,,,,,,,,,,
,,,,,,,,,,,,,
,,,,,,,,,,,,,
,,,,,,,,,,,,,
,,,,,,,,,,,,,
,,,,,,,,,,,,,
,,,,,,,,,,,,,
,,,,,,,,,,,,,
,,,,,,,,,,,,,
,,,,,,,,,,,,,
,,,,,,,,,,,,,
,,,,,,,,,,,,,
,,,,,,,,,,,,,
,,,,,,,,,,,,,
,,,,,,,,,,,,,
,,,,,,,,,,,,,
,,,,,,,,,,,,,
,,,,,,,,,,,,,
,,,,,,,,,,,,,
,,,,,,,,,,,,,
,,,,,,,,,,,,,
,,,,,,,,,,,,,
,,,,,,,,,,,,,
,,,,,,,,,,,,,
,,,,,,,,,,,,,
,,,,,,,,,,,,,
,,,,,,,,,,,,,
,,,,,,,,,,,,,
,,,,,,,,,,,,,
,,,,,,,,,,,,,
,,,,,,,,,,,,,
,,,,,,,,,,,,,
,,,,,,,,,,,,,
,,,,,,,,,,,,,
,,,,,,,,,,,,,
,,,,,,,,,,,,,
,,,,,,,,,,,,,
,,,,,,,,,,,,,
,,,,,,,,,,,,,
,,,,,,,,,,,,,
,,,,,,,,,,,,,
,,,,,,,,,,,,,
,,,,,,,,,,,,,
,,,,,,,,,,,,,
,,,,,,,,,,,,,
,,,,,,,,,,,,,
,,,,,,,,,,,,,
,,,,,,,,,,,,,
,,,,,,,,,,,,,
,,,,,,,,,,,,,
,,,,,,,,,,,,,
,,,,,,,,,,,,,
,,,,,,,,,,,,,
,,,,,,,,,,,,,
,,,,,,,,,,,,,
,,,,,,,,,,,,,
,,,,,,,,,,,,,
,,,,,,,,,,,,,
,,,,,,,,,,,,,
,,,,,,,,,,,,,
,,,,,,,,,,,,,
,,,,,,,,,,,,,
,,,,,,,,,,,,,
,,,,,,,,,,,,,
,,,,,,,,,,,,,
,,,,,,,,,,,,,
,,,,,,,,,,,,,
,,,,,,,,,,,,,
,,,,,,,,,,,,,
,,,,,,,,,,,,,
,,,,,,,,,,,,,
,,,,,,,,,,,,,
,,,,,,,,,,,,,
,,,,,,,,,,,,,
,,,,,,,,,,,,,
,,,,,,,,,,,,,
,,,,,,,,,,,,,
,,,,,,,,,,,,,
,,,,,,,,,,,,,
,,,,,,,,,,,,,
,,,,,,,,,,,,,
,,,,,,,,,,,,,
,,,,,,,,,,,,,
,,,,,,,,,,,,,
,,,,,,,,,,,,,
,,,,,,,,,,,,,
,,,,,,,,,,,,,
,,,,,,,,,,,,,
,,,,,,,,,,,,,
,,,,,,,,,,,,,
,,,,,,,,,,,,,
,,,,,,,,,,,,,
,,,,,,,,,,,,,
,,,,,,,,,,,,,
,,,,,,,,,,,,,
,,,,,,,,,,,,,
,,,,,,,,,,,,,
,,,,,,,,,,,,,
,,,,,,,,,,,,,
,,,,,,,,,,,,,
,,,,,,,,,,,,,
,,,,,,,,,,,,,
,,,,,,,,,,,,,
,,,,,,,,,,,,,
,,,,,,,,,,,,,
,,,,,,,,,,,,,
,,,,,,,,,,,,,
,,,,,,,,,,,,,
,,,,,,,,,,,,,
,,,,,,,,,,,,,
,,,,,,,,,,,,,
,,,,,,,,,,,,,
,,,,,,,,,,,,,
,,,,,,,,,,,,,
,,,,,,,,,,,,,
,,,,,,,,,,,,,
,,,,,,,,,,,,,
,,,,,,,,,,,,,
,,,,,,,,,,,,,
,,,,,,,,,,,,,
,,,,,,,,,,,,,
,,,,,,,,,,,,,
,,,,,,,,,,,,,
,,,,,,,,,,,,,
,,,,,,,,,,,,,
,,,,,,,,,,,,,
,,,,,,,,,,,,,
,,,,,,,,,,,,,
,,,,,,,,,,,,,
,,,,,,,,,,,,,
,,,,,,,,,,,,,
,,,,,,,,,,,,,
,,,,,,,,,,,,,
,,,,,,,,,,,,,
,,,,,,,,,,,,,
,,,,,,,,,,,,,
,,,,,,,,,,,,,
,,,,,,,,,,,,,
,,,,,,,,,,,,,
,,,,,,,,,,,,,
,,,,,,,,,,,,,
,,,,,,,,,,,,,
,,,,,,,,,,,,,
,,,,,,,,,,,,,
,,,,,,,,,,,,,
,,,,,,,,,,,,,
,,,,,,,,,,,,,
,,,,,,,,,,,,,
,,,,,,,,,,,,,
,,,,,,,,,,,,,
,,,,,,,,,,,,,
,,,,,,,,,,,,,
,,,,,,,,,,,,,
,,,,,,,,,,,,,
,,,,,,,,,,,,,
,,,,,,,,,,,,,
,,,,,,,,,,,,,
,,,,,,,,,,,,,
,,,,,,,,,,,,,
,,,,,,,,,,,,,
,,,,,,,,,,,,,
,,,,,,,,,,,,,
,,,,,,,,,,,,,
,,,,,,,,,,,,,
,,,,,,,,,,,,,
,,,,,,,,,,,,,
,,,,,,,,,,,,,
,,,,,,,,,,,,,
,,,,,,,,,,,,,
,,,,,,,,,,,,,
,,,,,,,,,,,,,
,,,,,,,,,,,,,
,,,,,,,,,,,,,
,,,,,,,,,,,,,
,,,,,,,,,,,,,
,,,,,,,,,,,,,
,,,,,,,,,,,,,
,,,,,,,,,,,,,
,,,,,,,,,,,,,
,,,,,,,,,,,,,
,,,,,,,,,,,,,
,,,,,,,,,,,,,
,,,,,,,,,,,,,
,,,,,,,,,,,,,
,,,,,,,,,,,,,
,,,,,,,,,,,,,
,,,,,,,,,,,,,
,,,,,,,,,,,,,
,,,,,,,,,,,,,
,,,,,,,,,,,,,
,,,,,,,,,,,,,
,,,,,,,,,,,,,
,,,,,,,,,,,,,
,,,,,,,,,,,,,
,,,,,,,,,,,,,
,,,,,,,,,,,,,
,,,,,,,,,,,,,
,,,,,,,,,,,,,
,,,,,,,,,,,,,
,,,,,,,,,,,,,
,,,,,,,,,,,,,
,,,,,,,,,,,,,
,,,,,,,,,,,,,
,,,,,,,,,,,,,
,,,,,,,,,,,,,
,,,,,,,,,,,,,
,,,,,,,,,,,,,
,,,,,,,,,,,,,
,,,,,,,,,,,,,
,,,,,,,,,,,,,
,,,,,,,,,,,,,
,,,,,,,,,,,,,
,,,,,,,,,,,,,
,,,,,,,,,,,,,
,,,,,,,,,,,,,
,,,,,,,,,,,,,
,,,,,,,,,,,,,
,,,,,,,,,,,,,
,,,,,,,,,,,,,
,,,,,,,,,,,,,
,,,,,,,,,,,,,
,,,,,,,,,,,,,
,,,,,,,,,,,,,
,,,,,,,,,,,,,
,,,,,,,,,,,,,
,,,,,,,,,,,,,
,,,,,,,,,,,,,
,,,,,,,,,,,,,
,,,,,,,,,,,,,
,,,,,,,,,,,,,
,,,,,,,,,,,,,
,,,,,,,,,,,,,
,,,,,,,,,,,,,
,,,,,,,,,,,,,
,,,,,,,,,,,,,
,,,,,,,,,,,,,
,,,,,,,,,,,,,
,,,,,,,,,,,,,
,,,,,,,,,,,,,
,,,,,,,,,,,,,
,,,,,,,,,,,,,
,,,,,,,,,,,,,
,,,,,,,,,,,,,
,,,,,,,,,,,,,
,,,,,,,,,,,,,
,,,,,,,,,,,,,
,,,,,,,,,,,,,
,,,,,,,,,,,,,
,,,,,,,,,,,,,
,,,,,,,,,,,,,
,,,,,,,,,,,,,
,,,,,,,,,,,,,
,,,,,,,,,,,,,
,,,,,,,,,,,,,
,,,,,,,,,,,,,
,,,,,,,,,,,,,
,,,,,,,,,,,,,
,,,,,,,,,,,,,
,,,,,,,,,,,,,
,,,,,,,,,,,,,
,,,,,,,,,,,,,
,,,,,,,,,,,,,
,,,,,,,,,,,,,
,,,,,,,,,,,,,
,,,,,,,,,,,,,
,,,,,,,,,,,,,
,,,,,,,,,,,,,
,,,,,,,,,,,,,
,,,,,,,,,,,,,
,,,,,,,,,,,,,
,,,,,,,,,,,,,
,,,,,,,,,,,,,
,,,,,,,,,,,,,
,,,,,,,,,,,,,
,,,,,,,,,,,,,
,,,,,,,,,,,,,
,,,,,,,,,,,,,
,,,,,,,,,,,,,
,,,,,,,,,,,,,
,,,,,,,,,,,,,
,,,,,,,,,,,,,
,,,,,,,,,,,,,
,,,,,,,,,,,,,
,,,,,,,,,,,,,
,,,,,,,,,,,,,
,,,,,,,,,,,,,
,,,,,,,,,,,,,
,,,,,,,,,,,,,
,,,,,,,,,,,,,
,,,,,,,,,,,,,
,,,,,,,,,,,,,
,,,,,,,,,,,,,
,,,,,,,,,,,,,
,,,,,,,,,,,,,
,,,,,,,,,,,,,
,,,,,,,,,,,,,
,,,,,,,,,,,,,
,,,,,,,,,,,,,
,,,,,,,,,,,,,
,,,,,,,,,,,,,
,,,,,,,,,,,,,
,,,,,,,,,,,,,
,,,,,,,,,,,,,
,,,,,,,,,,,,,
,,,,,,,,,,,,,
,,,,,,,,,,,,,
,,,,,,,,,,,,,
,,,,,,,,,,,,,
,,,,,,,,,,,,,
,,,,,,,,,,,,,
,,,,,,,,,,,,,
,,,,,,,,,,,,,
,,,,,,,,,,,,,
,,,,,,,,,,,,,
,,,,,,,,,,,,,
,,,,,,,,,,,,,
,,,,,,,,,,,,,
,,,,,,,,,,,,,
,,,,,,,,,,,,,
,,,,,,,,,,,,,
,,,,,,,,,,,,,
,,,,,,,,,,,,,
,,,,,,,,,,,,,
,,,,,,,,,,,,,
,,,,,,,,,,,,,
,,,,,,,,,,,,,
,,,,,,,,,,,,,
,,,,,,,,,,,,,
,,,,,,,,,,,,,
,,,,,,,,,,,,,
,,,,,,,,,,,,,
,,,,,,,,,,,,,
,,,,,,,,,,,,,
,,,,,,,,,,,,,
,,,,,,,,,,,,,
,,,,,,,,,,,,,
,,,,,,,,,,,,,
,,,,,,,,,,,,,
,,,,,,,,,,,,,
,,,,,,,,,,,,,
,,,,,,,,,,,,,
,,,,,,,,,,,,,
,,,,,,,,,,,,,
,,,,,,,,,,,,,
,,,,,,,,,,,,,
,,,,,,,,,,,,,
,,,,,,,,,,,,,
,,,,,,,,,,,,,
,,,,,,,,,,,,,
,,,,,,,,,,,,,
,,,,,,,,,,,,,
,,,,,,,,,,,,,
,,,,,,,,,,,,,
,,,,,,,,,,,,,
,,,,,,,,,,,,,
,,,,,,,,,,,,,
,,,,,,,,,,,,,
,,,,,,,,,,,,,
,,,,,,,,,,,,,
,,,,,,,,,,,,,
,,,,,,,,,,,,,
,,,,,,,,,,,,,
,,,,,,,,,,,,,
,,,,,,,,,,,,,
,,,,,,,,,,,,,
,,,,,,,,,,,,,
,,,,,,,,,,,,,
,,,,,,,,,,,,,
,,,,,,,,,,,,,
,,,,,,,,,,,,,
,,,,,,,,,,,,,
,,,,,,,,,,,,,
,,,,,,,,,,,,,
,,,,,,,,,,,,,
,,,,,,,,,,,,,
,,,,,,,,,,,,,
,,,,,,,,,,,,,
,,,,,,,,,,,,,
,,,,,,,,,,,,,
,,,,,,,,,,,,,
,,,,,,,,,,,,,
,,,,,,,,,,,,,
,,,,,,,,,,,,,
,,,,,,,,,,,,,
,,,,,,,,,,,,,
,,,,,,,,,,,,,
,,,,,,,,,,,,,
,,,,,,,,,,,,,
,,,,,,,,,,,,,
,,,,,,,,,,,,,
,,,,,,,,,,,,,
,,,,,,,,,,,,,
,,,,,,,,,,,,,
,,,,,,,,,,,,,
,,,,,,,,,,,,,
,,,,,,,,,,,,,
,,,,,,,,,,,,,
,,,,,,,,,,,,,
,,,,,,,,,,,,,
,,,,,,,,,,,,,
,,,,,,,,,,,,,
,,,,,,,,,,,,,
,,,,,,,,,,,,,
,,,,,,,,,,,,,
,,,,,,,,,,,,,
,,,,,,,,,,,,,
,,,,,,,,,,,,,
,,,,,,,,,,,,,
,,,,,,,,,,,,,
,,,,,,,,,,,,,
,,,,,,,,,,,,,
,,,,,,,,,,,,,
,,,,,,,,,,,,,
,,,,,,,,,,,,,
,,,,,,,,,,,,,
,,,,,,,,,,,,,
,,,,,,,,,,,,,
,,,,,,,,,,,,,
,,,,,,,,,,,,,
,,,,,,,,,,,,,
,,,,,,,,,,,,,
,,,,,,,,,,,,,
,,,,,,,,,,,,,
,,,,,,,,,,,,,
,,,,,,,,,,,,,
,,,,,,,,,,,,,
,,,,,,,,,,,,,
,,,,,,,,,,,,,
,,,,,,,,,,,,,
,,,,,,,,,,,,,
,,,,,,,,,,,,,
,,,,,,,,,,,,,
,,,,,,,,,,,,,
,,,,,,,,,,,,,
,,,,,,,,,,,,,
,,,,,,,,,,,,,
,,,,,,,,,,,,,
,,,,,,,,,,,,,
,,,,,,,,,,,,,
,,,,,,,,,,,,,
,,,,,,,,,,,,,
,,,,,,,,,,,,,
,,,,,,,,,,,,,
,,,,,,,,,,,,,
,,,,,,,,,,,,,
,,,,,,,,,,,,,
,,,,,,,,,,,,,
,,,,,,,,,,,,,
,,,,,,,,,,,,,
,,,,,,,,,,,,,
,,,,,,,,,,,,,
,,,,,,,,,,,,,
,,,,,,,,,,,,,
,,,,,,,,,,,,,
,,,,,,,,,,,,,
