Commodity Group Id,Group Name,Group Abbreviation,Group Type,Commodity Abbreviations,Product Abbreviations
1,Alumina,ALUM,Commodity Group,"Al2O3, Al2O3Fused, Al2O3Bayer, Al, AlF3, Bx, Cry",
53,ALUNITE,118,Target Commodity Group,"Alu, K2O, Gp",Alu
37,ANDALUSITE - KYANITE - SILLIMANITE - CORUNDUM,101,Target Commodity Group,"And, Ky, Sil, Core, Cor","Ky, Sil, Core, Cor"
23,ANTIMONY,61,Target Commodity Group,Sb,"SbCONC, Sb"
38,ARSENIC,102,Target Commodity Group,As,AsCONC
24,ASBESTOS,62,Target Commodity Group,"Asb, Asbs, Asbr, Ath, Tr, Srp","ASBCNC, AsbOre"
39,BARITE,103,Target Commodity Group,"Brt, Jasp, Aggc",BaORE
2,Base metal,BAME,Commodity Group,"Sb, Cu, Cu equiv, Pb, Pb+Zn, Zn, Zn equiv, Au, Ag",
25,BAUXITE - ALUMINA,64,Target Commodity Group,"Al2O3Bayer, Bx, Al, Al2O3Fused, Ga, AlF3, Fl, SiO2-react, LOI, Fe2O3, TiO2, Al2O3, SiO2","BXORE, Al2O3Bayer, GAORE"
40,BISMUTH,104,Target Commodity Group,Bi,"BiCONC, Bi"
60,CHEMICALS,127,Target Commodity Group,"NaCN, ChlorAlka, ZrO2, Al2O3Fused, ZrO2-fused, NH4NO3, NH4, HNO3",
26,CHROMITE - PLATINOIDS,66,Target Commodity Group,"Cr2O3, Pt, Pd, Rh, PGE, PGE+Au, Au, Ni, Cu, Cr, Pb, Zn, Ag, Fe2O3, Fe, FeCr, Al2O3, SiO2, Chr, Co, Ir","CrOre, CrCONC, PGE, PGEOre"
41,CLAYS,105,Target Commodity Group,"Atta, Bent, Kln, Spn, Mnt, Cyce, Clay-white, Cyfi, Clay, Shale, Cement, Brick, Sd, Al, Fe, Ti, Al2O3, Fe2O3, K2O, Hly, SiO2, LOI, Na2O, Cyf","Atta, Cyce, Cyfi, Kln, Shale, Clay-white, Spn, Bent, IndClay"
13,COAL,9,Target Commodity Group,"Coal, Lignite, CBM, Char","Coal, Shale, Char"
3,Construction material,COMA,Commodity Group,"Aggc, Aggd, Aggf, Aggm, Agg, Ball, Bas, BlackGran, Brick, Brck, Cement, Cybk, Cyce, Cydo, Cyfi, IndClay, Clay, Clay-white, Cgl, Cmat, Dst, Dlt, Gran, Gvl, Fest, Lsd, Lst, Lst-Lsd, Marb, Nsy, OrnStone, Peg, PisoGravel, Qtze, RoadMetal, Sdc, Sd, Sdst, Shell, Shale, Slate, Soil, Sto, Trvn, Gab, OrbicGran, Dior, Froc, LstMet","Aggm, Aglime, LstAgConN"
35,CONSTRUCTION MATERIALS,90,Target Commodity Group,"Agg, Gvl, Sd, Sdc, Sisd, Aggc, Brck, Soil, Lst, Lst-Lsd, Cement, Dst, Shale, Dlt, Bx, Au, V2O5, V, TiO2, Fe, Al2O3Bayer, SiO2-react, Marb, Slate, OrbicGran, Dol, Clay, Aglime, Sdst, Aggf, tst","Agg, Gvl, Aggc, Sd, Lst, Lsd, Sisd, Gran, Gp, Brck, Aggm, Slate, Aglime, Clay, Sdst"
19,COPPER - LEAD - ZINC,57,Target Commodity Group,"Zn, Cu, Pb, Ag, Au, Sb, U, Fe, Mag, Mo, Co, Ba, Fl, Cd, W, PGE, Ni, WO3, Gvl, V, Zn equiv, Cu equiv, Au equiv, Pb+Zn, S, Pd, Pt, Bi","CuCATH, CuCONC, CuFERT, CuOre, CUOTHR, PbCONC, PbOre, ZnCONC, ZnFERT, AgCONC, AUORE, AUALL, CuZnOre, CuPbZnOre, CuPbZnWOre, ZnOre, CuPbZnTAILS"
14,DIAMOND,18,Target Commodity Group,"Dmdg, Dmdi, Dmd, Gvl, Au",DIAORE
42,DIATOMITE - SPONGOLITE,106,Target Commodity Group,"Diat, Spon","Diat, Spon"
43,DIMENSION STONE,107,Target Commodity Group,"Dst, Sdst, Qtze, Lst, CaO, BlackGran, Gran, Marb, Dlt, Slate, Spon, Jasp, TiEye, Lpd, Gab, Srp, OrbicGran, OrnStone, Dior, Froc, Chert, Chertr","BlackGran, Gran, Spon, Sdst, Lst, Qtze, Agg, Jasp, Marb, Lpd, Srp, OrbicGran, OrnStone, ChertDst, LstDst"
44,DOLOMITE,108,Target Commodity Group,"Dol, Cydo, MgO, CaO","Dol, Cydo, Gp"
4,Energy,ENER,Commodity Group,"Aga, C, Cbl, Cbr, Char, Coal, CBM, Condensate, Crude oil, Lignite, LNG, LPG-Butane, Propane, Methanol, NaturalGas, Oil shale, Power, Th, U, U3O8, UCG",
45,FLUORITE,109,Target Commodity Group,"Fl, CaF2",
27,GEM & SEMI-PRECIOUS STONES,69,Target Commodity Group,"Brle, Qtza, Opalc, Tur, Chrp, Mal, TiEye, Jasp, Zeb, Qtzr, Aga, Clc, Brt, Vrs, Qtz, Mossopal, Jar, Chert, Cal, Prh, Lapid-Rock, Gdl, MgCO3, Jade, Nephrite, Mag, Mookaite, Agam, Opalg, Act, CuSpec, Core, Amaz, Moonstone, Toz, Qtzc, Cors, Corr, Trq, Rdn, Ccl, Az, NativeCu, OrbicGran, Elb, Rubel, Srl, Drv, Phk, Spd, Ptl, Lpd, Qtzg, Fire opal, Siloph, Dir, Dig, Clcr, Chia, And, Cbe, Alex, TiIron, MgsNi, Basm, Unakite, Gru, Corg, FlSpec, FeSpec, SulSpec, Prehg, Vrsg, BlackJade, PilbJade, Tlc, Srp, Crd, Magcryst","Brle, Aga, Qtza, Clc, Chrp, Jasp, Mal, Tur, Vrs, Zeb, Jar, Qtze, RQUATZ, MgCO3, Prh, Nephrite, Magcryst, Mookaite, Agam, Opalc, Opalg, Lapid-Rock, CuSpec, Core, Gdl, Toz, Chert, Dig, BlackJade, PilbJade"
15,GOLD,24,Target Commodity Group,"Au, Ag, Cu, Ni, Co, Pb, Zn, Pd, Pt, WO3, PGE, Cr, Mo, Sb, As, Sd, Soil, H2O, Cement, Cali, W+Mo, Aggc, Qtz, Power, Dol, Agg, SiO2, Lst, Gvl, Au equiv, S, Bi, W","AUORE, AUALL, AUDOL, AUTAIL, AUOTHR, PbOre, CuCONC, Sd, Agg, Gvl, TaCONC, Aggc, NiMATT, Lst"
46,GRAPHITE,110,Target Commodity Group,"Gr, TGC, MgCO3, C",Gr
58,GREENSAND - GLAUCONITE,125,Target Commodity Group,"Glt, K2O, P2O5, CaO",GRNSND
16,GYPSUM,25,Target Commodity Group,"Gp, Alu, Cydo, Lst, Salt","Gp, Salt, Cydo"
20,HEAVY MINERAL SANDS,58,Target Commodity Group,"Ilm, HM, Leu, Ti, Rt, Zrn, Mnz, Xen, Grt, Ky, St, IlmRt-syn, Slimes, TiO2, ZrO2, ZrO2-fused, Fe, Tur, Ant","HMORE, HMCONC, GARCNC, ILMCNC, LEUCNC, MONCNC, RUTCNC, S.RTCN, ILMRED, XENCNC, ZIRCNC, STACNC, ILMFED"
5,Industrial mineral,INMI,Commodity Group,"Aglime, Alu, And, Anh, Ath, Ap, As, Asba, Asbs, Asbr, Asb, Atta, Brt, Ba, Bent, Bor, B, Cal, Ca, CaCO3, Cali, Cnl, Cls, Chalk, Chert, Chl, Core, Cor, Crs, Dmdi, Diat, Dol, Eva, Fel, F, Fl, Cyf, Grt, Glt, Gr, Gp, Hly, Hem-MIO, Jar, Kln, Ky, Lpd, CaO, Mn-EMD, MnSO4, Hg, Mica, Mnpg, Mnt, Ochre, Ol, Plg, Peat, Perl, Phos, P, K2O, K, K2SO4, Pz, Prh, Pumice, Py, Prl, Qtz, Salt, Sdf, Spn, Se, Sep, Srp, SiO2, SiO2-react, Si-flour, Sisd, Si, Sil, Soda ash, Spl, Spon, St, S, Syl, Tlc, Te, Trn, Vrs, Vrm, Wo, Zeol, Zoisite, Tr, MgCO3, LsdSsdMet, LstMet, CaF2, LOI, TGC, Na2O, Ant, K2CO3, KCl, KN03, KOH, KClO3, KMnO4, K2SO4MgSO4, MgCl2, MgSO4, Mg(OH)2, tst, Bittern","Cor, Phos, Core, PyORE, PyCONC, SiO2, Fl, Aglime, LstMet, LsdSsdMet"
32,INDUSTRIAL PEGMATITE MINERALS,83,Target Commodity Group,"Mica, Ta, Sn, Brl, Fel, Qtz, BeO, Tur, K+Na, Al2O3, Fe2O3, Lpd","Fel, FELCNC, Mica, MICCNC, Qtz, Brl, Agg, Sd"
6,Iron,IRON,Commodity Group,"Hem, Fe, FeCalcined, Fe-DRI, Fe2O3, FeMagnetic, PigIron, FeOre, Fe-Pellets, FE2O3AL2O3, Mag, Steel",
17,IRON ORE,26,Target Commodity Group,"Fe, Mag, FeMagnetic, DTR, Mn, P, P2O5, Al2O3, SiO2, S, LOI, MgO, FeOre, Fe-DRI, Fe-Pellets, PigIron, Steel, Agg, Gvl, Power, FeCalcined, V2O5, TiO2, Phos, Ni, Co, Cr, CaO, Hem, Hem-MIO, Fe2O3, Tmt","FEDOM, FEEXP, MagConc, FEFLUX, Fe-Pellets, PigIron, Crude oil, NaturalGas, Aggc, Sisd, MnOre, FeOremined"
34,LIMESTONE - LIMESAND,89,Target Commodity Group,"CaCO3, Cali, Lst-Lsd, Lst, Lsd, Shell, Cement, Agg, Ca, Sd, CaO, Chalk, MgCO3, SiO2, Brick, Cal, Aglime, LstMet, LsdSsdMet","Lsd, Aggc, Gvl, Shell, Lst, Sd, Cal, Aglime, LsdSsdMet, LstMet, LstAgConN"
47,MAGNESITE,111,Target Commodity Group,"MgCO3, MgO, Mg, Dol, SiO2, CaO",
21,MANGANESE ORE,59,Target Commodity Group,"Mn, Fe, MnOre, MnSO4, Mn-EMD, SiO2, Al2O3, P, Pb, Al, Si, S, LOI, P2O5","MnOre, MnOre (Bulk)"
36,NICKEL,92,Target Commodity Group,"Ni, Cu, Co, Au, Pt, Pd, PGE, Cr2O3, Ag, Pb, Zn, MgO, Mg, Al, Fe, Mag, SiO2, Gvl, Lst, Cali, Sd, Agg, Fe2O3, Mn, S, Ca, Ru, Cr, Carb, As, Sc, Ni equiv","NiCONC, NiMATT, NiOre, AUORE, CUOTHR, NiSULF, CuSULF, CoS, Sd"
54,OTHER,119,Target Commodity Group,"Au, ChlorAlka, NaCN, Timber, H2O, Fe, Power",
7,Other (MINEDEX non-minerals),OTH,Commodity Group,"K+Na, NH4, NH4NO3, ChlorAlka, DME, Flux, GTL, GTL-Fuels, LOI, Nitrate, HNO3, Slimes, NaCN, Timber, UN, Urea, H2O",
18,PEAT,40,Target Commodity Group,Peat,Peat
59,PETROCHEMICALS,126,Target Commodity Group,"GTL, GTL-Fuels, NH4, Urea, NH4NO3, HNO3, ChlorAlka, DME, Methanol, LNG",
57,PETROLEUM,124,Target Commodity Group,"Condensate, Crude oil, LNG, LPG-Butane, Propane, NaturalGas","LPG-Butane, Condensate, Crude oil, LNG, NaturalGas, Propane"
55,PHOSPHATE,120,Target Commodity Group,"P, P2O5, Phos, FE2O3AL2O3, Nb2O5, Ta2O5, Y2O3, REO, Vrs",Phos
56,PIGMENTS,121,Target Commodity Group,"Ochre, Hem-MIO, Fe, Fe2O3","Hem-MIO, Ochre, Fe, Mio1"
48,POTASH,112,Target Commodity Group,"K2O, K, K2SO4, K2CO3, KCl, KN03, KOH, KClO3, KMnO4, K2SO4MgSO4, MgSO4, Mg(OH)2, Cnl","K2SO4, KN03"
8,Precious metal,PRME,Commodity Group,"Au, Au equiv, Ir, Os, Pd, Pt, PGE, PGE+Au, Rh, Ru, Ag, Co",
9,Precious mineral,PRMI,Commodity Group,"Amaz, Arck, Brla, Brle, Brlh, Brlm, Brl, Clcc, Clco, Clcp, Clc, Chrp, Corr, Cors, Dmdg, Dmd, Gems, Jade, Jasp, Lapid-Rock, Moonstone, Agam, Mossopal, Opalg, Opalc, PetWood, Qtza, Qtzc, Qtzr, Qtzs, Rdn, Spr, Theg, TiEye, Toz, Tur, Trq, Zeb, Nephrite, Mal, Mookaite, CuSpec, Gdl, Aga, Chert, Ccl, Az, NativeCu, OrbicGran, Elb, Rubel, Srl, Drv, Phk, Spd, Ptl, Lpd, Qtzg, Qtz, Fire opal, Siloph, Dir, Dig, Clcr, Chia, And, Cbe, Alex, TiIron, MgsNi, Basm, Unakite, Gru, Corg, FlSpec, GtSpec, FeSpec, SulSpec, Prehg, Vrsg, BlackJade, PilbJade, Tlc, Crd","Gdl, CuSpec, Vrsg"
28,PYRITE - SULFUR,76,Target Commodity Group,"S, Fe, Zn, Cu, Pb, Jar","PyORE, PyCONC"
22,RARE EARTHS,60,Target Commodity Group,"REE, REO, LREE, HREE, Sc, Sc2O3, Y, Y2O3, La, La2O3, Ce, CeO2, Pr, Pr2O3, Nd, Nd2O3, Dy2O3, Dy, Sm, Sm2O3, Eu, Eu2O3, Zr, Xen, Ga, Ga2O5, Sn, SnO2, Nb, Nb2O5, Ta, Ta2O5, Gd, Gd2O3, Tb, Tb2O3, ZrO2, ZrO2-fused, TiO2, Fe2O3, P2O5, Hf, HfO2, Brl, U, U3O8, Th, ThO2, Al2O3, Pm, Pm2O3, Ho, Ho2O3, Er, Er2O3, Tm, Tm2O3, Yb, Yb2O3, Lu, Lu2O3, Zrn","REEore, GAORE, REEconc"
49,SALT,114,Target Commodity Group,"Salt, Gp, Gvl, Soil, Aggc, Sd, MgCl2, Bittern","Salt, Gp"
50,SILICA - SILICA SAND,115,Target Commodity Group,"SiO2, Sd, Sisd, Qtze, Chert, Si, Gvl, Ni, Fe2O3, TiO2, Slimes, Al2O3, HM, Qtz, LOI","Qtze, Sisd, Gvl, Sd, SiO2, Sin"
61,SILVER,128,Target Commodity Group,"Ag, Au, Cu, Zn, Pb, Au equiv, Hg","AGORE, AgCONC"
11,Speciality metal,SPME,Commodity Group,"Be, BeO, Bi, Cd, Cst, Ce, Cs, Gdl, Gd, Ga, Ge, Hf, HfO2, HM, Ilm, In, La, La2O3, Leu, Li, Li2O, MgO, MgCO3, Mg, Mnsd, Mnz, REE, REO, LREE, HREE, Nd, Nb, Nb2O5, Ra, Re, Rt, IlmRt-syn, Sc, Spd, SpdConc, Sr, Ta+Nb, Ta, Ta2O5, Tl, Sn, SnO2, Ti, TiO2, Xen, Y, Y2O3, Zrn, ZrO2, ZrO2-fused, Zr, CeO2, Pr, Pr2O3, Nd2O3, Sm2O3, Dy, Dy2O3, Eu2O3, Tb2O3, Sc2O3, Gd2O3, Pm, Pm2O3, Sm, Eu, Tb, Ho, Er, Er2O3, Tm, Tm2O3, Yb, Yb2O3, Lu, Lu2O3, Ptl, Cs2O, Rb2O, K2O, TaNb2O5, LOI, P, S, Rb, Plc","LiOH, Li2CO3, LiTaSnOre, CsOre, FhSMOre, KFeld"
12,Steel alloy metal,STAM,Commodity Group,"Cr, Cr2O3, Co, FeCr, Mn, MnOre, MoS2, Mo, Ni, W, WO3, W+Mo, V, V2O5, S, NiSO4, Ni equiv, Ag","SchCONC, WOLFRAM, MolyConc, V2O5, FeV"
51,TALC,116,Target Commodity Group,"Tlc, Prl",Tlc
29,TIN - TANTALUM - LITHIUM,78,Target Commodity Group,"SnO2, Sn, Ta2O5, Ta, Nb2O5, Nb, Spd, Li, Kln, Brl, Ta+Nb, WO3, W, SpdConc, Fel, Fe2O3, Li2O, P2O5, Ptl, Frg, Clb, Ttl, TaNb2O5, Rb, Cs, Fe, Al2O3, CaO, S, SiO2, Cs2O, K2O, Rb2O, Plc","SpdConc, SnCONC, TaCONC, TaNbCN, Kln, Ptl Conc, NbCONC, SpdOre, TaOre, SnORE, LiOH, LiTaSnOre, Li2CO3, FhSMOre"
33,TUNGSTEN - MOLYBDENUM,87,Target Commodity Group,"WO3, W, Mo, Cu, Sb, V2O5, Au, W+Mo, Ta, Ag","WOLFRAM, SchCONC, MolyConc, WOre, MoOre, AUORE"
62,UNASSIGNED,129,Target Commodity Group,,
30,URANIUM,80,Target Commodity Group,"U3O8, U, Th, V2O5, V, Cu, Pb, Zn, Co, Ni, Sc",
31,VANADIUM - TITANIUM,81,Target Commodity Group,"V, V2O5, Ti, TiO2, Fe, Fe2O3, Mag, MgCO3, Ap, Au, Mica, Al2O3, SiO2, Ni, Cu, Co, LOI, P, S","VTiORE, V2O5, FeV, MgCO3, MICCNC"
52,VERMICULITE,117,Target Commodity Group,Vrm,Vrm
